"Дата операции";"Дата платежа";"Номер карты";"Статус";"Сумма операции";"Валюта операции";"Сумма платежа";"Валюта платежа";"Кэшбэк";"Категория";"MCC";"Описание";"Бонусы (включая кэшбэк)";"Округление на инвесткопилку";"Сумма операции с округлением"
"28.04.2026 13:37:09";"28.04.2026";"*4531";"OK";"-20000,00";"RUB";"-20000,00";"RUB";"";"Переводы";"";"Юлия С.";"0,00";"0,00";"-20000,00"
"28.04.2026 13:27:14";"28.04.2026";"*4531";"OK";"20000,00";"RUB";"20000,00";"RUB";"";"Переводы";"";"Пополнение. ИНДИВИДУАЛЬНЫЙ ПРЕДПРИНИМАТЕЛЬ ВАСИН ДМИТРИЙ ВЯЧЕСЛАВОВИЧ";"0,00";"0,00";"20000,00"
"27.04.2026 18:53:28";"27.04.2026";"";"OK";"-1792,26";"RUB";"-1792,26";"RUB";"";"Супермаркеты";"5411";"Магнит";"0,00";"0,00";"-1792,26"
"27.04.2026 18:52:08";"27.04.2026";"*6731";"OK";"7000,00";"RUB";"7000,00";"RUB";"";"Переводы";"";"Пополнение. ИНДИВИДУАЛЬНЫЙ ПРЕДПРИНИМАТЕЛЬ ВАСИН ДМИТРИЙ ВЯЧЕСЛАВОВИЧ";"0,00";"0,00";"7000,00"
"27.04.2026 17:38:29";"27.04.2026";"*4531";"OK";"-3264,20";"RUB";"-3264,20";"RUB";"";"Переводы";"";"Дмитрий В.";"0,00";"0,00";"-3264,20"
"27.04.2026 17:37:39";"27.04.2026";"*4531";"OK";"3264,20";"RUB";"3264,20";"RUB";"";"Переводы";"";"Пополнение. ИНДИВИДУАЛЬНЫЙ ПРЕДПРИНИМАТЕЛЬ ВАСИН ДМИТРИЙ ВЯЧЕСЛАВОВИЧ";"0,00";"0,00";"3264,20"
"27.04.2026 09:26:16";"27.04.2026";"*6731";"OK";"407,76";"RUB";"407,76";"RUB";"";"Переводы";"";"Между своими счетами";"0,00";"0,00";"407,76"
"27.04.2026 09:26:14";"27.04.2026";"*4531";"OK";"-407,76";"RUB";"-407,76";"RUB";"";"Переводы";"";"Между своими счетами";"0,00";"0,00";"-407,76"
"27.04.2026 09:25:48";"27.04.2026";"*4531";"OK";"-20000,00";"RUB";"-20000,00";"RUB";"";"Переводы";"";"Ольга С.";"0,00";"0,00";"-20000,00"
"27.04.2026 09:24:40";"27.04.2026";"*4531";"OK";"19507,73";"RUB";"19507,73";"RUB";"";"Переводы";"";"Пополнение. ИНДИВИДУАЛЬНЫЙ ПРЕДПРИНИМАТЕЛЬ ВАСИН ДМИТРИЙ ВЯЧЕСЛАВОВИЧ";"0,00";"0,00";"19507,73"
"27.04.2026 08:44:48";"27.04.2026";"";"OK";"-374,96";"RUB";"-374,96";"RUB";"";"Супермаркеты";"5411";"Магнит";"0,00";"0,00";"-374,96"
"26.04.2026 21:05:52";"26.04.2026";"*4531";"OK";"-20000,00";"RUB";"-20000,00";"RUB";"";"Переводы";"";"Юлия С.";"0,00";"0,00";"-20000,00"
"26.04.2026 21:05:33";"26.04.2026";"*4531";"OK";"15000,00";"RUB";"15000,00";"RUB";"";"Переводы";"";"Пополнение. ИНДИВИДУАЛЬНЫЙ ПРЕДПРИНИМАТЕЛЬ ВАСИН ДМИТРИЙ ВЯЧЕСЛАВОВИЧ";"0,00";"0,00";"15000,00"
"26.04.2026 18:55:21";"26.04.2026";"*6731";"OK";"-1795,00";"RUB";"-1795,00";"RUB";"";"Супермаркеты";"3990";"Яндекс Лавка";"0,00";"0,00";"-1795,00"
"26.04.2026 17:22:42";"26.04.2026";"*4531";"OK";"5900,00";"RUB";"5900,00";"RUB";"";"Переводы";"";"Елизавета Я.";"0,00";"0,00";"5900,00"
"26.04.2026 15:28:30";"26.04.2026";"*4531";"OK";"-10000,00";"RUB";"-10000,00";"RUB";"";"Переводы";"";"Ольга П.";"0,00";"0,00";"-10000,00"
"26.04.2026 15:27:41";"26.04.2026";"";"OK";"10000,00";"RUB";"10000,00";"RUB";"";"Переводы";"";"Дмитрий В.";"0,00";"0,00";"10000,00"
"26.04.2026 12:11:25";"26.04.2026";"";"OK";"-463,00";"RUB";"-463,00";"RUB";"";"Маркетплейсы";"5399";"Ozon.ru";"0,00";"0,00";"-463,00"
"26.04.2026 11:52:54";"26.04.2026";"";"OK";"-1172,96";"RUB";"-1172,96";"RUB";"";"Супермаркеты";"5411";"Магнит";"0,00";"0,00";"-1172,96"
"26.04.2026 10:16:49";"26.04.2026";"";"OK";"-898,00";"RUB";"-898,00";"RUB";"";"Фастфуд";"5814";"Вкусно — и точка";"0,00";"0,00";"-898,00"
"26.04.2026 09:48:30";"26.04.2026";"";"OK";"-5331,00";"RUB";"-5331,00";"RUB";"";"Маркетплейсы";"5699";"WILDBERRIES";"0,00";"0,00";"-5331,00"
"26.04.2026 09:48:07";"26.04.2026";"*6731";"OK";"9507,73";"RUB";"9507,73";"RUB";"";"Переводы";"";"Пополнение. ИНДИВИДУАЛЬНЫЙ ПРЕДПРИНИМАТЕЛЬ ВАСИН ДМИТРИЙ ВЯЧЕСЛАВОВИЧ";"0,00";"0,00";"9507,73"
"26.04.2026 06:46:59";"26.04.2026";"";"OK";"-350,00";"RUB";"-350,00";"RUB";"";"Сервис";"7372";"https://yourtunes.ru";"0,00";"0,00";"-350,00"
"25.04.2026 17:54:20";"25.04.2026";"*6731";"OK";"1114,00";"RUB";"1114,00";"RUB";"";"Переводы";"";"Между своими счетами";"0,00";"0,00";"1114,00"
"25.04.2026 17:54:19";"25.04.2026";"*4531";"OK";"-1114,00";"RUB";"-1114,00";"RUB";"";"Переводы";"";"Между своими счетами";"0,00";"0,00";"-1114,00"
"25.04.2026 12:46:05";"25.04.2026";"*4531";"OK";"-795,00";"RUB";"-795,00";"RUB";"";"Переводы";"";"Александра Т.";"0,00";"0,00";"-795,00"
"25.04.2026 11:52:56";"25.04.2026";"*4531";"OK";"-90,97";"RUB";"-90,97";"RUB";"";"Супермаркеты";"5411";"Магнит";"0,00";"0,00";"-90,97"
"25.04.2026 11:48:13";"25.04.2026";"";"OK";"2000,00";"RUB";"2000,00";"RUB";"";"Переводы";"";"Дмитрий В.";"0,00";"0,00";"2000,00"
"25.04.2026 10:03:48";"25.04.2026";"";"OK";"-1050,00";"RUB";"-1050,00";"RUB";"";"Рестораны";"5812";"Rest Brends_P_QR";"0,00";"0,00";"-1050,00"
"25.04.2026 10:03:39";"25.04.2026";"*6731";"OK";"1239,98";"RUB";"1239,98";"RUB";"";"Переводы";"";"Пополнение. ИНДИВИДУАЛЬНЫЙ ПРЕДПРИНИМАТЕЛЬ ВАСИН ДМИТРИЙ ВЯЧЕСЛАВОВИЧ";"0,00";"0,00";"1239,98"
"25.04.2026 06:13:03";"";"*6731";"FAILED";"-350,00";"RUB";"-350,00";"RUB";"";"Сервис";"";"Покупка по QR";"0,00";"0,00";"-350,00"
"24.04.2026 18:55:07";"24.04.2026";"";"OK";"-459,97";"RUB";"-459,97";"RUB";"";"Супермаркеты";"5411";"Магнит";"0,00";"0,00";"-459,97"
"24.04.2026 16:26:22";"24.04.2026";"";"OK";"-354,00";"RUB";"-354,00";"RUB";"";"Маркетплейсы";"5699";"WILDBERRIES";"0,00";"0,00";"-354,00"
"24.04.2026 16:26:12";"24.04.2026";"*6731";"OK";"823,20";"RUB";"823,20";"RUB";"";"Переводы";"";"Пополнение. ИНДИВИДУАЛЬНЫЙ ПРЕДПРИНИМАТЕЛЬ ВАСИН ДМИТРИЙ ВЯЧЕСЛАВОВИЧ";"0,00";"0,00";"823,20"
"24.04.2026 16:26:07";"";"*6731";"FAILED";"-354,00";"RUB";"-354,00";"RUB";"";"Одежда и обувь";"";"Покупка по QR";"0,00";"0,00";"-354,00"
"24.04.2026 16:25:06";"";"*6731";"FAILED";"-354,00";"RUB";"-354,00";"RUB";"";"Одежда и обувь";"";"Покупка по QR";"0,00";"0,00";"-354,00"
"23.04.2026 18:22:05";"23.04.2026";"*6731";"OK";"-570,00";"RUB";"-570,00";"RUB";"";"Супермаркеты";"3990";"Яндекс Лавка";"0,00";"0,00";"-570,00"
"23.04.2026 17:47:54";"23.04.2026";"";"OK";"-402,00";"RUB";"-402,00";"RUB";"";"Супермаркеты";"5411";"ВкусВилл";"0,00";"0,00";"-402,00"
"23.04.2026 17:05:28";"23.04.2026";"";"OK";"-552,85";"RUB";"-552,85";"RUB";"";"Фастфуд";"5814";"Братья Караваевы";"0,00";"0,00";"-552,85"
"23.04.2026 10:53:38";"23.04.2026";"";"OK";"-1004,00";"RUB";"-1004,00";"RUB";"";"Маркетплейсы";"5399";"Ozon.ru";"0,00";"0,00";"-1004,00"
"23.04.2026 09:02:09";"23.04.2026";"";"OK";"-451,40";"RUB";"-451,40";"RUB";"";"Фастфуд";"5814";"Даблби";"0,00";"0,00";"-451,40"
"23.04.2026 09:01:43";"23.04.2026";"*6731";"OK";"13777,87";"RUB";"13777,87";"RUB";"";"Переводы";"";"Пополнение. ИНДИВИДУАЛЬНЫЙ ПРЕДПРИНИМАТЕЛЬ ВАСИН ДМИТРИЙ ВЯЧЕСЛАВОВИЧ";"0,00";"0,00";"13777,87"
"22.04.2026 20:27:00";"22.04.2026";"*6731";"OK";"-752,00";"RUB";"-752,00";"RUB";"";"Такси";"3990";"Яндекс Такси";"0,00";"0,00";"-752,00"
"22.04.2026 18:19:37";"22.04.2026";"*4531";"OK";"-2000,00";"RUB";"-2000,00";"RUB";"";"Переводы";"";"Александра К.";"0,00";"0,00";"-2000,00"
"22.04.2026 18:17:46";"22.04.2026";"*4531";"OK";"1300,00";"RUB";"1300,00";"RUB";"";"Переводы";"";"Пополнение. ИНДИВИДУАЛЬНЫЙ ПРЕДПРИНИМАТЕЛЬ ВАСИН ДМИТРИЙ ВЯЧЕСЛАВОВИЧ";"0,00";"0,00";"1300,00"
"22.04.2026 16:09:23";"22.04.2026";"";"OK";"-250,00";"RUB";"-250,00";"RUB";"";"Местный транспорт";"4111";"Московский метрополитен";"0,00";"0,00";"-250,00"
"22.04.2026 16:06:59";"22.04.2026";"";"OK";"-275,33";"RUB";"-275,33";"RUB";"";"Супермаркеты";"5411";"Магнит";"0,00";"0,00";"-275,33"
"22.04.2026 15:35:50";"22.04.2026";"";"OK";"-270,00";"RUB";"-270,00";"RUB";"";"Фастфуд";"5814";"PBO PRIMESTAR USACH_P_QR";"0,00";"0,00";"-270,00"
"22.04.2026 13:06:40";"22.04.2026";"";"OK";"-598,00";"RUB";"-598,00";"RUB";"";"Рестораны";"5812";"ШОКО КОМСОМОЛЬСКИЙ 29 КМ";"0,00";"0,00";"-598,00"
"22.04.2026 09:47:35";"22.04.2026";"*6731";"OK";"-367,00";"RUB";"-367,00";"RUB";"";"Супермаркеты";"3990";"Яндекс Лавка";"0,00";"0,00";"-367,00"
"22.04.2026 00:00:00";"";"";"OK";"-14420,63";"RUB";"-14420,63";"RUB";"";"Услуги банка";"";"Плата по кредитке";"0,00";"0,00";"-14420,63"
"21.04.2026 18:05:14";"21.04.2026";"*4531";"OK";"-250,00";"RUB";"-250,00";"RUB";"";"Переводы";"";"Ксения К.";"0,00";"0,00";"-250,00"
"21.04.2026 17:04:14";"21.04.2026";"";"OK";"-758,00";"RUB";"-758,00";"RUB";"";"Маркетплейсы";"5399";"Ozon.ru";"0,00";"0,00";"-758,00"
"21.04.2026 16:09:43";"21.04.2026";"";"OK";"-1,00";"RUB";"-1,00";"RUB";"";"Сервис";"7372";"https://yourtunes.ru";"0,00";"0,00";"-1,00"
"21.04.2026 14:56:25";"22.04.2026";"*4531";"OK";"-4050,00";"RUB";"-4050,00";"RUB";"";"Финансы";"6538";"Операция в других кредитных организациях IBT24 MOSKVA RUS";"0,00";"0,00";"-4050,00"
"21.04.2026 14:55:16";"21.04.2026";"*4531";"OK";"5000,00";"RUB";"5000,00";"RUB";"";"Переводы";"";"Пополнение. ИНДИВИДУАЛЬНЫЙ ПРЕДПРИНИМАТЕЛЬ ВАСИН ДМИТРИЙ ВЯЧЕСЛАВОВИЧ";"0,00";"0,00";"5000,00"
"21.04.2026 09:21:07";"21.04.2026";"*4531";"OK";"-10000,00";"RUB";"-10000,00";"RUB";"";"Переводы";"";"Фатимат Ж.";"0,00";"0,00";"-10000,00"
"21.04.2026 09:19:47";"21.04.2026";"*4531";"OK";"10000,00";"RUB";"10000,00";"RUB";"";"Переводы";"";"Пополнение. ИНДИВИДУАЛЬНЫЙ ПРЕДПРИНИМАТЕЛЬ ВАСИН ДМИТРИЙ ВЯЧЕСЛАВОВИЧ";"0,00";"0,00";"10000,00"
"21.04.2026 09:02:47";"21.04.2026";"*6731";"OK";"-9104,62";"RUB";"-9104,62";"RUB";"";"ЖКХ";"";"ЖКУ-Москва";"0,00";"0,00";"-9104,62"
"21.04.2026 08:46:00";"21.04.2026";"";"OK";"-987,89";"RUB";"-987,89";"RUB";"";"Супермаркеты";"5411";"Магнит";"0,00";"0,00";"-987,89"
"21.04.2026 01:30:07";"21.04.2026";"";"OK";"-1199,00";"RUB";"-1199,00";"RUB";"";"Связь";"4814";"Рег.ру";"0,00";"0,00";"-1199,00"
"20.04.2026 19:14:05";"20.04.2026";"*4531";"OK";"-5000,00";"RUB";"-5000,00";"RUB";"";"Переводы";"";"Юлия И.";"0,00";"0,00";"-5000,00"
"20.04.2026 19:13:50";"20.04.2026";"*4531";"OK";"5000,00";"RUB";"5000,00";"RUB";"";"Переводы";"";"Пополнение. ИНДИВИДУАЛЬНЫЙ ПРЕДПРИНИМАТЕЛЬ ВАСИН ДМИТРИЙ ВЯЧЕСЛАВОВИЧ";"0,00";"0,00";"5000,00"
"20.04.2026 13:16:59";"20.04.2026";"";"OK";"-759,00";"RUB";"-759,00";"RUB";"";"Рестораны";"5812";"ШОКО КОМСОМОЛЬСКИЙ 29 КМ";"0,00";"0,00";"-759,00"
"20.04.2026 09:00:07";"20.04.2026";"*6731";"OK";"319015,38";"RUB";"319015,38";"RUB";"";"Переводы";"";"Между своими счетами";"0,00";"0,00";"319015,38"
"20.04.2026 09:00:06";"20.04.2026";"*4531";"OK";"-319015,38";"RUB";"-319015,38";"RUB";"";"Переводы";"";"Между своими счетами";"0,00";"0,00";"-319015,38"
"20.04.2026 08:49:11";"20.04.2026";"*4531";"OK";"-250000,00";"RUB";"-250000,00";"RUB";"";"Переводы";"";"Себе на  ИП";"0,00";"0,00";"-250000,00"
"20.04.2026 08:48:07";"20.04.2026";"*4531";"OK";"-862000,00";"RUB";"-862000,00";"RUB";"";"Переводы";"";"Дмитрий В.";"0,00";"0,00";"-862000,00"
"20.04.2026 08:21:05";"20.04.2026";"*4531";"OK";"1431000,00";"RUB";"1431000,00";"RUB";"";"Кредиты";"9999";"Получение кредита";"0,00";"0,00";"1431000,00"
"20.04.2026 01:21:27";"";"*6731";"FAILED";"-1199,00";"RUB";"-1199,00";"RUB";"";"Связь";"";"Покупка по QR";"0,00";"0,00";"-1199,00"
"19.04.2026 10:34:23";"19.04.2026";"";"OK";"-635,00";"RUB";"-635,00";"RUB";"";"Маркетплейсы";"5399";"Ozon.ru";"0,00";"0,00";"-635,00"
"19.04.2026 02:44:19";"";"*6731";"FAILED";"-1199,00";"RUB";"-1199,00";"RUB";"";"Связь";"";"Покупка по QR";"0,00";"0,00";"-1199,00"
"18.04.2026 22:17:16";"19.04.2026";"*4531";"OK";"-2000,00";"RUB";"-2000,00";"RUB";"";"Финансы";"6538";"Операция в других кредитных организациях IBT24 MOSKVA RUS";"0,00";"0,00";"-2000,00"
"18.04.2026 22:15:47";"19.04.2026";"";"OK";"2000,00";"RUB";"2000,00";"RUB";"";"Переводы";"";"Дмитрий В.";"0,00";"0,00";"2000,00"
"18.04.2026 10:03:11";"18.04.2026";"";"OK";"-250,00";"RUB";"-250,00";"RUB";"";"Местный транспорт";"4111";"Московский метрополитен";"0,00";"0,00";"-250,00"
"18.04.2026 01:22:19";"";"*6731";"FAILED";"-1199,00";"RUB";"-1199,00";"RUB";"";"Связь";"";"Покупка по QR";"0,00";"0,00";"-1199,00"
"17.04.2026 22:06:51";"18.04.2026";"*4531";"OK";"-16734,62";"RUB";"-16734,62";"RUB";"";"Переводы";"";"Перевод юридическому лицу";"0,00";"0,00";"-16734,62"
"17.04.2026 22:05:11";"18.04.2026";"*4531";"OK";"14000,00";"RUB";"14000,00";"RUB";"";"Переводы";"";"Пополнение. ИНДИВИДУАЛЬНЫЙ ПРЕДПРИНИМАТЕЛЬ ВАСИН ДМИТРИЙ ВЯЧЕСЛАВОВИЧ";"0,00";"0,00";"14000,00"
"17.04.2026 20:58:20";"17.04.2026";"";"OK";"-413,91";"RUB";"-413,91";"RUB";"";"Фастфуд";"5814";"VTB QR PAY";"0,00";"0,00";"-413,91"
"17.04.2026 20:44:23";"17.04.2026";"*4531";"OK";"-3000,00";"RUB";"-3000,00";"RUB";"";"Переводы";"";"Александра К.";"0,00";"0,00";"-3000,00"
"17.04.2026 19:52:01";"17.04.2026";"";"OK";"-3111,97";"RUB";"-3111,97";"RUB";"";"Фастфуд";"5814";"VTB QR PAY";"0,00";"0,00";"-3111,97"
"17.04.2026 19:51:36";"17.04.2026";"*6731";"OK";"1900,00";"RUB";"1900,00";"RUB";"";"Переводы";"";"Между своими счетами";"0,00";"0,00";"1900,00"
"17.04.2026 19:51:35";"17.04.2026";"*4531";"OK";"-1900,00";"RUB";"-1900,00";"RUB";"";"Переводы";"";"Между своими счетами";"0,00";"0,00";"-1900,00"
"17.04.2026 19:39:49";"17.04.2026";"";"OK";"-300,00";"RUB";"-300,00";"RUB";"";"Маркетплейсы";"5300";"Avito";"0,00";"0,00";"-300,00"
"17.04.2026 16:11:36";"17.04.2026";"*4531";"OK";"-2000,00";"RUB";"-2000,00";"RUB";"";"Переводы";"";"Наталья В.";"0,00";"0,00";"-2000,00"
"17.04.2026 14:43:07";"17.04.2026";"*4531";"OK";"-4550,00";"RUB";"-4550,00";"RUB";"";"Переводы";"6538";"Перевод на карту";"0,00";"0,00";"-4550,00"
"17.04.2026 11:17:16";"17.04.2026";"";"OK";"-5174,00";"RUB";"-5174,00";"RUB";"";"Маркетплейсы";"5699";"WILDBERRIES";"0,00";"0,00";"-5174,00"
"17.04.2026 11:16:52";"17.04.2026";"*6731";"OK";"7000,00";"RUB";"7000,00";"RUB";"";"Переводы";"";"Пополнение. ИНДИВИДУАЛЬНЫЙ ПРЕДПРИНИМАТЕЛЬ ВАСИН ДМИТРИЙ ВЯЧЕСЛАВОВИЧ";"0,00";"0,00";"7000,00"
"17.04.2026 09:18:02";"17.04.2026";"";"OK";"-1540,66";"RUB";"-1540,66";"RUB";"";"Супермаркеты";"5411";"Магнит";"0,00";"0,00";"-1540,66"
"17.04.2026 09:16:45";"17.04.2026";"*6731";"OK";"1942,22";"RUB";"1942,22";"RUB";"";"Переводы";"";"Пополнение. ИНДИВИДУАЛЬНЫЙ ПРЕДПРИНИМАТЕЛЬ ВАСИН ДМИТРИЙ ВЯЧЕСЛАВОВИЧ";"0,00";"0,00";"1942,22"
"17.04.2026 01:14:19";"";"*6731";"FAILED";"-1199,00";"RUB";"-1199,00";"RUB";"";"Связь";"";"Покупка по QR";"0,00";"0,00";"-1199,00"
"16.04.2026 19:32:58";"17.04.2026";"*4531";"OK";"-1550,00";"RUB";"-1550,00";"RUB";"";"Финансы";"6538";"Операция в других кредитных организациях IBT24 MOSKVA RUS";"0,00";"0,00";"-1550,00"
"16.04.2026 19:27:57";"16.04.2026";"*4531";"OK";"-1945,00";"RUB";"-1945,00";"RUB";"";"Переводы";"";"Дмитрий В.";"0,00";"0,00";"-1945,00"
"16.04.2026 16:39:48";"16.04.2026";"*4531";"OK";"-150,00";"RUB";"-150,00";"RUB";"";"Различные услуги";"7299";"Бери заряд!";"0,00";"0,00";"-150,00"
"16.04.2026 01:18:41";"";"*6731";"FAILED";"-1199,00";"RUB";"-1199,00";"RUB";"";"Связь";"";"Покупка по QR";"0,00";"0,00";"-1199,00"
"15.04.2026 21:34:04";"15.04.2026";"*4531";"OK";"-19605,00";"RUB";"-19605,00";"RUB";"";"Переводы";"";"Александра Т.";"0,00";"0,00";"-19605,00"
"15.04.2026 20:07:09";"15.04.2026";"*4531";"OK";"-6100,00";"RUB";"-6100,00";"RUB";"";"Переводы";"";"Анастасия К.";"0,00";"0,00";"-6100,00"
"15.04.2026 20:06:16";"15.04.2026";"*4531";"OK";"-18200,00";"RUB";"-18200,00";"RUB";"";"Переводы";"";"Екатерина Б.";"0,00";"0,00";"-18200,00"
"15.04.2026 20:05:02";"15.04.2026";"*4531";"OK";"-15000,00";"RUB";"-15000,00";"RUB";"";"Переводы";"";"Светлана Б.";"0,00";"0,00";"-15000,00"
"15.04.2026 20:04:06";"15.04.2026";"";"OK";"75000,00";"RUB";"75000,00";"RUB";"";"Переводы";"";"Александр В.";"0,00";"0,00";"75000,00"
"15.04.2026 19:45:47";"15.04.2026";"";"OK";"-515,00";"RUB";"-515,00";"RUB";"";"Маркетплейсы";"5399";"Ozon.ru";"0,00";"0,00";"-515,00"
"15.04.2026 19:44:39";"15.04.2026";"*6731";"OK";"700,00";"RUB";"700,00";"RUB";"";"Переводы";"";"Между своими счетами";"0,00";"0,00";"700,00"
"15.04.2026 19:44:38";"15.04.2026";"*4531";"OK";"-700,00";"RUB";"-700,00";"RUB";"";"Переводы";"";"Между своими счетами";"0,00";"0,00";"-700,00"
"15.04.2026 19:35:46";"15.04.2026";"*4531";"OK";"-3200,00";"RUB";"-3200,00";"RUB";"";"Переводы";"";"Вячеслав В.";"0,00";"0,00";"-3200,00"
"15.04.2026 19:24:36";"15.04.2026";"*4531";"OK";"5900,00";"RUB";"5900,00";"RUB";"";"Переводы";"";"Людмила Б.";"0,00";"0,00";"5900,00"
"15.04.2026 10:00:20";"15.04.2026";"*6731";"OK";"-655,00";"RUB";"-655,00";"RUB";"";"Супермаркеты";"3990";"Яндекс Лавка";"0,00";"0,00";"-655,00"
"15.04.2026 09:59:16";"15.04.2026";"*6731";"OK";"810,00";"RUB";"810,00";"RUB";"";"Переводы";"";"Пополнение. ИНДИВИДУАЛЬНЫЙ ПРЕДПРИНИМАТЕЛЬ ВАСИН ДМИТРИЙ ВЯЧЕСЛАВОВИЧ";"0,00";"0,00";"810,00"
"15.04.2026 01:22:39";"";"*6731";"FAILED";"-1199,00";"RUB";"-1199,00";"RUB";"";"Связь";"";"Покупка по QR";"0,00";"0,00";"-1199,00"
"14.04.2026 20:14:58";"14.04.2026";"*6731";"OK";"-500,00";"RUB";"-500,00";"RUB";"";"Связь";"4816";"PK*NEURALSPACE.RU";"0,00";"0,00";"-500,00"
"14.04.2026 20:10:57";"14.04.2026";"*6731";"OK";"500,00";"RUB";"500,00";"RUB";"";"Переводы";"";"Пополнение. ИНДИВИДУАЛЬНЫЙ ПРЕДПРИНИМАТЕЛЬ ВАСИН ДМИТРИЙ ВЯЧЕСЛАВОВИЧ";"0,00";"0,00";"500,00"
"14.04.2026 18:15:25";"14.04.2026";"*6731";"OK";"-200,00";"RUB";"-200,00";"RUB";"";"Связь";"4816";"PK*NEURALSPACE.RU";"0,00";"0,00";"-200,00"
"14.04.2026 15:00:40";"14.04.2026";"";"OK";"-331,00";"RUB";"-331,00";"RUB";"";"Маркетплейсы";"5699";"WILDBERRIES";"0,00";"0,00";"-331,00"
"14.04.2026 15:00:08";"14.04.2026";"";"OK";"-146,98";"RUB";"-146,98";"RUB";"";"Супермаркеты";"5411";"Магнит";"0,00";"0,00";"-146,98"
"14.04.2026 09:04:42";"14.04.2026";"";"OK";"-808,94";"RUB";"-808,94";"RUB";"";"Супермаркеты";"5411";"Магнит";"0,00";"0,00";"-808,94"
"14.04.2026 09:04:31";"14.04.2026";"*6731";"OK";"1326,58";"RUB";"1326,58";"RUB";"";"Переводы";"";"Пополнение. ИНДИВИДУАЛЬНЫЙ ПРЕДПРИНИМАТЕЛЬ ВАСИН ДМИТРИЙ ВЯЧЕСЛАВОВИЧ";"0,00";"0,00";"1326,58"
"14.04.2026 01:47:08";"";"*6731";"FAILED";"-1199,00";"RUB";"-1199,00";"RUB";"";"Связь";"";"Покупка по QR";"0,00";"0,00";"-1199,00"
"13.04.2026 15:48:22";"13.04.2026";"*4531";"OK";"-2780,00";"RUB";"-2780,00";"RUB";"";"Переводы";"";"Андрей Д.";"0,00";"0,00";"-2780,00"
"13.04.2026 15:46:43";"13.04.2026";"*4531";"OK";"2780,00";"RUB";"2780,00";"RUB";"";"Переводы";"";"Пополнение. ИНДИВИДУАЛЬНЫЙ ПРЕДПРИНИМАТЕЛЬ ВАСИН ДМИТРИЙ ВЯЧЕСЛАВОВИЧ";"0,00";"0,00";"2780,00"
"13.04.2026 03:05:38";"";"*6731";"FAILED";"-1199,00";"RUB";"-1199,00";"RUB";"";"Связь";"";"Покупка по QR";"0,00";"0,00";"-1199,00"
"12.04.2026 13:42:21";"12.04.2026";"*6731";"OK";"-775,00";"RUB";"-775,00";"RUB";"";"Переводы";"";"Кирилл Б.";"0,00";"0,00";"-775,00"
"12.04.2026 09:58:05";"12.04.2026";"*6731";"OK";"-449,00";"RUB";"-449,00";"RUB";"";"Экосистема Яндекс";"3990";"Яндекс Плюс";"0,00";"0,00";"-449,00"
"12.04.2026 09:57:55";"";"*4531";"FAILED";"-449,00";"RUB";"-449,00";"RUB";"";"Цифровые товары";"";"Покупка по QR";"0,00";"0,00";"-449,00"
"12.04.2026 07:06:39";"12.04.2026";"";"OK";"-4567,00";"RUB";"-4567,00";"RUB";"";"Маркетплейсы";"5699";"WILDBERRIES";"0,00";"0,00";"-4567,00"
"12.04.2026 07:05:36";"12.04.2026";"*6731";"OK";"6000,00";"RUB";"6000,00";"RUB";"";"Переводы";"";"Пополнение. ИНДИВИДУАЛЬНЫЙ ПРЕДПРИНИМАТЕЛЬ ВАСИН ДМИТРИЙ ВЯЧЕСЛАВОВИЧ";"0,00";"0,00";"6000,00"
"12.04.2026 02:53:51";"";"*6731";"FAILED";"-1199,00";"RUB";"-1199,00";"RUB";"";"Связь";"";"Покупка по QR";"0,00";"0,00";"-1199,00"
"11.04.2026 15:49:07";"11.04.2026";"";"OK";"-195,00";"RUB";"-195,00";"RUB";"";"Фастфуд";"5814";"Дринкит";"0,00";"0,00";"-195,00"
"11.04.2026 12:54:39";"11.04.2026";"*4531";"OK";"-3200,00";"RUB";"-3200,00";"RUB";"";"Переводы";"";"Анатолий С.";"0,00";"0,00";"-3200,00"
"11.04.2026 12:53:52";"11.04.2026";"";"OK";"3200,00";"RUB";"3200,00";"RUB";"";"Переводы";"";"Юлия С.";"0,00";"0,00";"3200,00"
"11.04.2026 02:41:25";"";"*6731";"FAILED";"-1199,00";"RUB";"-1199,00";"RUB";"";"Связь";"";"Покупка по QR";"0,00";"0,00";"-1199,00"
"10.04.2026 23:25:52";"11.04.2026";"*4531";"OK";"-450,00";"RUB";"-450,00";"RUB";"";"Переводы";"";"Александра Т.";"0,00";"0,00";"-450,00"
"10.04.2026 23:25:36";"11.04.2026";"*4531";"OK";"450,00";"RUB";"450,00";"RUB";"";"Переводы";"";"Пополнение. ИНДИВИДУАЛЬНЫЙ ПРЕДПРИНИМАТЕЛЬ ВАСИН ДМИТРИЙ ВЯЧЕСЛАВОВИЧ";"0,00";"0,00";"450,00"
"10.04.2026 14:45:05";"10.04.2026";"*6731";"OK";"-300,00";"RUB";"-300,00";"RUB";"";"Связь";"4816";"PK*NEURALSPACE.RU";"0,00";"0,00";"-300,00"
"10.04.2026 14:44:44";"10.04.2026";"*6731";"OK";"389,58";"RUB";"389,58";"RUB";"";"Переводы";"";"Пополнение. ИНДИВИДУАЛЬНЫЙ ПРЕДПРИНИМАТЕЛЬ ВАСИН ДМИТРИЙ ВЯЧЕСЛАВОВИЧ";"0,00";"0,00";"389,58"
"10.04.2026 02:33:29";"";"*6731";"FAILED";"-1199,00";"RUB";"-1199,00";"RUB";"";"Связь";"";"Покупка по QR";"0,00";"0,00";"-1199,00"
"09.04.2026 21:52:05";"";"*6731";"FAILED";"-410,00";"RUB";"-410,00";"RUB";"";"Различные товары";"";"Покупка по QR";"0,00";"0,00";"-410,00"
"09.04.2026 19:20:14";"09.04.2026";"";"OK";"-249,99";"RUB";"-249,99";"RUB";"";"Супермаркеты";"5921";"Ароматный мир";"0,00";"0,00";"-249,99"
"09.04.2026 18:58:09";"09.04.2026";"";"OK";"-350,00";"RUB";"-350,00";"RUB";"";"Фастфуд";"5814";"Шаурма";"0,00";"0,00";"-350,00"
"09.04.2026 16:23:52";"09.04.2026";"*6731";"OK";"-200,00";"RUB";"-200,00";"RUB";"";"Связь";"4816";"PK*NEURALSPACE.RU";"0,00";"0,00";"-200,00"
"09.04.2026 09:20:03";"09.04.2026";"*6731";"OK";"-87500,00";"RUB";"-87500,00";"RUB";"";"Финансы";"3990";"Яндекс Аренда";"0,00";"0,00";"-87500,00"
"09.04.2026 09:19:43";"09.04.2026";"*6731";"OK";"87910,00";"RUB";"87910,00";"RUB";"";"Переводы";"";"Пополнение. ИНДИВИДУАЛЬНЫЙ ПРЕДПРИНИМАТЕЛЬ ВАСИН ДМИТРИЙ ВЯЧЕСЛАВОВИЧ";"0,00";"0,00";"87910,00"
"09.04.2026 01:42:02";"";"*6731";"FAILED";"-1199,00";"RUB";"-1199,00";"RUB";"";"Связь";"";"Покупка по QR";"0,00";"0,00";"-1199,00"
"08.04.2026 18:32:06";"08.04.2026";"";"OK";"-195,00";"RUB";"-195,00";"RUB";"";"Фастфуд";"5814";"Дринкит";"0,00";"0,00";"-195,00"
"08.04.2026 18:08:37";"08.04.2026";"";"OK";"-1014,94";"RUB";"-1014,94";"RUB";"";"Супермаркеты";"5411";"Магнит";"0,00";"0,00";"-1014,94"
"08.04.2026 17:51:41";"08.04.2026";"*6731";"OK";"1000,00";"RUB";"1000,00";"RUB";"";"Переводы";"";"Пополнение. ИНДИВИДУАЛЬНЫЙ ПРЕДПРИНИМАТЕЛЬ ВАСИН ДМИТРИЙ ВЯЧЕСЛАВОВИЧ";"0,00";"0,00";"1000,00"
"08.04.2026 16:06:05";"08.04.2026";"*4531";"OK";"-4000,00";"RUB";"-4000,00";"RUB";"";"Переводы";"";"Александра К.";"0,00";"0,00";"-4000,00"
"08.04.2026 16:01:46";"08.04.2026";"*4531";"OK";"4000,00";"RUB";"4000,00";"RUB";"";"Переводы";"";"Пополнение. ИНДИВИДУАЛЬНЫЙ ПРЕДПРИНИМАТЕЛЬ ВАСИН ДМИТРИЙ ВЯЧЕСЛАВОВИЧ";"0,00";"0,00";"4000,00"
"08.04.2026 14:22:34";"08.04.2026";"";"OK";"-759,00";"RUB";"-759,00";"RUB";"";"Маркетплейсы";"5399";"Ozon.ru";"0,00";"0,00";"-759,00"
"08.04.2026 14:22:10";"08.04.2026";"*6731";"OK";"1401,51";"RUB";"1401,51";"RUB";"";"Переводы";"";"Пополнение. ИНДИВИДУАЛЬНЫЙ ПРЕДПРИНИМАТЕЛЬ ВАСИН ДМИТРИЙ ВЯЧЕСЛАВОВИЧ";"0,00";"0,00";"1401,51"
"08.04.2026 10:49:56";"08.04.2026";"";"OK";"-249,00";"RUB";"-249,00";"RUB";"";"Фото и копицентры";"7221";"АССОЦИАЦИЯ ""НП ЛИГА АТЛЕТИКИ""";"0,00";"0,00";"-249,00"
"08.04.2026 02:29:26";"";"*6731";"FAILED";"-1199,00";"RUB";"-1199,00";"RUB";"";"Связь";"";"Покупка по QR";"0,00";"0,00";"-1199,00"
"07.04.2026 18:48:54";"07.04.2026";"";"OK";"-99,99";"RUB";"-99,99";"RUB";"";"Супермаркеты";"5411";"Магнит";"0,00";"0,00";"-99,99"
"07.04.2026 18:37:11";"07.04.2026";"*4531";"OK";"-2000,00";"RUB";"-2000,00";"RUB";"";"Наличные";"6011";"Снятие в банкомате Т-Банк";"0,00";"0,00";"-2000,00"
"07.04.2026 18:36:41";"07.04.2026";"*4531";"OK";"2000,00";"RUB";"2000,00";"RUB";"";"Переводы";"";"Пополнение. ИНДИВИДУАЛЬНЫЙ ПРЕДПРИНИМАТЕЛЬ ВАСИН ДМИТРИЙ ВЯЧЕСЛАВОВИЧ";"0,00";"0,00";"2000,00"
"07.04.2026 15:52:01";"07.04.2026";"*4531";"OK";"-3000,00";"RUB";"-3000,00";"RUB";"";"Переводы";"";"Александра К.";"0,00";"0,00";"-3000,00"
"07.04.2026 15:51:44";"07.04.2026";"*4531";"OK";"3000,00";"RUB";"3000,00";"RUB";"";"Переводы";"";"Пополнение. ИНДИВИДУАЛЬНЫЙ ПРЕДПРИНИМАТЕЛЬ ВАСИН ДМИТРИЙ ВЯЧЕСЛАВОВИЧ";"0,00";"0,00";"3000,00"
"07.04.2026 15:19:26";"07.04.2026";"";"OK";"-150,00";"RUB";"-150,00";"RUB";"";"Супермаркеты";"5411";"ВкусВилл";"0,00";"0,00";"-150,00"
"07.04.2026 15:07:03";"07.04.2026";"";"OK";"-298,35";"RUB";"-298,35";"RUB";"";"Фастфуд";"5814";"Брусника";"0,00";"0,00";"-298,35"
"07.04.2026 14:50:59";"07.04.2026";"*4531";"OK";"-3000,00";"RUB";"-3000,00";"RUB";"";"Переводы";"";"Елена П.";"0,00";"0,00";"-3000,00"
"07.04.2026 14:50:43";"07.04.2026";"*4531";"OK";"3000,00";"RUB";"3000,00";"RUB";"";"Переводы";"";"Пополнение. ИНДИВИДУАЛЬНЫЙ ПРЕДПРИНИМАТЕЛЬ ВАСИН ДМИТРИЙ ВЯЧЕСЛАВОВИЧ";"0,00";"0,00";"3000,00"
"07.04.2026 14:39:09";"07.04.2026";"*4531";"OK";"-2000,00";"RUB";"-2000,00";"RUB";"";"Переводы";"";"Александра К.";"0,00";"0,00";"-2000,00"
"07.04.2026 14:37:15";"07.04.2026";"*4531";"OK";"2000,00";"RUB";"2000,00";"RUB";"";"Переводы";"";"Пополнение. ИНДИВИДУАЛЬНЫЙ ПРЕДПРИНИМАТЕЛЬ ВАСИН ДМИТРИЙ ВЯЧЕСЛАВОВИЧ";"0,00";"0,00";"2000,00"
"06.04.2026 20:40:00";"06.04.2026";"*4531";"OK";"-2000,00";"RUB";"-2000,00";"RUB";"";"Переводы";"";"Анатолий С.";"0,00";"0,00";"-2000,00"
"06.04.2026 20:36:02";"06.04.2026";"*4531";"OK";"850,00";"RUB";"850,00";"RUB";"";"Переводы";"";"Между своими счетами";"0,00";"0,00";"850,00"
"06.04.2026 20:36:01";"06.04.2026";"*6731";"OK";"-850,00";"RUB";"-850,00";"RUB";"";"Переводы";"";"Между своими счетами";"0,00";"0,00";"-850,00"
"06.04.2026 18:00:18";"06.04.2026";"*4531";"OK";"-850,00";"RUB";"-850,00";"RUB";"";"Переводы";"";"Марал М.";"0,00";"0,00";"-850,00"
"06.04.2026 17:59:09";"06.04.2026";"*6731";"OK";"1009,00";"RUB";"1009,00";"RUB";"";"Переводы";"";"Между своими счетами";"0,00";"0,00";"1009,00"
"06.04.2026 17:59:07";"06.04.2026";"*4531";"OK";"-1009,00";"RUB";"-1009,00";"RUB";"";"Переводы";"";"Между своими счетами";"0,00";"0,00";"-1009,00"
"06.04.2026 17:58:35";"06.04.2026";"*4531";"OK";"3009,00";"RUB";"3009,00";"RUB";"";"Переводы";"";"Пополнение. ИНДИВИДУАЛЬНЫЙ ПРЕДПРИНИМАТЕЛЬ ВАСИН ДМИТРИЙ ВЯЧЕСЛАВОВИЧ";"0,00";"0,00";"3009,00"
"06.04.2026 16:10:05";"06.04.2026";"*6731";"OK";"-2990,00";"RUB";"-2990,00";"RUB";"";"Супермаркеты";"3990";"Яндекс Лавка";"0,00";"0,00";"-2990,00"
"06.04.2026 14:42:43";"06.04.2026";"";"OK";"-230,00";"RUB";"-230,00";"RUB";"";"Фастфуд";"5814";"Даблби";"0,00";"0,00";"-230,00"
"06.04.2026 12:17:38";"06.04.2026";"";"OK";"-1156,25";"RUB";"-1156,25";"RUB";"";"Фастфуд";"5814";"Братья Караваевы";"0,00";"0,00";"-1156,25"
"06.04.2026 12:14:05";"06.04.2026";"*6731";"OK";"5000,00";"RUB";"5000,00";"RUB";"";"Переводы";"";"Пополнение. ИНДИВИДУАЛЬНЫЙ ПРЕДПРИНИМАТЕЛЬ ВАСИН ДМИТРИЙ ВЯЧЕСЛАВОВИЧ";"0,00";"0,00";"5000,00"
"05.04.2026 22:04:42";"06.04.2026";"*4531";"OK";"-10200,00";"RUB";"-10200,00";"RUB";"";"Переводы";"";"Анатолий С.";"0,00";"0,00";"-10200,00"
"05.04.2026 22:03:53";"06.04.2026";"*4531";"OK";"10200,00";"RUB";"10200,00";"RUB";"";"Переводы";"";"Пополнение. ИНДИВИДУАЛЬНЫЙ ПРЕДПРИНИМАТЕЛЬ ВАСИН ДМИТРИЙ ВЯЧЕСЛАВОВИЧ";"0,00";"0,00";"10200,00"
"05.04.2026 20:04:39";"05.04.2026";"";"OK";"-368,00";"RUB";"-368,00";"RUB";"";"Маркетплейсы";"5300";"Avito";"0,00";"0,00";"-368,00"
"05.04.2026 18:57:48";"05.04.2026";"*4531";"OK";"-20000,00";"RUB";"-20000,00";"RUB";"";"Переводы";"";"Фатимат Ж.";"0,00";"0,00";"-20000,00"
"05.04.2026 18:54:55";"05.04.2026";"*4531";"OK";"20000,00";"RUB";"20000,00";"RUB";"";"Переводы";"";"Пополнение. ИНДИВИДУАЛЬНЫЙ ПРЕДПРИНИМАТЕЛЬ ВАСИН ДМИТРИЙ ВЯЧЕСЛАВОВИЧ";"0,00";"0,00";"20000,00"
"05.04.2026 18:51:46";"05.04.2026";"*4531";"OK";"-4000,00";"RUB";"-4000,00";"RUB";"";"Переводы";"";"Надежда Г.";"0,00";"0,00";"-4000,00"
"05.04.2026 18:51:24";"05.04.2026";"*4531";"OK";"2000,00";"RUB";"2000,00";"RUB";"";"Переводы";"";"Пополнение. ИНДИВИДУАЛЬНЫЙ ПРЕДПРИНИМАТЕЛЬ ВАСИН ДМИТРИЙ ВЯЧЕСЛАВОВИЧ";"0,00";"0,00";"2000,00"
"05.04.2026 15:28:07";"05.04.2026";"*6731";"OK";"-563,00";"RUB";"-563,00";"RUB";"";"Такси";"3990";"Яндекс Такси";"0,00";"0,00";"-563,00"
"05.04.2026 15:27:58";"05.04.2026";"*6731";"OK";"507,73";"RUB";"507,73";"RUB";"";"Переводы";"";"Пополнение. ИНДИВИДУАЛЬНЫЙ ПРЕДПРИНИМАТЕЛЬ ВАСИН ДМИТРИЙ ВЯЧЕСЛАВОВИЧ";"0,00";"0,00";"507,73"
"04.04.2026 21:48:53";"04.04.2026";"";"OK";"-1831,91";"RUB";"-1831,91";"RUB";"";"Супермаркеты";"5921";"EFREMOVA 21_P_QR";"0,00";"0,00";"-1831,91"
"04.04.2026 21:45:17";"04.04.2026";"*6731";"OK";"1900,00";"RUB";"1900,00";"RUB";"";"Переводы";"";"Между своими счетами";"0,00";"0,00";"1900,00"
"04.04.2026 21:45:16";"04.04.2026";"*4531";"OK";"-1900,00";"RUB";"-1900,00";"RUB";"";"Переводы";"";"Между своими счетами";"0,00";"0,00";"-1900,00"
"04.04.2026 21:12:05";"04.04.2026";"*4531";"OK";"3900,00";"RUB";"3900,00";"RUB";"";"Переводы";"";"Елена В.";"0,00";"0,00";"3900,00"
"04.04.2026 13:43:43";"04.04.2026";"";"OK";"-1097,00";"RUB";"-1097,00";"RUB";"";"Маркетплейсы";"5699";"WILDBERRIES";"0,00";"0,00";"-1097,00"
"04.04.2026 12:59:58";"04.04.2026";"*6731";"OK";"1144,71";"RUB";"1144,71";"RUB";"";"Переводы";"";"Пополнение. ИНДИВИДУАЛЬНЫЙ ПРЕДПРИНИМАТЕЛЬ ВАСИН ДМИТРИЙ ВЯЧЕСЛАВОВИЧ";"0,00";"0,00";"1144,71"
"04.04.2026 11:21:42";"04.04.2026";"";"OK";"-1150,88";"RUB";"-1150,88";"RUB";"";"Супермаркеты";"5411";"Магнит";"0,00";"0,00";"-1150,88"
"04.04.2026 11:16:10";"04.04.2026";"*6731";"OK";"1500,00";"RUB";"1500,00";"RUB";"";"Переводы";"";"Между своими счетами";"0,00";"0,00";"1500,00"
"04.04.2026 11:16:09";"04.04.2026";"*4531";"OK";"-1500,00";"RUB";"-1500,00";"RUB";"";"Переводы";"";"Между своими счетами";"0,00";"0,00";"-1500,00"
"04.04.2026 09:42:25";"04.04.2026";"";"OK";"-500,00";"RUB";"-500,00";"RUB";"";"Местный транспорт";"4111";"Московский метрополитен";"0,00";"0,00";"-500,00"
"04.04.2026 09:02:12";"04.04.2026";"";"OK";"-100,00";"RUB";"-100,00";"RUB";"";"Местный транспорт";"4111";"Московский метрополитен";"0,00";"0,00";"-100,00"
"03.04.2026 20:33:11";"03.04.2026";"";"OK";"1950,00";"RUB";"1950,00";"RUB";"";"Переводы";"";"Дмитрий В.";"0,00";"0,00";"1950,00"
"03.04.2026 20:32:31";"03.04.2026";"*4531";"OK";"50,00";"RUB";"50,00";"RUB";"";"Переводы";"";"Между своими счетами";"0,00";"0,00";"50,00"
"03.04.2026 20:32:30";"03.04.2026";"*6731";"OK";"-50,00";"RUB";"-50,00";"RUB";"";"Переводы";"";"Между своими счетами";"0,00";"0,00";"-50,00"
"03.04.2026 20:19:58";"03.04.2026";"";"OK";"-2480,00";"RUB";"-2480,00";"RUB";"";"Рестораны";"5812";"Бобры и утки_P_QR";"0,00";"0,00";"-2480,00"
"03.04.2026 20:19:14";"03.04.2026";"*6731";"OK";"2539,00";"RUB";"2539,00";"RUB";"";"Переводы";"";"Между своими счетами";"0,00";"0,00";"2539,00"
"03.04.2026 20:19:13";"03.04.2026";"*4531";"OK";"-2539,00";"RUB";"-2539,00";"RUB";"";"Переводы";"";"Между своими счетами";"0,00";"0,00";"-2539,00"
"03.04.2026 16:58:28";"03.04.2026";"";"OK";"-100,00";"RUB";"-100,00";"RUB";"";"Местный транспорт";"4111";"Московский метрополитен";"0,00";"0,00";"-100,00"
"03.04.2026 16:16:01";"03.04.2026";"";"OK";"-250,00";"RUB";"-250,00";"RUB";"";"Фастфуд";"5814";"Fontana_P_QR";"0,00";"0,00";"-250,00"
"03.04.2026 13:44:32";"";"*4531";"FAILED";"-460,00";"RUB";"-460,00";"RUB";"";"Переводы";"";"Александра Т.";"0,00";"0,00";"-460,00"
"03.04.2026 13:43:56";"03.04.2026";"*4531";"OK";"-460,00";"RUB";"-460,00";"RUB";"";"Переводы";"";"Александра Т.";"0,00";"0,00";"-460,00"
"03.04.2026 13:40:50";"";"*6731";"FAILED";"-1669,00";"RUB";"-1669,00";"RUB";"";"Различные товары";"";"Покупка по QR";"0,00";"0,00";"-1669,00"
"03.04.2026 13:40:44";"";"*6731";"FAILED";"-1669,00";"RUB";"-1669,00";"RUB";"";"Различные товары";"";"Покупка по QR";"0,00";"0,00";"-1669,00"
"03.04.2026 13:39:47";"03.04.2026";"";"OK";"2999,00";"RUB";"2999,00";"RUB";"";"Пополнения";"";"Возврат покупки через СБП LIME";"0,00";"0,00";"2999,00"
"03.04.2026 08:58:35";"03.04.2026";"";"OK";"-437,46";"RUB";"-437,46";"RUB";"";"Супермаркеты";"5411";"Магнит";"0,00";"0,00";"-437,46"
"03.04.2026 08:56:29";"03.04.2026";"*6731";"OK";"905,79";"RUB";"905,79";"RUB";"";"Переводы";"";"Пополнение. ИНДИВИДУАЛЬНЫЙ ПРЕДПРИНИМАТЕЛЬ ВАСИН ДМИТРИЙ ВЯЧЕСЛАВОВИЧ";"0,00";"0,00";"905,79"
"02.04.2026 21:00:11";"02.04.2026";"*4531";"OK";"-2000,00";"RUB";"-2000,00";"RUB";"";"Переводы";"";"Анатолий С.";"0,00";"0,00";"-2000,00"
"02.04.2026 20:59:51";"02.04.2026";"*4531";"OK";"2000,00";"RUB";"2000,00";"RUB";"";"Переводы";"";"Пополнение. ИНДИВИДУАЛЬНЫЙ ПРЕДПРИНИМАТЕЛЬ ВАСИН ДМИТРИЙ ВЯЧЕСЛАВОВИЧ";"0,00";"0,00";"2000,00"
"02.04.2026 14:36:39";"02.04.2026";"*4531";"OK";"-1500,00";"RUB";"-1500,00";"RUB";"";"Переводы";"";"Александра К.";"0,00";"0,00";"-1500,00"
"02.04.2026 14:35:47";"02.04.2026";"*4531";"OK";"1500,00";"RUB";"1500,00";"RUB";"";"Переводы";"";"Пополнение. ИНДИВИДУАЛЬНЫЙ ПРЕДПРИНИМАТЕЛЬ ВАСИН ДМИТРИЙ ВЯЧЕСЛАВОВИЧ";"0,00";"0,00";"1500,00"
"02.04.2026 12:29:03";"02.04.2026";"*6731";"OK";"-3200,00";"RUB";"-3200,00";"RUB";"";"Связь";"4816";"KWORK";"0,00";"0,00";"-3200,00"
"02.04.2026 12:28:09";"02.04.2026";"*6731";"OK";"2000,00";"RUB";"2000,00";"RUB";"";"Переводы";"";"Пополнение. ИНДИВИДУАЛЬНЫЙ ПРЕДПРИНИМАТЕЛЬ ВАСИН ДМИТРИЙ ВЯЧЕСЛАВОВИЧ";"0,00";"0,00";"2000,00"
"02.04.2026 11:54:29";"02.04.2026";"*4531";"OK";"-5000,00";"RUB";"-5000,00";"RUB";"";"Переводы";"6538";"Перевод на карту";"0,00";"0,00";"-5000,00"
"02.04.2026 11:53:07";"02.04.2026";"*4531";"OK";"5000,00";"RUB";"5000,00";"RUB";"";"Переводы";"";"Пополнение. ИНДИВИДУАЛЬНЫЙ ПРЕДПРИНИМАТЕЛЬ ВАСИН ДМИТРИЙ ВЯЧЕСЛАВОВИЧ";"0,00";"0,00";"5000,00"
"01.04.2026 19:00:20";"01.04.2026";"*4531";"OK";"-34850,00";"RUB";"-34850,00";"RUB";"";"Переводы";"";"Александра Т.";"0,00";"0,00";"-34850,00"
"01.04.2026 18:59:32";"01.04.2026";"*4531";"OK";"16850,00";"RUB";"16850,00";"RUB";"";"Переводы";"";"Пополнение. ИНДИВИДУАЛЬНЫЙ ПРЕДПРИНИМАТЕЛЬ ВАСИН ДМИТРИЙ ВЯЧЕСЛАВОВИЧ";"0,00";"0,00";"16850,00"
"01.04.2026 18:56:31";"01.04.2026";"*4531";"OK";"-15000,00";"RUB";"-15000,00";"RUB";"";"Переводы";"";"Светлана Б.";"0,00";"0,00";"-15000,00"
"01.04.2026 18:56:06";"01.04.2026";"*4531";"OK";"23000,00";"RUB";"23000,00";"RUB";"";"Переводы";"";"Пополнение. ИНДИВИДУАЛЬНЫЙ ПРЕДПРИНИМАТЕЛЬ ВАСИН ДМИТРИЙ ВЯЧЕСЛАВОВИЧ";"0,00";"0,00";"23000,00"
"01.04.2026 15:21:35";"01.04.2026";"*6731";"OK";"-299,00";"RUB";"-299,00";"RUB";"";"Другое";"";"Подписка Pro";"0,00";"0,00";"-299,00"
"01.04.2026 14:37:42";"01.04.2026";"";"OK";"-1282,00";"RUB";"-1282,00";"RUB";"";"Рестораны";"5812";"Мясо&Рыба_P_QR";"0,00";"0,00";"-1282,00"
"01.04.2026 14:24:35";"01.04.2026";"*6731";"OK";"2769,95";"RUB";"2769,95";"RUB";"";"Переводы";"";"Пополнение. ИНДИВИДУАЛЬНЫЙ ПРЕДПРИНИМАТЕЛЬ ВАСИН ДМИТРИЙ ВЯЧЕСЛАВОВИЧ";"0,00";"0,00";"2769,95"
"01.04.2026 13:00:46";"01.04.2026";"";"OK";"-500,00";"RUB";"-500,00";"RUB";"";"Связь";"4814";"t2";"0,00";"0,00";"-500,00"
"01.04.2026 12:50:17";"01.04.2026";"";"OK";"-2500,00";"RUB";"-2500,00";"RUB";"";"Сервис";"7311";"Tilda";"0,00";"0,00";"-2500,00"
"01.04.2026 12:50:02";"01.04.2026";"*6731";"OK";"1500,00";"RUB";"1500,00";"RUB";"";"Переводы";"";"Между своими счетами";"0,00";"0,00";"1500,00"
"01.04.2026 12:50:01";"01.04.2026";"*4531";"OK";"-1500,00";"RUB";"-1500,00";"RUB";"";"Переводы";"";"Между своими счетами";"0,00";"0,00";"-1500,00"
"01.04.2026 11:26:39";"01.04.2026";"*6731";"OK";"-1313,00";"RUB";"-1313,00";"RUB";"";"Супермаркеты";"3990";"Яндекс Лавка";"0,00";"0,00";"-1313,00"
"01.04.2026 11:26:21";"01.04.2026";"*6731";"OK";"1925,00";"RUB";"1925,00";"RUB";"";"Переводы";"";"Между своими счетами";"0,00";"0,00";"1925,00"
"01.04.2026 11:26:20";"01.04.2026";"*4531";"OK";"-1925,00";"RUB";"-1925,00";"RUB";"";"Переводы";"";"Между своими счетами";"0,00";"0,00";"-1925,00"
"01.04.2026 11:26:06";"01.04.2026";"*6731";"OK";"316,64";"RUB";"316,64";"RUB";"";"Переводы";"";"Пополнение. ИНДИВИДУАЛЬНЫЙ ПРЕДПРИНИМАТЕЛЬ ВАСИН ДМИТРИЙ ВЯЧЕСЛАВОВИЧ";"0,00";"0,00";"316,64"
"01.04.2026 09:52:54";"01.04.2026";"*6731";"OK";"-4500,00";"RUB";"-4500,00";"RUB";"";"Различные товары";"5734";"PushSMS";"0,00";"0,00";"-4500,00"
"01.04.2026 09:52:35";"01.04.2026";"*6731";"OK";"4200,00";"RUB";"4200,00";"RUB";"";"Переводы";"";"Между своими счетами";"0,00";"0,00";"4200,00"
"01.04.2026 09:52:34";"01.04.2026";"*4531";"OK";"-4200,00";"RUB";"-4200,00";"RUB";"";"Переводы";"";"Между своими счетами";"0,00";"0,00";"-4200,00"
"01.04.2026 09:09:14";"01.04.2026";"*4531";"OK";"-15850,00";"RUB";"-15850,00";"RUB";"";"Переводы";"";"Марина Ц.";"0,00";"0,00";"-15850,00"
"01.04.2026 09:07:41";"01.04.2026";"*4531";"OK";"-22260,00";"RUB";"-22260,00";"RUB";"";"Переводы";"";"Екатерина Б.";"0,00";"0,00";"-22260,00"
"01.04.2026 09:03:44";"01.04.2026";"*4531";"OK";"-1420,00";"RUB";"-1420,00";"RUB";"";"Переводы";"";"Андрей Д.";"0,00";"0,00";"-1420,00"
"01.04.2026 08:59:03";"01.04.2026";"*4531";"OK";"-11345,00";"RUB";"-11345,00";"RUB";"";"Переводы";"";"Анастасия К.";"0,00";"0,00";"-11345,00"
"01.04.2026 08:57:03";"01.04.2026";"*4531";"OK";"69000,00";"RUB";"69000,00";"RUB";"";"Переводы";"";"Пополнение. ИНДИВИДУАЛЬНЫЙ ПРЕДПРИНИМАТЕЛЬ ВАСИН ДМИТРИЙ ВЯЧЕСЛАВОВИЧ";"0,00";"0,00";"69000,00"
"01.04.2026 08:48:26";"01.04.2026";"";"OK";"-530,00";"RUB";"-530,00";"RUB";"";"Фастфуд";"5814";"Братья Караваевы";"0,00";"0,00";"-530,00"
"01.04.2026 08:46:02";"01.04.2026";"*6731";"OK";"800,00";"RUB";"800,00";"RUB";"";"Переводы";"";"Пополнение. ИНДИВИДУАЛЬНЫЙ ПРЕДПРИНИМАТЕЛЬ ВАСИН ДМИТРИЙ ВЯЧЕСЛАВОВИЧ";"0,00";"0,00";"800,00"
"31.03.2026 22:04:22";"01.04.2026";"*4531";"OK";"-4000,00";"RUB";"-4000,00";"RUB";"";"Переводы";"";"Надежда Г.";"0,00";"0,00";"-4000,00"
"31.03.2026 22:04:03";"01.04.2026";"*4531";"OK";"4000,00";"RUB";"4000,00";"RUB";"";"Переводы";"";"Пополнение. ИНДИВИДУАЛЬНЫЙ ПРЕДПРИНИМАТЕЛЬ ВАСИН ДМИТРИЙ ВЯЧЕСЛАВОВИЧ";"0,00";"0,00";"4000,00"
"31.03.2026 16:02:44";"31.03.2026";"*6731";"OK";"8,57";"RUB";"8,57";"RUB";"";"Переводы";"";"Между своими счетами";"0,00";"0,00";"8,57"
"31.03.2026 16:02:42";"31.03.2026";"*4531";"OK";"-8,57";"RUB";"-8,57";"RUB";"";"Переводы";"";"Между своими счетами";"0,00";"0,00";"-8,57"
"31.03.2026 14:45:00";"31.03.2026";"";"OK";"-39,00";"RUB";"-39,00";"RUB";"";"Маркетплейсы";"5699";"WILDBERRIES";"0,00";"0,00";"-39,00"
"31.03.2026 09:32:58";"31.03.2026";"";"OK";"-1915,00";"RUB";"-1915,00";"RUB";"";"Маркетплейсы";"5699";"WILDBERRIES";"0,00";"0,00";"-1915,00"
"31.03.2026 09:32:40";"31.03.2026";"*6731";"OK";"533,07";"RUB";"533,07";"RUB";"";"Переводы";"";"Пополнение. ИНДИВИДУАЛЬНЫЙ ПРЕДПРИНИМАТЕЛЬ ВАСИН ДМИТРИЙ ВЯЧЕСЛАВОВИЧ";"0,00";"0,00";"533,07"
"31.03.2026 09:31:36";"";"*6731";"FAILED";"-1915,00";"RUB";"-1915,00";"RUB";"";"Одежда и обувь";"";"Покупка по QR";"0,00";"0,00";"-1915,00"
"31.03.2026 09:09:22";"31.03.2026";"";"OK";"-659,98";"RUB";"-659,98";"RUB";"";"Супермаркеты";"5411";"Магнит";"0,00";"0,00";"-659,98"
"30.03.2026 23:02:08";"31.03.2026";"";"OK";"-577,94";"RUB";"-577,94";"RUB";"";"Супермаркеты";"5411";"Магнит";"0,00";"0,00";"-577,94"
"30.03.2026 22:46:52";"31.03.2026";"*4531";"OK";"-2000,00";"RUB";"-2000,00";"RUB";"";"Переводы";"";"Анатолий С.";"0,00";"0,00";"-2000,00"
"30.03.2026 22:46:29";"31.03.2026";"*4531";"OK";"2000,00";"RUB";"2000,00";"RUB";"";"Переводы";"";"Пополнение. ИНДИВИДУАЛЬНЫЙ ПРЕДПРИНИМАТЕЛЬ ВАСИН ДМИТРИЙ ВЯЧЕСЛАВОВИЧ";"0,00";"0,00";"2000,00"
"30.03.2026 22:30:09";"31.03.2026";"*4531";"OK";"-5000,00";"RUB";"-5000,00";"RUB";"";"Переводы";"";"Павел Т.";"0,00";"0,00";"-5000,00"
"30.03.2026 22:28:59";"31.03.2026";"*4531";"OK";"4100,00";"RUB";"4100,00";"RUB";"";"Переводы";"";"Пополнение. ИНДИВИДУАЛЬНЫЙ ПРЕДПРИНИМАТЕЛЬ ВАСИН ДМИТРИЙ ВЯЧЕСЛАВОВИЧ";"0,00";"0,00";"4100,00"
"30.03.2026 19:37:32";"30.03.2026";"";"OK";"-184,99";"RUB";"-184,99";"RUB";"";"Супермаркеты";"5411";"Магазин";"0,00";"0,00";"-184,99"
"30.03.2026 19:24:49";"30.03.2026";"";"OK";"-405,00";"RUB";"-405,00";"RUB";"";"Фастфуд";"5814";"Теремок";"0,00";"0,00";"-405,00"
"30.03.2026 19:17:31";"30.03.2026";"";"OK";"-328,00";"RUB";"-328,00";"RUB";"";"Фастфуд";"5814";"Вкусно — и точка";"0,00";"0,00";"-328,00"
"30.03.2026 15:30:25";"30.03.2026";"";"OK";"-300,00";"RUB";"-300,00";"RUB";"";"Местный транспорт";"4111";"Московский метрополитен";"0,00";"0,00";"-300,00"
"30.03.2026 11:44:05";"30.03.2026";"*4531";"OK";"-2490,00";"RUB";"-2490,00";"RUB";"";"Кредиты";"9999";"Досрочное погашение";"0,00";"0,00";"-2490,00"
"30.03.2026 11:43:26";"30.03.2026";"*4531";"OK";"-1360,00";"RUB";"-1360,00";"RUB";"";"Переводы";"";"Андрей Д.";"0,00";"0,00";"-1360,00"
"30.03.2026 11:43:09";"30.03.2026";"*4531";"OK";"4758,57";"RUB";"4758,57";"RUB";"";"Переводы";"";"Пополнение. ИНДИВИДУАЛЬНЫЙ ПРЕДПРИНИМАТЕЛЬ ВАСИН ДМИТРИЙ ВЯЧЕСЛАВОВИЧ";"0,00";"0,00";"4758,57"
"30.03.2026 08:41:23";"30.03.2026";"";"OK";"-530,00";"RUB";"-530,00";"RUB";"";"Сервис";"5399";"Яндекс Сервисы";"0,00";"0,00";"-530,00"
"29.03.2026 13:59:07";"29.03.2026";"*4531";"OK";"-10000,00";"RUB";"-10000,00";"RUB";"";"Наличные";"6011";"Снятие в банкомате Т-Банк";"0,00";"0,00";"-10000,00"
"29.03.2026 11:55:24";"29.03.2026";"*4531";"OK";"-3000,00";"RUB";"-3000,00";"RUB";"";"Переводы";"";"Оксана М.";"0,00";"0,00";"-3000,00"
"29.03.2026 11:55:01";"29.03.2026";"*4531";"OK";"13000,00";"RUB";"13000,00";"RUB";"";"Переводы";"";"Пополнение. ИНДИВИДУАЛЬНЫЙ ПРЕДПРИНИМАТЕЛЬ ВАСИН ДМИТРИЙ ВЯЧЕСЛАВОВИЧ";"0,00";"0,00";"13000,00"
"29.03.2026 10:37:10";"29.03.2026";"";"OK";"-50,00";"RUB";"-50,00";"RUB";"";"Фастфуд";"5814";"Чайная_P_QR";"0,00";"0,00";"-50,00"
"29.03.2026 00:39:02";"29.03.2026";"";"OK";"423,48";"RUB";"423,48";"RUB";"";"Различные товары";"5399";"OZON";"0,00";"0,00";"423,48"
"28.03.2026 20:07:39";"28.03.2026";"*6731";"OK";"-1713,00";"RUB";"-1713,00";"RUB";"";"Фастфуд";"3990";"Яндекс Еда";"0,00";"0,00";"-1713,00"
"28.03.2026 20:07:29";"28.03.2026";"*6731";"OK";"5000,00";"RUB";"5000,00";"RUB";"";"Переводы";"";"Пополнение. ИНДИВИДУАЛЬНЫЙ ПРЕДПРИНИМАТЕЛЬ ВАСИН ДМИТРИЙ ВЯЧЕСЛАВОВИЧ";"0,00";"0,00";"5000,00"
"28.03.2026 17:26:42";"28.03.2026";"";"OK";"-2709,00";"RUB";"-2709,00";"RUB";"";"Маркетплейсы";"5399";"Ozon.ru";"0,00";"0,00";"-2709,00"
"28.03.2026 17:26:31";"28.03.2026";"*6731";"OK";"3221,05";"RUB";"3221,05";"RUB";"";"Переводы";"";"Пополнение. ИНДИВИДУАЛЬНЫЙ ПРЕДПРИНИМАТЕЛЬ ВАСИН ДМИТРИЙ ВЯЧЕСЛАВОВИЧ";"0,00";"0,00";"3221,05"
"28.03.2026 14:24:22";"28.03.2026";"*4531";"OK";"-10000,00";"RUB";"-10000,00";"RUB";"";"Наличные";"6011";"Снятие в банкомате Т-Банк";"0,00";"0,00";"-10000,00"
"28.03.2026 14:04:33";"28.03.2026";"*4531";"OK";"10000,00";"RUB";"10000,00";"RUB";"";"Переводы";"";"Пополнение. ИНДИВИДУАЛЬНЫЙ ПРЕДПРИНИМАТЕЛЬ ВАСИН ДМИТРИЙ ВЯЧЕСЛАВОВИЧ";"0,00";"0,00";"10000,00"
"28.03.2026 14:02:19";"28.03.2026";"";"OK";"-335,00";"RUB";"-335,00";"RUB";"";"Фастфуд";"5814";"Вкусно — и точка";"0,00";"0,00";"-335,00"
"28.03.2026 09:20:33";"28.03.2026";"*6731";"OK";"-1200,00";"RUB";"-1200,00";"RUB";"";"Сервис";"7372";"Y.M*Kwork";"0,00";"0,00";"-1200,00"
"27.03.2026 23:30:59";"28.03.2026";"";"OK";"-503,00";"RUB";"-503,00";"RUB";"";"Маркетплейсы";"5399";"Ozon.ru";"0,00";"0,00";"-503,00"
"27.03.2026 19:57:12";"27.03.2026";"*6731";"OK";"-1320,00";"RUB";"-1320,00";"RUB";"";"Супермаркеты";"3990";"Яндекс Лавка";"0,00";"0,00";"-1320,00"
"27.03.2026 18:37:33";"27.03.2026";"";"OK";"-520,00";"RUB";"-520,00";"RUB";"";"Рестораны";"5812";"ШОКО КОМСОМОЛЬСКИЙ 29 КМ";"0,00";"0,00";"-520,00"
"27.03.2026 17:08:38";"27.03.2026";"*6731";"OK";"3164,36";"RUB";"3164,36";"RUB";"";"Переводы";"";"Пополнение. ИНДИВИДУАЛЬНЫЙ ПРЕДПРИНИМАТЕЛЬ ВАСИН ДМИТРИЙ ВЯЧЕСЛАВОВИЧ";"0,00";"0,00";"3164,36"
"27.03.2026 14:01:41";"27.03.2026";"*6731";"OK";"-794,46";"RUB";"-794,46";"RUB";"";"Каршеринг";"3990";"Яндекс Драйв";"0,00";"0,00";"-794,46"
"27.03.2026 13:40:12";"27.03.2026";"*6731";"OK";"-28,33";"RUB";"-28,33";"RUB";"";"Каршеринг";"3990";"Яндекс Драйв";"0,00";"0,00";"-28,33"
"27.03.2026 12:39:02";"27.03.2026";"";"OK";"-128,00";"RUB";"-128,00";"RUB";"";"Супермаркеты";"5411";"ВкусВилл";"0,00";"0,00";"-128,00"
"27.03.2026 12:37:10";"27.03.2026";"";"OK";"-120,00";"RUB";"-120,00";"RUB";"";"Супермаркеты";"5411";"ВкусВилл";"0,00";"0,00";"-120,00"
"27.03.2026 10:30:09";"27.03.2026";"";"OK";"-39,00";"RUB";"-39,00";"RUB";"";"Маркетплейсы";"5699";"WILDBERRIES";"0,00";"0,00";"-39,00"
"27.03.2026 08:40:11";"27.03.2026";"";"OK";"-739,00";"RUB";"-739,00";"RUB";"";"Маркетплейсы";"5699";"WILDBERRIES";"0,00";"0,00";"-739,00"
"27.03.2026 08:27:10";"27.03.2026";"";"OK";"-630,00";"RUB";"-630,00";"RUB";"";"Сервис";"5399";"Яндекс Сервисы";"0,00";"0,00";"-630,00"
"26.03.2026 21:21:43";"26.03.2026";"*4531";"OK";"-2000,00";"RUB";"-2000,00";"RUB";"";"Переводы";"";"Анатолий С.";"0,00";"0,00";"-2000,00"
"26.03.2026 21:19:29";"26.03.2026";"*4531";"OK";"1600,00";"RUB";"1600,00";"RUB";"";"Переводы";"";"Пополнение. ИНДИВИДУАЛЬНЫЙ ПРЕДПРИНИМАТЕЛЬ ВАСИН ДМИТРИЙ ВЯЧЕСЛАВОВИЧ";"0,00";"0,00";"1600,00"
"26.03.2026 15:29:14";"26.03.2026";"";"OK";"-8277,26";"RUB";"-8277,26";"RUB";"";"Фото и копицентры";"7338";"Copy.Ru";"0,00";"0,00";"-8277,26"
"26.03.2026 15:29:05";"26.03.2026";"*6731";"OK";"10168,11";"RUB";"10168,11";"RUB";"";"Переводы";"";"Пополнение. ИНДИВИДУАЛЬНЫЙ ПРЕДПРИНИМАТЕЛЬ ВАСИН ДМИТРИЙ ВЯЧЕСЛАВОВИЧ";"0,00";"0,00";"10168,11"
"26.03.2026 13:10:11";"26.03.2026";"";"OK";"-500,00";"RUB";"-500,00";"RUB";"";"Местный транспорт";"4111";"Московский метрополитен";"0,00";"0,00";"-500,00"
"26.03.2026 12:56:30";"26.03.2026";"";"OK";"-730,00";"RUB";"-730,00";"RUB";"";"Фастфуд";"5814";"ИП ВОЛГА М.С_P_QR";"0,00";"0,00";"-730,00"
"26.03.2026 08:47:45";"26.03.2026";"";"OK";"-880,00";"RUB";"-880,00";"RUB";"";"Фастфуд";"5814";"Флип_P_QR";"0,00";"0,00";"-880,00"
"25.03.2026 21:09:18";"25.03.2026";"*4531";"OK";"-2000,00";"RUB";"-2000,00";"RUB";"";"Переводы";"";"Анатолий С.";"0,00";"0,00";"-2000,00"
"25.03.2026 20:10:02";"25.03.2026";"*4531";"OK";"2400,00";"RUB";"2400,00";"RUB";"";"Переводы";"";"Пополнение. ИНДИВИДУАЛЬНЫЙ ПРЕДПРИНИМАТЕЛЬ ВАСИН ДМИТРИЙ ВЯЧЕСЛАВОВИЧ";"0,00";"0,00";"2400,00"
"25.03.2026 17:30:06";"25.03.2026";"";"OK";"-2028,67";"RUB";"-2028,67";"RUB";"";"Фастфуд";"5814";"VTB QR PAY";"0,00";"0,00";"-2028,67"
"25.03.2026 14:54:52";"25.03.2026";"";"OK";"-300,00";"RUB";"-300,00";"RUB";"";"Супермаркеты";"5411";"ВкусВилл";"0,00";"0,00";"-300,00"
"25.03.2026 13:20:15";"25.03.2026";"";"OK";"-847,00";"RUB";"-847,00";"RUB";"";"Фастфуд";"5814";"PBO PRIMESTAR USACH_P_QR";"0,00";"0,00";"-847,00"
"25.03.2026 08:56:56";"25.03.2026";"";"OK";"-630,00";"RUB";"-630,00";"RUB";"";"Сервис";"5399";"Яндекс Сервисы";"0,00";"0,00";"-630,00"
"25.03.2026 06:20:32";"25.03.2026";"";"OK";"-2999,00";"RUB";"-2999,00";"RUB";"";"Одежда и обувь";"5651";"LIME";"0,00";"0,00";"-2999,00"
"24.03.2026 21:40:17";"24.03.2026";"*4531";"OK";"-1390,00";"RUB";"-1390,00";"RUB";"";"Переводы";"";"Андрей Д.";"0,00";"0,00";"-1390,00"
"24.03.2026 21:39:59";"24.03.2026";"*4531";"OK";"1390,00";"RUB";"1390,00";"RUB";"";"Переводы";"";"Пополнение. ИНДИВИДУАЛЬНЫЙ ПРЕДПРИНИМАТЕЛЬ ВАСИН ДМИТРИЙ ВЯЧЕСЛАВОВИЧ";"0,00";"0,00";"1390,00"
"24.03.2026 21:07:16";"24.03.2026";"*4531";"OK";"-3200,00";"RUB";"-3200,00";"RUB";"";"Переводы";"";"Анатолий С.";"0,00";"0,00";"-3200,00"
"24.03.2026 21:06:59";"24.03.2026";"*4531";"OK";"3180,00";"RUB";"3180,00";"RUB";"";"Переводы";"";"Пополнение. ИНДИВИДУАЛЬНЫЙ ПРЕДПРИНИМАТЕЛЬ ВАСИН ДМИТРИЙ ВЯЧЕСЛАВОВИЧ";"0,00";"0,00";"3180,00"
"24.03.2026 20:13:58";"24.03.2026";"";"OK";"-205,99";"RUB";"-205,99";"RUB";"";"Супермаркеты";"5411";"Магнит";"0,00";"0,00";"-205,99"
"24.03.2026 18:31:24";"24.03.2026";"";"OK";"-1080,00";"RUB";"-1080,00";"RUB";"";"Фастфуд";"5814";"БИЗНЕС-КОНЦЕПТ_P_QR";"0,00";"0,00";"-1080,00"
"24.03.2026 16:11:39";"24.03.2026";"*4531";"OK";"-15000,00";"RUB";"-15000,00";"RUB";"";"Переводы";"";"Олег К.";"0,00";"0,00";"-15000,00"
"24.03.2026 16:11:03";"24.03.2026";"*4531";"OK";"12800,00";"RUB";"12800,00";"RUB";"";"Переводы";"";"Пополнение. ИНДИВИДУАЛЬНЫЙ ПРЕДПРИНИМАТЕЛЬ ВАСИН ДМИТРИЙ ВЯЧЕСЛАВОВИЧ";"0,00";"0,00";"12800,00"
"24.03.2026 08:44:29";"24.03.2026";"";"OK";"-530,00";"RUB";"-530,00";"RUB";"";"Фастфуд";"5814";"Братья Караваевы";"0,00";"0,00";"-530,00"
"23.03.2026 17:43:51";"23.03.2026";"*6731";"OK";"-300,00";"RUB";"-300,00";"RUB";"";"Экосистема Яндекс";"3990";"Бери заряд!";"0,00";"0,00";"-300,00"
"23.03.2026 15:40:45";"23.03.2026";"";"OK";"-780,00";"RUB";"-780,00";"RUB";"";"Фастфуд";"5814";"Cafeteria de Madre";"0,00";"0,00";"-780,00"
"23.03.2026 14:21:41";"23.03.2026";"";"OK";"-39,00";"RUB";"-39,00";"RUB";"";"Маркетплейсы";"5699";"WILDBERRIES";"0,00";"0,00";"-39,00"
"23.03.2026 13:07:44";"23.03.2026";"*4531";"OK";"-1390,00";"RUB";"-1390,00";"RUB";"";"Переводы";"";"Андрей Д.";"0,00";"0,00";"-1390,00"
"23.03.2026 12:50:48";"23.03.2026";"";"OK";"-346,00";"RUB";"-346,00";"RUB";"";"Аптеки";"5912";"Аптека";"0,00";"0,00";"-346,00"
"23.03.2026 10:07:22";"23.03.2026";"*4531";"OK";"-1390,00";"RUB";"-1390,00";"RUB";"";"Переводы";"";"Андрей Д.";"0,00";"0,00";"-1390,00"
"23.03.2026 10:05:03";"23.03.2026";"*4531";"OK";"5000,00";"RUB";"5000,00";"RUB";"";"Переводы";"";"Пополнение. ИНДИВИДУАЛЬНЫЙ ПРЕДПРИНИМАТЕЛЬ ВАСИН ДМИТРИЙ ВЯЧЕСЛАВОВИЧ";"0,00";"0,00";"5000,00"
"23.03.2026 09:46:13";"23.03.2026";"";"OK";"-130,00";"RUB";"-130,00";"RUB";"";"Сервис";"5399";"Яндекс Сервисы";"0,00";"0,00";"-130,00"
"23.03.2026 09:33:28";"23.03.2026";"";"OK";"-885,00";"RUB";"-885,00";"RUB";"";"Сервис";"5399";"Яндекс Сервисы";"0,00";"0,00";"-885,00"
"23.03.2026 09:33:04";"23.03.2026";"*6731";"OK";"34763,33";"RUB";"34763,33";"RUB";"";"Переводы";"";"Пополнение. ИНДИВИДУАЛЬНЫЙ ПРЕДПРИНИМАТЕЛЬ ВАСИН ДМИТРИЙ ВЯЧЕСЛАВОВИЧ";"0,00";"0,00";"34763,33"
"22.03.2026 20:30:02";"22.03.2026";"*4531";"OK";"-4000,00";"RUB";"-4000,00";"RUB";"";"Переводы";"";"Надежда Г.";"0,00";"0,00";"-4000,00"
"22.03.2026 20:29:30";"22.03.2026";"*4531";"OK";"4000,00";"RUB";"4000,00";"RUB";"";"Переводы";"";"Пополнение. ИНДИВИДУАЛЬНЫЙ ПРЕДПРИНИМАТЕЛЬ ВАСИН ДМИТРИЙ ВЯЧЕСЛАВОВИЧ";"0,00";"0,00";"4000,00"
"22.03.2026 19:38:36";"22.03.2026";"";"OK";"-1987,00";"RUB";"-1987,00";"RUB";"";"Маркетплейсы";"5699";"WILDBERRIES";"0,00";"0,00";"-1987,00"
"22.03.2026 19:38:22";"22.03.2026";"*6731";"OK";"900,00";"RUB";"900,00";"RUB";"";"Переводы";"";"Между своими счетами";"0,00";"0,00";"900,00"
"22.03.2026 19:38:21";"22.03.2026";"*4531";"OK";"-900,00";"RUB";"-900,00";"RUB";"";"Переводы";"";"Между своими счетами";"0,00";"0,00";"-900,00"
"22.03.2026 15:07:00";"22.03.2026";"";"OK";"-719,00";"RUB";"-719,00";"RUB";"";"Фастфуд";"5814";"Лепим и варим";"0,00";"0,00";"-719,00"
"22.03.2026 15:05:27";"22.03.2026";"*4531";"OK";"900,00";"RUB";"900,00";"RUB";"";"Переводы";"";"Анастасия С.";"0,00";"0,00";"900,00"
"22.03.2026 13:56:31";"22.03.2026";"*4531";"OK";"-3000,00";"RUB";"-3000,00";"RUB";"";"Переводы";"";"Александра М.";"0,00";"0,00";"-3000,00"
"22.03.2026 12:34:06";"22.03.2026";"";"OK";"-687,00";"RUB";"-687,00";"RUB";"";"Маркетплейсы";"5399";"Ozon.ru";"0,00";"0,00";"-687,00"
"22.03.2026 12:22:35";"22.03.2026";"";"OK";"-1233,00";"RUB";"-1233,00";"RUB";"";"Маркетплейсы";"5399";"Ozon.ru";"0,00";"0,00";"-1233,00"
"22.03.2026 12:18:32";"22.03.2026";"*6731";"OK";"3978,38";"RUB";"3978,38";"RUB";"";"Переводы";"";"Пополнение. ИНДИВИДУАЛЬНЫЙ ПРЕДПРИНИМАТЕЛЬ ВАСИН ДМИТРИЙ ВЯЧЕСЛАВОВИЧ";"0,00";"0,00";"3978,38"
"22.03.2026 12:18:16";"";"*6731";"FAILED";"-687,00";"RUB";"-687,00";"RUB";"";"Различные товары";"";"Покупка по QR";"0,00";"0,00";"-687,00"
"22.03.2026 12:17:35";"";"*6731";"FAILED";"-687,00";"RUB";"-687,00";"RUB";"";"Различные товары";"";"Покупка по QR";"0,00";"0,00";"-687,00"
"22.03.2026 12:09:19";"22.03.2026";"*4531";"OK";"-3000,00";"RUB";"-3000,00";"RUB";"";"Переводы";"";"Оксана М.";"0,00";"0,00";"-3000,00"
"22.03.2026 12:09:02";"22.03.2026";"*4531";"OK";"5500,00";"RUB";"5500,00";"RUB";"";"Переводы";"";"Пополнение. ИНДИВИДУАЛЬНЫЙ ПРЕДПРИНИМАТЕЛЬ ВАСИН ДМИТРИЙ ВЯЧЕСЛАВОВИЧ";"0,00";"0,00";"5500,00"
"22.03.2026 09:14:27";"22.03.2026";"";"OK";"-730,00";"RUB";"-730,00";"RUB";"";"Фастфуд";"5814";"Флип_P_QR";"0,00";"0,00";"-730,00"
"22.03.2026 00:00:00";"";"";"OK";"-20504,33";"RUB";"-20504,33";"RUB";"";"Услуги банка";"";"Плата по кредитке";"0,00";"0,00";"-20504,33"
"22.03.2026 00:00:00";"";"";"OK";"0,00";"RUB";"0,00";"RUB";"";"Бонусы";"";"Зачисление кэшбэка";"0,00";"0,00";"0,00"
"21.03.2026 19:30:55";"21.03.2026";"";"OK";"-1842,00";"RUB";"-1842,00";"RUB";"";"Маркетплейсы";"5399";"Ozon.ru";"0,00";"0,00";"-1842,00"
"21.03.2026 13:59:59";"21.03.2026";"*4531";"OK";"-4500,00";"RUB";"-4500,00";"RUB";"";"Переводы";"";"Кристина Б.";"0,00";"0,00";"-4500,00"
"21.03.2026 13:57:32";"21.03.2026";"*4531";"OK";"5000,00";"RUB";"5000,00";"RUB";"";"Переводы";"";"Пополнение. ИНДИВИДУАЛЬНЫЙ ПРЕДПРИНИМАТЕЛЬ ВАСИН ДМИТРИЙ ВЯЧЕСЛАВОВИЧ";"0,00";"0,00";"5000,00"
"21.03.2026 10:30:28";"21.03.2026";"";"OK";"-39,00";"RUB";"-39,00";"RUB";"";"Маркетплейсы";"5699";"WILDBERRIES";"0,00";"0,00";"-39,00"
"21.03.2026 10:07:00";"21.03.2026";"";"OK";"-980,00";"RUB";"-980,00";"RUB";"";"Фастфуд";"5814";"Даблби";"0,00";"0,00";"-980,00"
"20.03.2026 19:28:07";"20.03.2026";"";"OK";"-1175,00";"RUB";"-1175,00";"RUB";"";"Маркетплейсы";"5300";"Avito";"0,00";"0,00";"-1175,00"
"20.03.2026 19:28:03";"20.03.2026";"*6731";"OK";"5000,00";"RUB";"5000,00";"RUB";"";"Переводы";"";"Пополнение. ИНДИВИДУАЛЬНЫЙ ПРЕДПРИНИМАТЕЛЬ ВАСИН ДМИТРИЙ ВЯЧЕСЛАВОВИЧ";"0,00";"0,00";"5000,00"
"20.03.2026 14:05:48";"20.03.2026";"";"OK";"-1580,00";"RUB";"-1580,00";"RUB";"";"Рестораны";"5812";"ШОКО КОМСОМОЛЬСКИЙ 29 КМ";"0,00";"0,00";"-1580,00"
"20.03.2026 13:52:40";"20.03.2026";"*6731";"OK";"1051,38";"RUB";"1051,38";"RUB";"";"Переводы";"";"Пополнение. ИНДИВИДУАЛЬНЫЙ ПРЕДПРИНИМАТЕЛЬ ВАСИН ДМИТРИЙ ВЯЧЕСЛАВОВИЧ";"0,00";"0,00";"1051,38"
"20.03.2026 13:28:33";"20.03.2026";"";"OK";"-500,00";"RUB";"-500,00";"RUB";"";"Местный транспорт";"4111";"Московский метрополитен";"0,00";"0,00";"-500,00"
"20.03.2026 10:26:15";"20.03.2026";"";"OK";"-39,00";"RUB";"-39,00";"RUB";"";"Маркетплейсы";"5699";"WILDBERRIES";"0,00";"0,00";"-39,00"
"20.03.2026 09:51:14";"20.03.2026";"";"OK";"-2695,00";"RUB";"-2695,00";"RUB";"";"Маркетплейсы";"5699";"WILDBERRIES";"0,00";"0,00";"-2695,00"
"19.03.2026 20:20:38";"19.03.2026";"*4531";"OK";"-5000,00";"RUB";"-5000,00";"RUB";"";"Переводы";"";"Артем Ш.";"0,00";"0,00";"-5000,00"
"19.03.2026 20:19:34";"19.03.2026";"*4531";"OK";"5000,00";"RUB";"5000,00";"RUB";"";"Переводы";"";"Пополнение. ИНДИВИДУАЛЬНЫЙ ПРЕДПРИНИМАТЕЛЬ ВАСИН ДМИТРИЙ ВЯЧЕСЛАВОВИЧ";"0,00";"0,00";"5000,00"
"19.03.2026 19:50:26";"19.03.2026";"";"OK";"-800,00";"RUB";"-800,00";"RUB";"";"Связь";"4814";"t2";"0,00";"0,00";"-800,00"
"19.03.2026 19:24:49";"19.03.2026";"*6731";"OK";"-766,00";"RUB";"-766,00";"RUB";"";"Такси";"3990";"Яндекс Такси";"0,00";"0,00";"-766,00"
"19.03.2026 18:52:55";"19.03.2026";"*4531";"OK";"-70000,00";"RUB";"-70000,00";"RUB";"";"Переводы";"";"Дмитрий В.";"0,00";"0,00";"-70000,00"
"19.03.2026 18:52:31";"19.03.2026";"*4531";"OK";"-30000,00";"RUB";"-30000,00";"RUB";"";"Переводы";"";"Юлия С.";"0,00";"0,00";"-30000,00"
"19.03.2026 18:52:02";"19.03.2026";"*4531";"OK";"100000,00";"RUB";"100000,00";"RUB";"";"Переводы";"";"Пополнение. ИНДИВИДУАЛЬНЫЙ ПРЕДПРИНИМАТЕЛЬ ВАСИН ДМИТРИЙ ВЯЧЕСЛАВОВИЧ";"0,00";"0,00";"100000,00"
"19.03.2026 18:25:37";"19.03.2026";"";"OK";"-350,00";"RUB";"-350,00";"RUB";"";"Супермаркеты";"5411";"Азбука Вкуса";"0,00";"0,00";"-350,00"
"19.03.2026 18:18:44";"19.03.2026";"";"OK";"-3700,00";"RUB";"-3700,00";"RUB";"";"Рестораны";"5812";"MOLON LAVE_P_QR";"0,00";"0,00";"-3700,00"
"19.03.2026 18:18:34";"19.03.2026";"*6731";"OK";"8769,81";"RUB";"8769,81";"RUB";"";"Переводы";"";"Пополнение. ИНДИВИДУАЛЬНЫЙ ПРЕДПРИНИМАТЕЛЬ ВАСИН ДМИТРИЙ ВЯЧЕСЛАВОВИЧ";"0,00";"0,00";"8769,81"
"19.03.2026 12:09:26";"19.03.2026";"";"OK";"-1120,00";"RUB";"-1120,00";"RUB";"";"Фастфуд";"5814";"Surf Coffe x Sport_P_QR";"0,00";"0,00";"-1120,00"
"19.03.2026 10:48:20";"19.03.2026";"";"OK";"-39,00";"RUB";"-39,00";"RUB";"";"Маркетплейсы";"5699";"WILDBERRIES";"0,00";"0,00";"-39,00"
"19.03.2026 03:05:41";"19.03.2026";"*6731";"OK";"-999,00";"RUB";"-999,00";"RUB";"";"Экосистема Яндекс";"3990";"Яндекс Плюс";"0,00";"0,00";"-999,00"
"18.03.2026 18:01:58";"18.03.2026";"";"OK";"-189,00";"RUB";"-189,00";"RUB";"";"Супермаркеты";"5411";"Перекрёсток";"0,00";"0,00";"-189,00"
"18.03.2026 09:46:37";"18.03.2026";"*6731";"OK";"-1107,00";"RUB";"-1107,00";"RUB";"";"Супермаркеты";"3990";"Яндекс Лавка";"0,00";"0,00";"-1107,00"
"18.03.2026 09:25:27";"";"*4531";"FAILED";"-1057,00";"RUB";"-1057,00";"RUB";"";"Супермаркеты";"";"Покупка по QR";"0,00";"0,00";"-1057,00"
"18.03.2026 09:25:12";"18.03.2026";"*6731";"OK";"3755,22";"RUB";"3755,22";"RUB";"";"Переводы";"";"Пополнение. ИНДИВИДУАЛЬНЫЙ ПРЕДПРИНИМАТЕЛЬ ВАСИН ДМИТРИЙ ВЯЧЕСЛАВОВИЧ";"0,00";"0,00";"3755,22"
"18.03.2026 09:23:49";"18.03.2026";"*6731";"OK";"429,98";"RUB";"429,98";"RUB";"";"Переводы";"";"Между своими счетами";"0,00";"0,00";"429,98"
"18.03.2026 09:23:48";"18.03.2026";"*4531";"OK";"-429,98";"RUB";"-429,98";"RUB";"";"Переводы";"";"Между своими счетами";"0,00";"0,00";"-429,98"
"17.03.2026 14:37:57";"17.03.2026";"";"OK";"-950,00";"RUB";"-950,00";"RUB";"";"Рестораны";"5812";"ШОКО КОМСОМОЛЬСКИЙ 29 КМ";"0,00";"0,00";"-950,00"
"17.03.2026 14:37:53";"17.03.2026";"*6731";"OK";"494,02";"RUB";"494,02";"RUB";"";"Переводы";"";"Между своими счетами";"0,00";"0,00";"494,02"
"17.03.2026 14:37:52";"17.03.2026";"*4531";"OK";"-494,02";"RUB";"-494,02";"RUB";"";"Переводы";"";"Между своими счетами";"0,00";"0,00";"-494,02"
"17.03.2026 14:09:37";"17.03.2026";"";"OK";"-630,00";"RUB";"-630,00";"RUB";"";"Маркетплейсы";"5699";"WILDBERRIES";"0,00";"0,00";"-630,00"
"17.03.2026 10:26:30";"17.03.2026";"*6731";"OK";"160,00";"RUB";"160,00";"RUB";"";"Пополнения";"";"UNICUM";"0,00";"0,00";"160,00"
"17.03.2026 10:25:18";"17.03.2026";"";"OK";"-160,00";"RUB";"-160,00";"RUB";"";"Фастфуд";"5814";"UNICUM";"0,00";"0,00";"-160,00"
"17.03.2026 10:24:39";"17.03.2026";"";"OK";"-160,00";"RUB";"-160,00";"RUB";"";"Фастфуд";"5814";"UNICUM";"0,00";"0,00";"-160,00"
"17.03.2026 06:15:30";"17.03.2026";"";"OK";"-612,00";"RUB";"-612,00";"RUB";"";"Связь";"4814";"t2";"0,00";"0,00";"-612,00"
"16.03.2026 10:10:13";"16.03.2026";"";"OK";"-1834,00";"RUB";"-1834,00";"RUB";"";"Маркетплейсы";"5399";"Ozon.ru";"0,00";"0,00";"-1834,00"
"15.03.2026 18:44:26";"15.03.2026";"*4531";"OK";"-2276,00";"RUB";"-2276,00";"RUB";"";"Переводы";"";"Александра Т.";"0,00";"0,00";"-2276,00"
"15.03.2026 18:43:16";"15.03.2026";"*4531";"OK";"-712,00";"RUB";"-712,00";"RUB";"";"Переводы";"";"Светлана Б.";"0,00";"0,00";"-712,00"
"15.03.2026 18:16:26";"15.03.2026";"*4531";"OK";"-3500,00";"RUB";"-3500,00";"RUB";"";"Переводы";"";"Марина Ц.";"0,00";"0,00";"-3500,00"
"15.03.2026 18:00:22";"15.03.2026";"*4531";"OK";"-8780,00";"RUB";"-8780,00";"RUB";"";"Переводы";"";"Анастасия К.";"0,00";"0,00";"-8780,00"
"15.03.2026 17:59:09";"15.03.2026";"*4531";"OK";"16192,00";"RUB";"16192,00";"RUB";"";"Переводы";"";"Пополнение. ИНДИВИДУАЛЬНЫЙ ПРЕДПРИНИМАТЕЛЬ ВАСИН ДМИТРИЙ ВЯЧЕСЛАВОВИЧ";"0,00";"0,00";"16192,00"
"15.03.2026 11:26:19";"15.03.2026";"*4531";"OK";"-3000,00";"RUB";"-3000,00";"RUB";"";"Переводы";"";"Оксана М.";"0,00";"0,00";"-3000,00"
"15.03.2026 11:25:41";"15.03.2026";"*4531";"OK";"3000,00";"RUB";"3000,00";"RUB";"";"Переводы";"";"Пополнение. ИНДИВИДУАЛЬНЫЙ ПРЕДПРИНИМАТЕЛЬ ВАСИН ДМИТРИЙ ВЯЧЕСЛАВОВИЧ";"0,00";"0,00";"3000,00"
"15.03.2026 11:12:49";"15.03.2026";"";"OK";"-904,00";"RUB";"-904,00";"RUB";"";"Маркетплейсы";"5300";"Avito";"0,00";"0,00";"-904,00"
"15.03.2026 10:18:23";"15.03.2026";"";"OK";"-375,00";"RUB";"-375,00";"RUB";"";"Фастфуд";"5814";"Брусника";"0,00";"0,00";"-375,00"
"15.03.2026 09:55:17";"15.03.2026";"";"OK";"-835,20";"RUB";"-835,20";"RUB";"";"Фастфуд";"5814";"Брусника";"0,00";"0,00";"-835,20"
"15.03.2026 09:55:09";"15.03.2026";"*6731";"OK";"5000,00";"RUB";"5000,00";"RUB";"";"Переводы";"";"Пополнение. ИНДИВИДУАЛЬНЫЙ ПРЕДПРИНИМАТЕЛЬ ВАСИН ДМИТРИЙ ВЯЧЕСЛАВОВИЧ";"0,00";"0,00";"5000,00"
"14.03.2026 22:44:57";"15.03.2026";"";"OK";"-1442,00";"RUB";"-1442,00";"RUB";"";"Маркетплейсы";"5399";"Ozon.ru";"0,00";"0,00";"-1442,00"
"14.03.2026 14:51:16";"14.03.2026";"*6731";"OK";"-9092,86";"RUB";"-9092,86";"RUB";"";"ЖКХ";"";"ЖКУ-Москва";"0,00";"0,00";"-9092,86"
"14.03.2026 14:51:10";"14.03.2026";"*6731";"OK";"9500,00";"RUB";"9500,00";"RUB";"";"Переводы";"";"Пополнение. ИНДИВИДУАЛЬНЫЙ ПРЕДПРИНИМАТЕЛЬ ВАСИН ДМИТРИЙ ВЯЧЕСЛАВОВИЧ";"0,00";"0,00";"9500,00"
"14.03.2026 12:30:57";"14.03.2026";"";"OK";"-500,00";"RUB";"-500,00";"RUB";"";"Местный транспорт";"4111";"Московский метрополитен";"0,00";"0,00";"-500,00"
"14.03.2026 12:26:52";"14.03.2026";"";"OK";"-73,00";"RUB";"-73,00";"RUB";"";"Фастфуд";"5814";"1000094_P_QR";"0,00";"0,00";"-73,00"
"14.03.2026 12:20:10";"14.03.2026";"";"OK";"-990,00";"RUB";"-990,00";"RUB";"";"Рестораны";"5812";"ШОКО Б.ГРУЗИНСКАЯ 2";"0,00";"0,00";"-990,00"
"14.03.2026 10:19:36";"14.03.2026";"*4531";"OK";"-500,00";"RUB";"-500,00";"RUB";"";"Переводы";"";"Гаяне О.";"0,00";"0,00";"-500,00"
"14.03.2026 10:19:12";"14.03.2026";"*4531";"OK";"500,00";"RUB";"500,00";"RUB";"";"Переводы";"";"Пополнение. ИНДИВИДУАЛЬНЫЙ ПРЕДПРИНИМАТЕЛЬ ВАСИН ДМИТРИЙ ВЯЧЕСЛАВОВИЧ";"0,00";"0,00";"500,00"
"14.03.2026 10:18:10";"14.03.2026";"*6731";"OK";"3180,74";"RUB";"3180,74";"RUB";"";"Переводы";"";"Пополнение. ИНДИВИДУАЛЬНЫЙ ПРЕДПРИНИМАТЕЛЬ ВАСИН ДМИТРИЙ ВЯЧЕСЛАВОВИЧ";"0,00";"0,00";"3180,74"
"14.03.2026 09:25:49";"14.03.2026";"";"OK";"-200,00";"RUB";"-200,00";"RUB";"";"Сервис";"5399";"Яндекс Сервисы";"0,00";"0,00";"-200,00"
"14.03.2026 09:02:37";"14.03.2026";"*6731";"OK";"-587,00";"RUB";"-587,00";"RUB";"";"Такси";"3990";"Яндекс Такси";"0,00";"0,00";"-587,00"
"14.03.2026 08:53:33";"14.03.2026";"*6731";"OK";"-1700,00";"RUB";"-1700,00";"RUB";"";"Искусство";"7991";"Mosbilet.ru";"0,00";"0,00";"-1700,00"
"14.03.2026 08:52:46";"14.03.2026";"*6731";"OK";"1110,00";"RUB";"1110,00";"RUB";"";"Переводы";"";"Между своими счетами";"0,00";"0,00";"1110,00"
"14.03.2026 08:52:45";"14.03.2026";"*4531";"OK";"-1110,00";"RUB";"-1110,00";"RUB";"";"Переводы";"";"Между своими счетами";"0,00";"0,00";"-1110,00"
"13.03.2026 20:49:11";"13.03.2026";"*4531";"OK";"-1390,00";"RUB";"-1390,00";"RUB";"";"Переводы";"";"Андрей Д.";"0,00";"0,00";"-1390,00"
"13.03.2026 18:36:24";"13.03.2026";"";"OK";"-130,00";"RUB";"-130,00";"RUB";"";"Фастфуд";"5814";"Братья Караваевы";"0,00";"0,00";"-130,00"
"13.03.2026 18:32:56";"13.03.2026";"";"OK";"-420,00";"RUB";"-420,00";"RUB";"";"Фастфуд";"5814";"Братья Караваевы";"0,00";"0,00";"-420,00"
"13.03.2026 18:21:21";"13.03.2026";"*4531";"OK";"-4500,00";"RUB";"-4500,00";"RUB";"";"Переводы";"6538";"Перевод на карту";"0,00";"0,00";"-4500,00"
"13.03.2026 18:20:42";"13.03.2026";"*4531";"OK";"7000,00";"RUB";"7000,00";"RUB";"";"Переводы";"";"Пополнение. ИНДИВИДУАЛЬНЫЙ ПРЕДПРИНИМАТЕЛЬ ВАСИН ДМИТРИЙ ВЯЧЕСЛАВОВИЧ";"0,00";"0,00";"7000,00"
"13.03.2026 18:13:53";"13.03.2026";"";"OK";"-796,30";"RUB";"-796,30";"RUB";"";"Фастфуд";"5814";"Братья Караваевы";"0,00";"0,00";"-796,30"
"13.03.2026 18:03:39";"13.03.2026";"";"OK";"-1,00";"RUB";"-1,00";"RUB";"";"Фастфуд";"5814";"Дринкит";"0,00";"0,00";"-1,00"
"13.03.2026 16:53:43";"13.03.2026";"*4531";"OK";"-3000,00";"RUB";"-3000,00";"RUB";"";"Переводы";"";"Артем Ш.";"0,00";"0,00";"-3000,00"
"13.03.2026 16:53:16";"13.03.2026";"*4531";"OK";"3000,00";"RUB";"3000,00";"RUB";"";"Переводы";"";"Пополнение. ИНДИВИДУАЛЬНЫЙ ПРЕДПРИНИМАТЕЛЬ ВАСИН ДМИТРИЙ ВЯЧЕСЛАВОВИЧ";"0,00";"0,00";"3000,00"
"13.03.2026 15:59:14";"13.03.2026";"";"OK";"-3150,00";"RUB";"-3150,00";"RUB";"";"Тренировки";"7941";"Беговое сообщество";"0,00";"0,00";"-3150,00"
"13.03.2026 15:58:46";"13.03.2026";"*6731";"OK";"4157,40";"RUB";"4157,40";"RUB";"";"Переводы";"";"Пополнение. ИНДИВИДУАЛЬНЫЙ ПРЕДПРИНИМАТЕЛЬ ВАСИН ДМИТРИЙ ВЯЧЕСЛАВОВИЧ";"0,00";"0,00";"4157,40"
"13.03.2026 11:13:42";"13.03.2026";"";"OK";"-9367,00";"RUB";"-9367,00";"RUB";"";"Маркетплейсы";"5699";"WILDBERRIES";"0,00";"0,00";"-9367,00"
"13.03.2026 11:03:47";"13.03.2026";"*6731";"OK";"10000,00";"RUB";"10000,00";"RUB";"";"Переводы";"";"Пополнение. ИНДИВИДУАЛЬНЫЙ ПРЕДПРИНИМАТЕЛЬ ВАСИН ДМИТРИЙ ВЯЧЕСЛАВОВИЧ";"0,00";"0,00";"10000,00"
"13.03.2026 09:58:09";"13.03.2026";"*6731";"OK";"-449,00";"RUB";"-449,00";"RUB";"";"Экосистема Яндекс";"3990";"Яндекс Плюс";"0,00";"0,00";"-449,00"
"13.03.2026 09:57:59";"";"*4531";"FAILED";"-449,00";"RUB";"-449,00";"RUB";"";"Цифровые товары";"";"Покупка по QR";"0,00";"0,00";"-449,00"
"13.03.2026 09:56:42";"13.03.2026";"";"OK";"-560,45";"RUB";"-560,45";"RUB";"";"Фастфуд";"5814";"Брусника";"0,00";"0,00";"-560,45"
"13.03.2026 08:36:28";"13.03.2026";"";"OK";"-295,00";"RUB";"-295,00";"RUB";"";"Фастфуд";"5814";"Surf Coffe x Sport_P_QR";"0,00";"0,00";"-295,00"
"13.03.2026 07:40:29";"13.03.2026";"*4531";"OK";"-2500,00";"RUB";"-2500,00";"RUB";"";"Переводы";"";"Фатимат Ж.";"0,00";"0,00";"-2500,00"
"13.03.2026 07:40:09";"13.03.2026";"*4531";"OK";"2500,00";"RUB";"2500,00";"RUB";"";"Переводы";"";"Пополнение. ИНДИВИДУАЛЬНЫЙ ПРЕДПРИНИМАТЕЛЬ ВАСИН ДМИТРИЙ ВЯЧЕСЛАВОВИЧ";"0,00";"0,00";"2500,00"
"12.03.2026 16:55:37";"12.03.2026";"*4531";"OK";"-4000,00";"RUB";"-4000,00";"RUB";"";"Переводы";"";"Надежда Г.";"0,00";"0,00";"-4000,00"
"12.03.2026 16:55:14";"12.03.2026";"*4531";"OK";"4000,00";"RUB";"4000,00";"RUB";"";"Переводы";"";"Пополнение. ИНДИВИДУАЛЬНЫЙ ПРЕДПРИНИМАТЕЛЬ ВАСИН ДМИТРИЙ ВЯЧЕСЛАВОВИЧ";"0,00";"0,00";"4000,00"
"12.03.2026 12:49:00";"12.03.2026";"";"OK";"-890,00";"RUB";"-890,00";"RUB";"";"Рестораны";"5812";"ШОКО ЗУБОВСКИЙ 17 КМ";"0,00";"0,00";"-890,00"
"12.03.2026 12:48:45";"12.03.2026";"*6731";"OK";"3435,08";"RUB";"3435,08";"RUB";"";"Переводы";"";"Пополнение. ИНДИВИДУАЛЬНЫЙ ПРЕДПРИНИМАТЕЛЬ ВАСИН ДМИТРИЙ ВЯЧЕСЛАВОВИЧ";"0,00";"0,00";"3435,08"
"12.03.2026 09:02:08";"12.03.2026";"";"OK";"-1227,84";"RUB";"-1227,84";"RUB";"";"Супермаркеты";"5411";"Магнит";"0,00";"0,00";"-1227,84"
"11.03.2026 20:13:34";"11.03.2026";"*4531";"OK";"-1000,00";"RUB";"-1000,00";"RUB";"";"Переводы";"";"Валерьян К.";"0,00";"0,00";"-1000,00"
"11.03.2026 20:13:10";"11.03.2026";"*4531";"OK";"1000,00";"RUB";"1000,00";"RUB";"";"Переводы";"";"Пополнение. ИНДИВИДУАЛЬНЫЙ ПРЕДПРИНИМАТЕЛЬ ВАСИН ДМИТРИЙ ВЯЧЕСЛАВОВИЧ";"0,00";"0,00";"1000,00"
"11.03.2026 11:30:00";"11.03.2026";"";"OK";"334,00";"RUB";"334,00";"RUB";"";"Одежда и обувь";"5699";"Wildberries";"0,00";"0,00";"334,00"
"11.03.2026 11:02:57";"11.03.2026";"";"OK";"-331,00";"RUB";"-331,00";"RUB";"";"Фастфуд";"5814";"Вкусно — и точка";"0,00";"0,00";"-331,00"
"11.03.2026 10:57:42";"11.03.2026";"";"OK";"-459,96";"RUB";"-459,96";"RUB";"";"Супермаркеты";"5411";"Перекрёсток";"0,00";"0,00";"-459,96"
"11.03.2026 10:52:49";"11.03.2026";"*4531";"OK";"-13000,00";"RUB";"-13000,00";"RUB";"";"Наличные";"6011";"Снятие в банкомате Т-Банк";"0,00";"0,00";"-13000,00"
"11.03.2026 10:48:43";"11.03.2026";"*4531";"OK";"13000,00";"RUB";"13000,00";"RUB";"";"Переводы";"";"Пополнение. ИНДИВИДУАЛЬНЫЙ ПРЕДПРИНИМАТЕЛЬ ВАСИН ДМИТРИЙ ВЯЧЕСЛАВОВИЧ";"0,00";"0,00";"13000,00"
"11.03.2026 10:38:30";"11.03.2026";"";"OK";"-7322,00";"RUB";"-7322,00";"RUB";"";"Маркетплейсы";"5699";"WILDBERRIES";"0,00";"0,00";"-7322,00"
"11.03.2026 10:38:13";"11.03.2026";"*6731";"OK";"8532,17";"RUB";"8532,17";"RUB";"";"Переводы";"";"Пополнение. ИНДИВИДУАЛЬНЫЙ ПРЕДПРИНИМАТЕЛЬ ВАСИН ДМИТРИЙ ВЯЧЕСЛАВОВИЧ";"0,00";"0,00";"8532,17"
"11.03.2026 10:37:59";"";"*6731";"FAILED";"-7322,00";"RUB";"-7322,00";"RUB";"";"Одежда и обувь";"";"Покупка по QR";"0,00";"0,00";"-7322,00"
"10.03.2026 20:32:16";"10.03.2026";"*4531";"OK";"-5000,00";"RUB";"-5000,00";"RUB";"";"Переводы";"";"Фатимат Ж.";"0,00";"0,00";"-5000,00"
"10.03.2026 20:27:41";"10.03.2026";"*4531";"OK";"5000,00";"RUB";"5000,00";"RUB";"";"Переводы";"";"Пополнение. ИНДИВИДУАЛЬНЫЙ ПРЕДПРИНИМАТЕЛЬ ВАСИН ДМИТРИЙ ВЯЧЕСЛАВОВИЧ";"0,00";"0,00";"5000,00"
"10.03.2026 19:39:30";"10.03.2026";"*6731";"OK";"-1900,00";"RUB";"-1900,00";"RUB";"";"Супермаркеты";"3990";"Яндекс Лавка";"0,00";"0,00";"-1900,00"
"10.03.2026 17:16:55";"10.03.2026";"";"OK";"-884,90";"RUB";"-884,90";"RUB";"";"Фастфуд";"5814";"Брусника";"0,00";"0,00";"-884,90"
"10.03.2026 12:41:06";"10.03.2026";"";"OK";"-622,00";"RUB";"-622,00";"RUB";"";"Рестораны";"5812";"ШОКО КОМСОМОЛЬСКИЙ 29 КМ";"0,00";"0,00";"-622,00"
"10.03.2026 12:02:15";"10.03.2026";"";"OK";"-250,00";"RUB";"-250,00";"RUB";"";"Рестораны";"5812";"ШОКО КОМСОМОЛЬСКИЙ 29 КМ";"0,00";"0,00";"-250,00"
"09.03.2026 15:18:24";"09.03.2026";"";"OK";"-420,00";"RUB";"-420,00";"RUB";"";"Фастфуд";"5814";"Флип_P_QR";"0,00";"0,00";"-420,00"
"09.03.2026 15:08:11";"09.03.2026";"";"OK";"-1130,00";"RUB";"-1130,00";"RUB";"";"Фастфуд";"5814";"Флип_P_QR";"0,00";"0,00";"-1130,00"
"09.03.2026 15:06:04";"09.03.2026";"*6731";"OK";"4780,52";"RUB";"4780,52";"RUB";"";"Переводы";"";"Пополнение. ИНДИВИДУАЛЬНЫЙ ПРЕДПРИНИМАТЕЛЬ ВАСИН ДМИТРИЙ ВЯЧЕСЛАВОВИЧ";"0,00";"0,00";"4780,52"
"09.03.2026 08:37:21";"09.03.2026";"*4531";"OK";"-30000,00";"RUB";"-30000,00";"RUB";"";"Переводы";"";"Юлия С.";"0,00";"0,00";"-30000,00"
"09.03.2026 08:36:32";"09.03.2026";"*4531";"OK";"30000,00";"RUB";"30000,00";"RUB";"";"Переводы";"";"Пополнение. ИНДИВИДУАЛЬНЫЙ ПРЕДПРИНИМАТЕЛЬ ВАСИН ДМИТРИЙ ВЯЧЕСЛАВОВИЧ";"0,00";"0,00";"30000,00"
"08.03.2026 18:50:44";"08.03.2026";"";"OK";"-1943,00";"RUB";"-1943,00";"RUB";"";"Маркетплейсы";"5399";"Ozon.ru";"0,00";"0,00";"-1943,00"
"08.03.2026 18:49:29";"08.03.2026";"*6731";"OK";"2884,37";"RUB";"2884,37";"RUB";"";"Переводы";"";"Пополнение. ИНДИВИДУАЛЬНЫЙ ПРЕДПРИНИМАТЕЛЬ ВАСИН ДМИТРИЙ ВЯЧЕСЛАВОВИЧ";"0,00";"0,00";"2884,37"
"08.03.2026 13:42:53";"08.03.2026";"";"OK";"-149,00";"RUB";"-149,00";"RUB";"";"Маркетплейсы";"5399";"Ozon.ru";"0,00";"0,00";"-149,00"
"07.03.2026 22:26:30";"08.03.2026";"*4531";"OK";"-4000,00";"RUB";"-4000,00";"RUB";"";"Переводы";"";"Перевод юридическому лицу";"0,00";"0,00";"-4000,00"
"07.03.2026 22:25:45";"08.03.2026";"";"OK";"4000,00";"RUB";"4000,00";"RUB";"";"Переводы";"";"Дмитрий В.";"0,00";"0,00";"4000,00"
"07.03.2026 09:37:57";"07.03.2026";"";"OK";"-1143,00";"RUB";"-1143,00";"RUB";"";"Маркетплейсы";"5699";"WILDBERRIES";"0,00";"0,00";"-1143,00"
"07.03.2026 09:37:35";"07.03.2026";"*6731";"OK";"220,00";"RUB";"220,00";"RUB";"";"Переводы";"";"Пополнение. ИНДИВИДУАЛЬНЫЙ ПРЕДПРИНИМАТЕЛЬ ВАСИН ДМИТРИЙ ВЯЧЕСЛАВОВИЧ";"0,00";"0,00";"220,00"
"07.03.2026 09:37:16";"";"*6731";"FAILED";"-1143,00";"RUB";"-1143,00";"RUB";"";"Одежда и обувь";"";"Покупка по QR";"0,00";"0,00";"-1143,00"
"06.03.2026 18:50:24";"06.03.2026";"";"OK";"-7833,00";"RUB";"-7833,00";"RUB";"";"Рестораны";"5812";"Kleek";"0,00";"0,00";"-7833,00"
"06.03.2026 18:44:37";"06.03.2026";"*6731";"OK";"8014,23";"RUB";"8014,23";"RUB";"";"Переводы";"";"Пополнение. ИНДИВИДУАЛЬНЫЙ ПРЕДПРИНИМАТЕЛЬ ВАСИН ДМИТРИЙ ВЯЧЕСЛАВОВИЧ";"0,00";"0,00";"8014,23"
"06.03.2026 16:54:26";"06.03.2026";"*4531";"OK";"-5000,00";"RUB";"-5000,00";"RUB";"";"Переводы";"";"Анастасия К.";"0,00";"0,00";"-5000,00"
"06.03.2026 16:54:11";"06.03.2026";"*4531";"OK";"5000,00";"RUB";"5000,00";"RUB";"";"Переводы";"";"Пополнение. ИНДИВИДУАЛЬНЫЙ ПРЕДПРИНИМАТЕЛЬ ВАСИН ДМИТРИЙ ВЯЧЕСЛАВОВИЧ";"0,00";"0,00";"5000,00"
"06.03.2026 13:43:27";"06.03.2026";"*4531";"OK";"-5000,00";"RUB";"-5000,00";"RUB";"";"Переводы";"";"Юлия Д.";"0,00";"0,00";"-5000,00"
"06.03.2026 13:43:11";"06.03.2026";"*4531";"OK";"5000,00";"RUB";"5000,00";"RUB";"";"Переводы";"";"Пополнение. ИНДИВИДУАЛЬНЫЙ ПРЕДПРИНИМАТЕЛЬ ВАСИН ДМИТРИЙ ВЯЧЕСЛАВОВИЧ";"0,00";"0,00";"5000,00"
"05.03.2026 18:24:27";"05.03.2026";"";"OK";"-1628,00";"RUB";"-1628,00";"RUB";"";"Маркетплейсы";"5399";"Ozon.ru";"0,00";"0,00";"-1628,00"
"05.03.2026 18:13:37";"05.03.2026";"*6731";"OK";"1836,95";"RUB";"1836,95";"RUB";"";"Переводы";"";"Пополнение. ИНДИВИДУАЛЬНЫЙ ПРЕДПРИНИМАТЕЛЬ ВАСИН ДМИТРИЙ ВЯЧЕСЛАВОВИЧ";"0,00";"0,00";"1836,95"
"05.03.2026 16:51:18";"05.03.2026";"";"OK";"-310,00";"RUB";"-310,00";"RUB";"";"Фастфуд";"5814";"Вкусно — и точка";"0,00";"0,00";"-310,00"
"05.03.2026 13:24:29";"05.03.2026";"*6731";"OK";"24,78";"RUB";"24,78";"RUB";"";"Переводы";"";"Между своими счетами";"0,00";"0,00";"24,78"
"05.03.2026 13:24:28";"05.03.2026";"*4531";"OK";"-24,78";"RUB";"-24,78";"RUB";"";"Переводы";"";"Между своими счетами";"0,00";"0,00";"-24,78"
"05.03.2026 13:04:11";"05.03.2026";"";"OK";"-1000,00";"RUB";"-1000,00";"RUB";"";"Местный транспорт";"4111";"Московский метрополитен";"0,00";"0,00";"-1000,00"
"05.03.2026 07:19:19";"05.03.2026";"*4531";"OK";"-16500,00";"RUB";"-16500,00";"RUB";"";"Переводы";"";"Дмитрий В.";"0,00";"0,00";"-16500,00"
"05.03.2026 07:18:32";"05.03.2026";"*4531";"OK";"16524,78";"RUB";"16524,78";"RUB";"";"Переводы";"";"Пополнение. ИНДИВИДУАЛЬНЫЙ ПРЕДПРИНИМАТЕЛЬ ВАСИН ДМИТРИЙ ВЯЧЕСЛАВОВИЧ";"0,00";"0,00";"16524,78"
"04.03.2026 16:40:49";"04.03.2026";"";"OK";"-630,00";"RUB";"-630,00";"RUB";"";"Фастфуд";"5814";"Даблби";"0,00";"0,00";"-630,00"
"04.03.2026 16:18:51";"04.03.2026";"*4531";"OK";"-5000,00";"RUB";"-5000,00";"RUB";"";"Переводы";"";"Фатимат Ж.";"0,00";"0,00";"-5000,00"
"04.03.2026 16:18:35";"04.03.2026";"*4531";"OK";"5000,00";"RUB";"5000,00";"RUB";"";"Переводы";"";"Пополнение. ИНДИВИДУАЛЬНЫЙ ПРЕДПРИНИМАТЕЛЬ ВАСИН ДМИТРИЙ ВЯЧЕСЛАВОВИЧ";"0,00";"0,00";"5000,00"
"04.03.2026 13:10:34";"04.03.2026";"";"OK";"-979,00";"RUB";"-979,00";"RUB";"";"Рестораны";"5812";"ШОКО КОМСОМОЛЬСКИЙ 29 КМ";"0,00";"0,00";"-979,00"
"04.03.2026 12:37:13";"04.03.2026";"*4531";"OK";"-87500,00";"RUB";"-87500,00";"RUB";"";"Переводы";"";"Дмитрий В.";"0,00";"0,00";"-87500,00"
"04.03.2026 12:36:40";"04.03.2026";"*4531";"OK";"87500,00";"RUB";"87500,00";"RUB";"";"Переводы";"";"Пополнение. ИНДИВИДУАЛЬНЫЙ ПРЕДПРИНИМАТЕЛЬ ВАСИН ДМИТРИЙ ВЯЧЕСЛАВОВИЧ";"0,00";"0,00";"87500,00"
"04.03.2026 08:37:02";"04.03.2026";"";"OK";"-224,00";"RUB";"-224,00";"RUB";"";"Фастфуд";"5814";"Даблби";"0,00";"0,00";"-224,00"
"04.03.2026 08:36:04";"04.03.2026";"*6731";"OK";"2995,41";"RUB";"2995,41";"RUB";"";"Переводы";"";"Пополнение. ИНДИВИДУАЛЬНЫЙ ПРЕДПРИНИМАТЕЛЬ ВАСИН ДМИТРИЙ ВЯЧЕСЛАВОВИЧ";"0,00";"0,00";"2995,41"
"03.03.2026 21:07:46";"04.03.2026";"*6731";"OK";"-2793,00";"RUB";"-2793,00";"RUB";"";"Супермаркеты";"3990";"Яндекс Лавка";"0,00";"0,00";"-2793,00"
"03.03.2026 21:07:31";"03.03.2026";"*6731";"OK";"2000,00";"RUB";"2000,00";"RUB";"";"Переводы";"";"Пополнение. ИНДИВИДУАЛЬНЫЙ ПРЕДПРИНИМАТЕЛЬ ВАСИН ДМИТРИЙ ВЯЧЕСЛАВОВИЧ";"0,00";"0,00";"2000,00"
"03.03.2026 17:18:48";"03.03.2026";"";"OK";"-4639,00";"RUB";"-4639,00";"RUB";"";"Рестораны";"5812";"Яндекс Еда";"0,00";"0,00";"-4639,00"
"03.03.2026 17:12:04";"03.03.2026";"*6731";"OK";"6223,46";"RUB";"6223,46";"RUB";"";"Переводы";"";"Пополнение. ИНДИВИДУАЛЬНЫЙ ПРЕДПРИНИМАТЕЛЬ ВАСИН ДМИТРИЙ ВЯЧЕСЛАВОВИЧ";"0,00";"0,00";"6223,46"
"03.03.2026 17:11:55";"03.03.2026";"*6731";"OK";"38,29";"RUB";"38,29";"RUB";"";"Переводы";"";"Между своими счетами";"0,00";"0,00";"38,29"
"03.03.2026 17:11:54";"03.03.2026";"*4531";"OK";"-38,29";"RUB";"-38,29";"RUB";"";"Переводы";"";"Между своими счетами";"0,00";"0,00";"-38,29"
"03.03.2026 16:03:46";"03.03.2026";"";"OK";"-100,00";"RUB";"-100,00";"RUB";"";"Местный транспорт";"4111";"Московский метрополитен";"0,00";"0,00";"-100,00"
"03.03.2026 13:18:21";"03.03.2026";"*4531";"OK";"-1500,00";"RUB";"-1500,00";"RUB";"";"Переводы";"";"Дарья А.";"0,00";"0,00";"-1500,00"
"03.03.2026 13:18:06";"03.03.2026";"*4531";"OK";"1500,00";"RUB";"1500,00";"RUB";"";"Переводы";"";"Пополнение. ИНДИВИДУАЛЬНЫЙ ПРЕДПРИНИМАТЕЛЬ ВАСИН ДМИТРИЙ ВЯЧЕСЛАВОВИЧ";"0,00";"0,00";"1500,00"
"03.03.2026 12:25:31";"03.03.2026";"";"OK";"-686,71";"RUB";"-686,71";"RUB";"";"Госуслуги";"9402";"Почта России";"0,00";"0,00";"-686,71"
"03.03.2026 11:59:37";"03.03.2026";"";"OK";"-175,00";"RUB";"-175,00";"RUB";"";"Фото и копицентры";"7221";"ИП Каспаров А.Г";"0,00";"0,00";"-175,00"
"03.03.2026 11:56:39";"03.03.2026";"*4531";"OK";"1000,00";"RUB";"1000,00";"RUB";"";"Переводы";"";"Пополнение. ИНДИВИДУАЛЬНЫЙ ПРЕДПРИНИМАТЕЛЬ ВАСИН ДМИТРИЙ ВЯЧЕСЛАВОВИЧ";"0,00";"0,00";"1000,00"
"02.03.2026 17:00:37";"02.03.2026";"";"OK";"-500,00";"RUB";"-500,00";"RUB";"";"Связь";"4814";"t2";"0,00";"0,00";"-500,00"
"02.03.2026 16:59:40";"02.03.2026";"*6731";"OK";"250,00";"RUB";"250,00";"RUB";"";"Переводы";"";"Пополнение. ИНДИВИДУАЛЬНЫЙ ПРЕДПРИНИМАТЕЛЬ ВАСИН ДМИТРИЙ ВЯЧЕСЛАВОВИЧ";"0,00";"0,00";"250,00"
"02.03.2026 14:01:31";"02.03.2026";"*6731";"OK";"-4500,00";"RUB";"-4500,00";"RUB";"";"Различные товары";"5734";"PushSMS";"0,00";"0,00";"-4500,00"
"02.03.2026 14:00:52";"02.03.2026";"*6731";"OK";"1,00";"RUB";"1,00";"RUB";"";"Различные товары";"5734";"PushSMS";"0,00";"0,00";"1,00"
"02.03.2026 14:00:51";"02.03.2026";"*6731";"OK";"-1,00";"RUB";"-1,00";"RUB";"";"Различные товары";"5734";"PushSMS";"0,00";"0,00";"-1,00"
"02.03.2026 14:00:38";"02.03.2026";"*6731";"OK";"4500,00";"RUB";"4500,00";"RUB";"";"Переводы";"";"Пополнение. ИНДИВИДУАЛЬНЫЙ ПРЕДПРИНИМАТЕЛЬ ВАСИН ДМИТРИЙ ВЯЧЕСЛАВОВИЧ";"0,00";"0,00";"4500,00"
"02.03.2026 11:04:33";"02.03.2026";"*6731";"OK";"-697,00";"RUB";"-697,00";"RUB";"";"Супермаркеты";"3990";"Яндекс Лавка";"0,00";"0,00";"-697,00"
"02.03.2026 11:04:19";"02.03.2026";"*6731";"OK";"380,00";"RUB";"380,00";"RUB";"";"Переводы";"";"Между своими счетами";"0,00";"0,00";"380,00"
"02.03.2026 11:04:18";"02.03.2026";"*4531";"OK";"-380,00";"RUB";"-380,00";"RUB";"";"Переводы";"";"Между своими счетами";"0,00";"0,00";"-380,00"
"01.03.2026 18:57:52";"01.03.2026";"*4531";"OK";"-22550,00";"RUB";"-22550,00";"RUB";"";"Переводы";"";"Марина Ц.";"0,00";"0,00";"-22550,00"
"01.03.2026 18:56:40";"01.03.2026";"*4531";"OK";"-29470,00";"RUB";"-29470,00";"RUB";"";"Переводы";"";"Александра Т.";"0,00";"0,00";"-29470,00"
"01.03.2026 18:56:02";"01.03.2026";"*4531";"OK";"37000,00";"RUB";"37000,00";"RUB";"";"Переводы";"";"Пополнение. ИНДИВИДУАЛЬНЫЙ ПРЕДПРИНИМАТЕЛЬ ВАСИН ДМИТРИЙ ВЯЧЕСЛАВОВИЧ";"0,00";"0,00";"37000,00"
"01.03.2026 18:00:02";"01.03.2026";"";"OK";"-600,00";"RUB";"-600,00";"RUB";"";"Фастфуд";"5814";"Дагестанская лавка";"0,00";"0,00";"-600,00"
"01.03.2026 17:59:59";"";"*6731";"FAILED";"-600,00";"RUB";"-600,00";"RUB";"";"Фастфуд";"";"Покупка по QR";"0,00";"0,00";"-600,00"
"01.03.2026 16:02:09";"01.03.2026";"*4531";"OK";"-4000,00";"RUB";"-4000,00";"RUB";"";"Переводы";"";"Надежда Г.";"0,00";"0,00";"-4000,00"
"01.03.2026 15:21:30";"01.03.2026";"*6731";"OK";"-299,00";"RUB";"-299,00";"RUB";"";"Другое";"";"Подписка Pro";"0,00";"0,00";"-299,00"
"01.03.2026 14:45:52";"01.03.2026";"";"OK";"-202,00";"RUB";"-202,00";"RUB";"";"Аптеки";"5912";"Горздрав";"0,00";"0,00";"-202,00"
"01.03.2026 14:20:39";"01.03.2026";"";"OK";"-490,00";"RUB";"-490,00";"RUB";"";"Фастфуд";"5814";"Дагестанская лавка";"0,00";"0,00";"-490,00"
"01.03.2026 13:21:35";"01.03.2026";"*6731";"OK";"1366,00";"RUB";"1366,00";"RUB";"";"Переводы";"";"Между своими счетами";"0,00";"0,00";"1366,00"
"01.03.2026 13:21:34";"01.03.2026";"*4531";"OK";"-1366,00";"RUB";"-1366,00";"RUB";"";"Переводы";"";"Между своими счетами";"0,00";"0,00";"-1366,00"
"01.03.2026 12:08:45";"01.03.2026";"*4531";"OK";"-3000,00";"RUB";"-3000,00";"RUB";"";"Переводы";"";"Оксана М.";"0,00";"0,00";"-3000,00"
"01.03.2026 11:37:53";"01.03.2026";"*4531";"OK";"-7000,00";"RUB";"-7000,00";"RUB";"";"Переводы";"";"Анастасия К.";"0,00";"0,00";"-7000,00"
"01.03.2026 11:01:45";"01.03.2026";"*4531";"OK";"-18634,00";"RUB";"-18634,00";"RUB";"";"Переводы";"";"Светлана Б.";"0,00";"0,00";"-18634,00"
"01.03.2026 11:00:35";"01.03.2026";"*4531";"OK";"50000,00";"RUB";"50000,00";"RUB";"";"Переводы";"";"Пополнение. ИНДИВИДУАЛЬНЫЙ ПРЕДПРИНИМАТЕЛЬ ВАСИН ДМИТРИЙ ВЯЧЕСЛАВОВИЧ";"0,00";"0,00";"50000,00"
"01.03.2026 10:43:23";"01.03.2026";"";"OK";"-6484,00";"RUB";"-6484,00";"RUB";"";"Маркетплейсы";"5699";"WILDBERRIES";"0,00";"0,00";"-6484,00"
"01.03.2026 10:43:05";"01.03.2026";"*6731";"OK";"6000,00";"RUB";"6000,00";"RUB";"";"Переводы";"";"Пополнение. ИНДИВИДУАЛЬНЫЙ ПРЕДПРИНИМАТЕЛЬ ВАСИН ДМИТРИЙ ВЯЧЕСЛАВОВИЧ";"0,00";"0,00";"6000,00"
"01.03.2026 10:42:44";"";"*6731";"FAILED";"-6484,00";"RUB";"-6484,00";"RUB";"";"Одежда и обувь";"";"Покупка по QR";"0,00";"0,00";"-6484,00"
"01.03.2026 09:08:58";"01.03.2026";"";"OK";"-3623,00";"RUB";"-3623,00";"RUB";"";"Маркетплейсы";"5399";"Ozon.ru";"0,00";"0,00";"-3623,00"
"01.03.2026 09:04:34";"01.03.2026";"*6731";"OK";"3096,50";"RUB";"3096,50";"RUB";"";"Переводы";"";"Пополнение. ИНДИВИДУАЛЬНЫЙ ПРЕДПРИНИМАТЕЛЬ ВАСИН ДМИТРИЙ ВЯЧЕСЛАВОВИЧ";"0,00";"0,00";"3096,50"
"01.03.2026 08:54:22";"01.03.2026";"*6731";"OK";"291,27";"RUB";"291,27";"RUB";"";"Переводы";"";"Между своими счетами";"0,00";"0,00";"291,27"
"01.03.2026 08:54:21";"01.03.2026";"*4531";"OK";"-291,27";"RUB";"-291,27";"RUB";"";"Переводы";"";"Между своими счетами";"0,00";"0,00";"-291,27"
"28.02.2026 20:20:08";"28.02.2026";"*3861";"OK";"-2490,00";"RUB";"-2490,00";"RUB";"";"Кредиты";"9999";"Досрочное погашение";"0,00";"0,00";"-2490,00"
"28.02.2026 20:19:05";"28.02.2026";"*3861";"OK";"2490,00";"RUB";"2490,00";"RUB";"";"Переводы";"";"Между своими счетами";"0,00";"0,00";"2490,00"
"28.02.2026 20:19:03";"28.02.2026";"*4531";"OK";"-2490,00";"RUB";"-2490,00";"RUB";"";"Переводы";"";"Между своими счетами";"0,00";"0,00";"-2490,00"
"28.02.2026 20:17:12";"28.02.2026";"*4531";"OK";"-10000,00";"RUB";"-10000,00";"RUB";"";"Переводы";"";"Юлия С.";"0,00";"0,00";"-10000,00"
"28.02.2026 20:16:30";"28.02.2026";"*4531";"OK";"10500,00";"RUB";"10500,00";"RUB";"";"Переводы";"";"Пополнение. ИНДИВИДУАЛЬНЫЙ ПРЕДПРИНИМАТЕЛЬ ВАСИН ДМИТРИЙ ВЯЧЕСЛАВОВИЧ";"0,00";"0,00";"10500,00"
"28.02.2026 18:35:42";"28.02.2026";"*4531";"OK";"-340,00";"RUB";"-340,00";"RUB";"";"Переводы";"";"Александра Т.";"0,00";"0,00";"-340,00"
"28.02.2026 18:35:02";"28.02.2026";"*4531";"OK";"2621,27";"RUB";"2621,27";"RUB";"";"Переводы";"";"Пополнение. ИНДИВИДУАЛЬНЫЙ ПРЕДПРИНИМАТЕЛЬ ВАСИН ДМИТРИЙ ВЯЧЕСЛАВОВИЧ";"0,00";"0,00";"2621,27"
"27.02.2026 09:11:19";"27.02.2026";"*4531";"OK";"-5000,00";"RUB";"-5000,00";"RUB";"";"Переводы";"";"Александра К.";"0,00";"0,00";"-5000,00"
"27.02.2026 09:10:37";"27.02.2026";"*4531";"OK";"5000,00";"RUB";"5000,00";"RUB";"";"Переводы";"";"Пополнение. ИНДИВИДУАЛЬНЫЙ ПРЕДПРИНИМАТЕЛЬ ВАСИН ДМИТРИЙ ВЯЧЕСЛАВОВИЧ";"0,00";"0,00";"5000,00"
"27.02.2026 09:02:52";"27.02.2026";"";"OK";"-1010,00";"RUB";"-1010,00";"RUB";"";"Фастфуд";"5814";"Даблби";"0,00";"0,00";"-1010,00"
"26.02.2026 19:20:47";"26.02.2026";"";"OK";"-68,00";"RUB";"-68,00";"RUB";"";"Одежда и обувь";"5651";"Familia";"0,00";"0,00";"-68,00"
"26.02.2026 17:40:28";"26.02.2026";"*4531";"OK";"-22000,00";"RUB";"-22000,00";"RUB";"";"Наличные";"6011";"Снятие в банкомате Т-Банк";"0,00";"0,00";"-22000,00"
"26.02.2026 17:16:39";"26.02.2026";"*4531";"OK";"22000,00";"RUB";"22000,00";"RUB";"";"Переводы";"";"Пополнение. ИНДИВИДУАЛЬНЫЙ ПРЕДПРИНИМАТЕЛЬ ВАСИН ДМИТРИЙ ВЯЧЕСЛАВОВИЧ";"0,00";"0,00";"22000,00"
"26.02.2026 14:03:55";"26.02.2026";"";"OK";"-890,00";"RUB";"-890,00";"RUB";"";"Рестораны";"5812";"ШОКО ЗУБОВСКИЙ 17 КМ";"0,00";"0,00";"-890,00"
"26.02.2026 13:28:20";"26.02.2026";"";"OK";"-100,00";"RUB";"-100,00";"RUB";"";"Местный транспорт";"4111";"Московский метрополитен";"0,00";"0,00";"-100,00"
"26.02.2026 13:26:19";"26.02.2026";"";"OK";"-500,00";"RUB";"-500,00";"RUB";"";"Местный транспорт";"4111";"Московский метрополитен";"0,00";"0,00";"-500,00"
"26.02.2026 13:26:06";"26.02.2026";"*6731";"OK";"3439,27";"RUB";"3439,27";"RUB";"";"Переводы";"";"Пополнение. ИНДИВИДУАЛЬНЫЙ ПРЕДПРИНИМАТЕЛЬ ВАСИН ДМИТРИЙ ВЯЧЕСЛАВОВИЧ";"0,00";"0,00";"3439,27"
"26.02.2026 09:40:12";"26.02.2026";"";"OK";"-199,00";"RUB";"-199,00";"RUB";"";"Супермаркеты";"5411";"Перекрёсток";"0,00";"0,00";"-199,00"
"25.02.2026 17:14:39";"25.02.2026";"*4531";"OK";"-4000,00";"RUB";"-4000,00";"RUB";"";"Переводы";"";"Майя Л.";"0,00";"0,00";"-4000,00"
"25.02.2026 17:08:24";"25.02.2026";"*4531";"OK";"-3000,00";"RUB";"-3000,00";"RUB";"";"Переводы";"";"Валерия Р.";"0,00";"0,00";"-3000,00"
"25.02.2026 15:14:04";"25.02.2026";"";"OK";"-800,00";"RUB";"-800,00";"RUB";"";"Рестораны";"5812";"Кофемания";"0,00";"0,00";"-800,00"
"25.02.2026 13:38:03";"25.02.2026";"*4531";"OK";"7000,00";"RUB";"7000,00";"RUB";"";"Переводы";"";"Пополнение. ИНДИВИДУАЛЬНЫЙ ПРЕДПРИНИМАТЕЛЬ ВАСИН ДМИТРИЙ ВЯЧЕСЛАВОВИЧ";"0,00";"0,00";"7000,00"
"25.02.2026 13:17:14";"25.02.2026";"";"OK";"-534,00";"RUB";"-534,00";"RUB";"";"Рестораны";"5812";"ШОКО ОРДЖОНИКИДЗЕ КМ";"0,00";"0,00";"-534,00"
"24.02.2026 13:40:34";"24.02.2026";"*4531";"OK";"-3000,00";"RUB";"-3000,00";"RUB";"";"Переводы";"";"Инга К.";"0,00";"0,00";"-3000,00"
"24.02.2026 13:39:41";"24.02.2026";"*4531";"OK";"-10000,00";"RUB";"-10000,00";"RUB";"";"Переводы";"";"Юлия С.";"0,00";"0,00";"-10000,00"
"24.02.2026 13:38:29";"24.02.2026";"*4531";"OK";"13000,00";"RUB";"13000,00";"RUB";"";"Переводы";"";"Пополнение. ИНДИВИДУАЛЬНЫЙ ПРЕДПРИНИМАТЕЛЬ ВАСИН ДМИТРИЙ ВЯЧЕСЛАВОВИЧ";"0,00";"0,00";"13000,00"
"24.02.2026 12:58:45";"24.02.2026";"";"OK";"-500,00";"RUB";"-500,00";"RUB";"";"Местный транспорт";"4111";"Московский метрополитен";"0,00";"0,00";"-500,00"
"24.02.2026 12:25:23";"24.02.2026";"";"OK";"-890,00";"RUB";"-890,00";"RUB";"";"Рестораны";"5812";"ШОКО КОМСОМОЛЬСКИЙ 29 КМ";"0,00";"0,00";"-890,00"
"23.02.2026 22:31:33";"24.02.2026";"";"OK";"-2312,98";"RUB";"-2312,98";"RUB";"";"Супермаркеты";"5411";"Магнит";"0,00";"0,00";"-2312,98"
"23.02.2026 22:26:20";"24.02.2026";"*6731";"OK";"5000,00";"RUB";"5000,00";"RUB";"";"Переводы";"";"Пополнение. ИНДИВИДУАЛЬНЫЙ ПРЕДПРИНИМАТЕЛЬ ВАСИН ДМИТРИЙ ВЯЧЕСЛАВОВИЧ";"0,00";"0,00";"5000,00"
"23.02.2026 21:49:50";"23.02.2026";"";"OK";"-625,00";"RUB";"-625,00";"RUB";"";"Различные услуги";"7299";"СберЧаевые";"0,00";"0,00";"-625,00"
"23.02.2026 21:48:30";"23.02.2026";"";"OK";"-6250,00";"RUB";"-6250,00";"RUB";"";"Рестораны";"5812";"OOO BONTI";"0,00";"0,00";"-6250,00"
"23.02.2026 20:46:20";"23.02.2026";"*6731";"OK";"7000,00";"RUB";"7000,00";"RUB";"";"Переводы";"";"Пополнение. ИНДИВИДУАЛЬНЫЙ ПРЕДПРИНИМАТЕЛЬ ВАСИН ДМИТРИЙ ВЯЧЕСЛАВОВИЧ";"0,00";"0,00";"7000,00"
"23.02.2026 20:20:19";"23.02.2026";"";"OK";"-55,00";"RUB";"-55,00";"RUB";"";"Цифровые товары";"5818";"powerapp.world";"0,00";"0,00";"-55,00"
"23.02.2026 13:35:06";"";"*6731";"FAILED";"-175,00";"RUB";"-175,00";"RUB";"";"Фастфуд";"";"Покупка по QR";"0,00";"0,00";"-175,00"
"23.02.2026 13:35:00";"23.02.2026";"";"OK";"-175,00";"RUB";"-175,00";"RUB";"";"Фастфуд";"5814";"Брусника";"0,00";"0,00";"-175,00"
"23.02.2026 11:08:20";"23.02.2026";"*4531";"OK";"-3000,00";"RUB";"-3000,00";"RUB";"";"Переводы";"";"Александра К.";"0,00";"0,00";"-3000,00"
"23.02.2026 11:07:25";"23.02.2026";"*4531";"OK";"3000,00";"RUB";"3000,00";"RUB";"";"Переводы";"";"Пополнение. ИНДИВИДУАЛЬНЫЙ ПРЕДПРИНИМАТЕЛЬ ВАСИН ДМИТРИЙ ВЯЧЕСЛАВОВИЧ";"0,00";"0,00";"3000,00"
"23.02.2026 10:01:58";"23.02.2026";"*6731";"OK";"-1701,00";"RUB";"-1701,00";"RUB";"";"Различные товары";"5734";"YCLIENTS";"0,00";"0,00";"-1701,00"
"23.02.2026 10:01:27";"23.02.2026";"*6731";"OK";"2083,03";"RUB";"2083,03";"RUB";"";"Переводы";"";"Между своими счетами";"0,00";"0,00";"2083,03"
"23.02.2026 10:01:26";"23.02.2026";"*4531";"OK";"-2083,03";"RUB";"-2083,03";"RUB";"";"Переводы";"";"Между своими счетами";"0,00";"0,00";"-2083,03"
"23.02.2026 10:00:57";"23.02.2026";"*4531";"OK";"718,45";"RUB";"718,45";"RUB";"";"Переводы";"";"Между своими счетами";"0,00";"0,00";"718,45"
"23.02.2026 10:00:56";"23.02.2026";"*6731";"OK";"-718,45";"RUB";"-718,45";"RUB";"";"Переводы";"";"Между своими счетами";"0,00";"0,00";"-718,45"
"23.02.2026 09:42:24";"23.02.2026";"*6731";"OK";"18986,11";"RUB";"18986,11";"RUB";"";"Переводы";"";"Пополнение. ИНДИВИДУАЛЬНЫЙ ПРЕДПРИНИМАТЕЛЬ ВАСИН ДМИТРИЙ ВЯЧЕСЛАВОВИЧ";"0,00";"0,00";"18986,11"
"22.02.2026 21:11:35";"22.02.2026";"";"OK";"-200,00";"RUB";"-200,00";"RUB";"";"Маркетплейсы";"5699";"WILDBERRIES";"0,00";"0,00";"-200,00"
"22.02.2026 12:57:09";"22.02.2026";"*4531";"OK";"-370,00";"RUB";"-370,00";"RUB";"";"Переводы";"";"Александра Т.";"0,00";"0,00";"-370,00"
"22.02.2026 12:56:07";"22.02.2026";"*4531";"OK";"-4000,00";"RUB";"-4000,00";"RUB";"";"Переводы";"";"Людмила Л.";"0,00";"0,00";"-4000,00"
"22.02.2026 12:55:24";"22.02.2026";"*4531";"OK";"5734,58";"RUB";"5734,58";"RUB";"";"Переводы";"";"Пополнение. ИНДИВИДУАЛЬНЫЙ ПРЕДПРИНИМАТЕЛЬ ВАСИН ДМИТРИЙ ВЯЧЕСЛАВОВИЧ";"0,00";"0,00";"5734,58"
"22.02.2026 12:27:41";"22.02.2026";"*4531";"OK";"-400,00";"RUB";"-400,00";"RUB";"";"Переводы";"";"Кирилл Б.";"0,00";"0,00";"-400,00"
"22.02.2026 12:26:53";"22.02.2026";"*4531";"OK";"400,00";"RUB";"400,00";"RUB";"";"Переводы";"";"Пополнение. ИНДИВИДУАЛЬНЫЙ ПРЕДПРИНИМАТЕЛЬ ВАСИН ДМИТРИЙ ВЯЧЕСЛАВОВИЧ";"0,00";"0,00";"400,00"
"22.02.2026 10:05:40";"22.02.2026";"";"OK";"-700,00";"RUB";"-700,00";"RUB";"";"Тренировки";"7941";"УРАЛХИМ RUN FACTORY_SBP";"0,00";"0,00";"-700,00"
"22.02.2026 00:00:00";"";"";"OK";"-19352,28";"RUB";"-19352,28";"RUB";"";"Услуги банка";"";"Плата по кредитке";"0,00";"0,00";"-19352,28"
"21.02.2026 21:05:55";"21.02.2026";"";"OK";"-1481,00";"RUB";"-1481,00";"RUB";"";"Маркетплейсы";"5399";"Ozon.ru";"0,00";"0,00";"-1481,00"
"21.02.2026 20:59:11";"21.02.2026";"";"OK";"-800,00";"RUB";"-800,00";"RUB";"";"Маркетплейсы";"5699";"WILDBERRIES";"0,00";"0,00";"-800,00"
"21.02.2026 20:50:03";"22.02.2026";"*6731";"OK";"-13920,00";"RUB";"-13920,00";"RUB";"";"Различные товары";"5734";"YCLIENTS";"0,00";"0,00";"-13920,00"
"21.02.2026 18:19:36";"21.02.2026";"";"OK";"-3499,00";"RUB";"-3499,00";"RUB";"";"Спорттовары";"5655";"Спортмастер";"0,00";"0,00";"-3499,00"
"21.02.2026 15:05:52";"21.02.2026";"*6731";"OK";"20000,00";"RUB";"20000,00";"RUB";"";"Переводы";"";"Пополнение. ИНДИВИДУАЛЬНЫЙ ПРЕДПРИНИМАТЕЛЬ ВАСИН ДМИТРИЙ ВЯЧЕСЛАВОВИЧ";"0,00";"0,00";"20000,00"
"21.02.2026 13:42:15";"21.02.2026";"";"OK";"-2860,00";"RUB";"-2860,00";"RUB";"";"Рестораны";"5812";"Галактика_P_QR";"0,00";"0,00";"-2860,00"
"21.02.2026 13:41:24";"21.02.2026";"*6731";"OK";"4000,00";"RUB";"4000,00";"RUB";"";"Переводы";"";"Пополнение. ИНДИВИДУАЛЬНЫЙ ПРЕДПРИНИМАТЕЛЬ ВАСИН ДМИТРИЙ ВЯЧЕСЛАВОВИЧ";"0,00";"0,00";"4000,00"
"21.02.2026 11:55:40";"21.02.2026";"";"OK";"-2690,00";"RUB";"-2690,00";"RUB";"";"Рестораны";"5812";"Галактика _ 1_P_QR";"0,00";"0,00";"-2690,00"
"21.02.2026 11:55:24";"21.02.2026";"*6731";"OK";"1000,00";"RUB";"1000,00";"RUB";"";"Переводы";"";"Пополнение. ИНДИВИДУАЛЬНЫЙ ПРЕДПРИНИМАТЕЛЬ ВАСИН ДМИТРИЙ ВЯЧЕСЛАВОВИЧ";"0,00";"0,00";"1000,00"
"21.02.2026 10:26:12";"21.02.2026";"";"OK";"-500,00";"RUB";"-500,00";"RUB";"";"Местный транспорт";"4111";"Московский метрополитен";"0,00";"0,00";"-500,00"
"20.02.2026 21:02:27";"20.02.2026";"";"OK";"-3658,00";"RUB";"-3658,00";"RUB";"";"Рестораны";"5812";"OOO BONTI_2";"0,00";"0,00";"-3658,00"
"20.02.2026 19:15:16";"20.02.2026";"";"OK";"-150,00";"RUB";"-150,00";"RUB";"";"Цифровые товары";"5818";"powerapp.world";"0,00";"0,00";"-150,00"
"20.02.2026 18:45:18";"20.02.2026";"";"OK";"-55,00";"RUB";"-55,00";"RUB";"";"Цифровые товары";"5818";"powerapp.world";"0,00";"0,00";"-55,00"
"20.02.2026 15:17:30";"20.02.2026";"";"OK";"-6257,00";"RUB";"-6257,00";"RUB";"";"Маркетплейсы";"5699";"WILDBERRIES";"0,00";"0,00";"-6257,00"
"20.02.2026 15:17:04";"20.02.2026";"*6731";"OK";"12770,00";"RUB";"12770,00";"RUB";"";"Переводы";"";"Пополнение. ИНДИВИДУАЛЬНЫЙ ПРЕДПРИНИМАТЕЛЬ ВАСИН ДМИТРИЙ ВЯЧЕСЛАВОВИЧ";"0,00";"0,00";"12770,00"
"20.02.2026 15:17:00";"";"*6731";"FAILED";"-6257,00";"RUB";"-6257,00";"RUB";"";"Одежда и обувь";"";"Покупка по QR";"0,00";"0,00";"-6257,00"
"20.02.2026 14:47:55";"20.02.2026";"*4531";"OK";"-230,00";"RUB";"-230,00";"RUB";"";"Переводы";"";"Александра Т.";"0,00";"0,00";"-230,00"
"20.02.2026 14:47:35";"20.02.2026";"*4531";"OK";"230,00";"RUB";"230,00";"RUB";"";"Переводы";"";"Пополнение. ИНДИВИДУАЛЬНЫЙ ПРЕДПРИНИМАТЕЛЬ ВАСИН ДМИТРИЙ ВЯЧЕСЛАВОВИЧ";"0,00";"0,00";"230,00"
"20.02.2026 13:15:56";"";"*6731";"FAILED";"-200,00";"RUB";"-200,00";"RUB";"";"Одежда и обувь";"";"Покупка по QR";"0,00";"0,00";"-200,00"
"20.02.2026 13:10:13";"20.02.2026";"";"OK";"-979,00";"RUB";"-979,00";"RUB";"";"Рестораны";"5812";"ШОКО КОМСОМОЛЬСКИЙ 29 КМ";"0,00";"0,00";"-979,00"
"20.02.2026 13:09:40";"20.02.2026";"*6731";"OK";"526,95";"RUB";"526,95";"RUB";"";"Переводы";"";"Пополнение. ИНДИВИДУАЛЬНЫЙ ПРЕДПРИНИМАТЕЛЬ ВАСИН ДМИТРИЙ ВЯЧЕСЛАВОВИЧ";"0,00";"0,00";"526,95"
"20.02.2026 12:48:51";"20.02.2026";"";"OK";"-200,00";"RUB";"-200,00";"RUB";"";"Маркетплейсы";"5699";"WILDBERRIES";"0,00";"0,00";"-200,00"
"20.02.2026 12:43:33";"20.02.2026";"";"OK";"214,00";"RUB";"214,00";"RUB";"";"Одежда и обувь";"5699";"Wildberries";"0,00";"0,00";"214,00"
"19.02.2026 17:11:42";"19.02.2026";"";"OK";"-758,64";"RUB";"-758,64";"RUB";"";"Маркетплейсы";"5399";"Ozon.ru";"0,00";"0,00";"-758,64"
"19.02.2026 13:15:41";"19.02.2026";"";"OK";"-979,00";"RUB";"-979,00";"RUB";"";"Рестораны";"5812";"ШОКО КОМСОМОЛЬСКИЙ 29 КМ";"0,00";"0,00";"-979,00"
"19.02.2026 08:18:13";"19.02.2026";"";"OK";"-807,80";"RUB";"-807,80";"RUB";"";"Фастфуд";"5814";"Даблби";"0,00";"0,00";"-807,80"
"18.02.2026 20:16:13";"18.02.2026";"";"OK";"-2320,00";"RUB";"-2320,00";"RUB";"";"Рестораны";"5812";"OOO BONTI_2";"0,00";"0,00";"-2320,00"
"18.02.2026 20:11:52";"18.02.2026";"*6731";"OK";"5162,07";"RUB";"5162,07";"RUB";"";"Переводы";"";"Пополнение. ИНДИВИДУАЛЬНЫЙ ПРЕДПРИНИМАТЕЛЬ ВАСИН ДМИТРИЙ ВЯЧЕСЛАВОВИЧ";"0,00";"0,00";"5162,07"
"18.02.2026 19:53:16";"18.02.2026";"";"OK";"-150,00";"RUB";"-150,00";"RUB";"";"Цифровые товары";"5818";"powerapp.world";"0,00";"0,00";"-150,00"
"18.02.2026 19:23:18";"18.02.2026";"";"OK";"-45,00";"RUB";"-45,00";"RUB";"";"Цифровые товары";"5818";"powerapp.world";"0,00";"0,00";"-45,00"
"18.02.2026 14:09:16";"18.02.2026";"*4531";"OK";"-340,00";"RUB";"-340,00";"RUB";"";"Переводы";"";"Светлана Б.";"0,00";"0,00";"-340,00"
"18.02.2026 14:08:56";"18.02.2026";"*4531";"OK";"340,00";"RUB";"340,00";"RUB";"";"Переводы";"";"Пополнение. ИНДИВИДУАЛЬНЫЙ ПРЕДПРИНИМАТЕЛЬ ВАСИН ДМИТРИЙ ВЯЧЕСЛАВОВИЧ";"0,00";"0,00";"340,00"
"18.02.2026 12:34:06";"18.02.2026";"";"OK";"-997,50";"RUB";"-997,50";"RUB";"";"Рестораны";"5812";"ШОКО КОМСОМОЛЬСКИЙ 29 КМ";"0,00";"0,00";"-997,50"
"18.02.2026 12:33:56";"18.02.2026";"*6731";"OK";"1000,00";"RUB";"1000,00";"RUB";"";"Переводы";"";"Пополнение. ИНДИВИДУАЛЬНЫЙ ПРЕДПРИНИМАТЕЛЬ ВАСИН ДМИТРИЙ ВЯЧЕСЛАВОВИЧ";"0,00";"0,00";"1000,00"
"18.02.2026 08:37:24";"18.02.2026";"";"OK";"-249,96";"RUB";"-249,96";"RUB";"";"Супермаркеты";"5411";"Магнит";"0,00";"0,00";"-249,96"
"17.02.2026 20:38:19";"17.02.2026";"*4531";"OK";"-20000,00";"RUB";"-20000,00";"RUB";"";"Переводы";"";"Турпал-Али И.";"0,00";"0,00";"-20000,00"
"17.02.2026 20:37:51";"17.02.2026";"*4531";"OK";"20000,00";"RUB";"20000,00";"RUB";"";"Переводы";"";"Пополнение. ИНДИВИДУАЛЬНЫЙ ПРЕДПРИНИМАТЕЛЬ ВАСИН ДМИТРИЙ ВЯЧЕСЛАВОВИЧ";"0,00";"0,00";"20000,00"
"17.02.2026 20:13:38";"17.02.2026";"*6731";"OK";"-109,60";"RUB";"-109,60";"RUB";"";"Сервис";"7299";"CloudTips";"0,00";"0,00";"-109,60"
"17.02.2026 19:41:39";"17.02.2026";"";"OK";"-3550,98";"RUB";"-3550,98";"RUB";"";"Супермаркеты";"5411";"Лента";"0,00";"0,00";"-3550,98"
"17.02.2026 19:40:10";"17.02.2026";"*6731";"OK";"-1574,00";"RUB";"-1574,00";"RUB";"";"Фастфуд";"5814";"Додо Пицца";"0,00";"0,00";"-1574,00"
"17.02.2026 19:39:08";"";"*4531";"FAILED";"-1574,00";"RUB";"-1574,00";"RUB";"";"Различные товары";"";"Покупка по QR";"0,00";"0,00";"-1574,00"
"17.02.2026 19:38:43";"";"*4531";"FAILED";"-1574,00";"RUB";"-1574,00";"RUB";"";"Различные товары";"";"Покупка по QR";"0,00";"0,00";"-1574,00"
"17.02.2026 19:22:02";"17.02.2026";"*6731";"OK";"-1310,00";"RUB";"-1310,00";"RUB";"";"Супермаркеты";"3990";"Яндекс Лавка";"0,00";"0,00";"-1310,00"
"17.02.2026 19:19:12";"";"*4531";"FAILED";"-1310,00";"RUB";"-1310,00";"RUB";"";"Супермаркеты";"";"Покупка по QR";"0,00";"0,00";"-1310,00"
"17.02.2026 19:07:52";"17.02.2026";"*6731";"OK";"5000,00";"RUB";"5000,00";"RUB";"";"Переводы";"";"Пополнение. ИНДИВИДУАЛЬНЫЙ ПРЕДПРИНИМАТЕЛЬ ВАСИН ДМИТРИЙ ВЯЧЕСЛАВОВИЧ";"0,00";"0,00";"5000,00"
"17.02.2026 16:39:31";"18.02.2026";"*6731";"OK";"-28,62";"RUB";"-28,62";"RUB";"";"Госуслуги";"9390";"Портал госуслуг Москвы MOS.RU";"0,00";"0,00";"-28,62"
"17.02.2026 16:39:29";"17.02.2026";"*6731";"OK";"-9101,85";"RUB";"-9101,85";"RUB";"";"Госуслуги";"4900";"Портал госуслуг Москвы MOS.RU";"0,00";"0,00";"-9101,85"
"17.02.2026 16:36:58";"17.02.2026";"*6731";"OK";"11269,18";"RUB";"11269,18";"RUB";"";"Переводы";"";"Пополнение. ИНДИВИДУАЛЬНЫЙ ПРЕДПРИНИМАТЕЛЬ ВАСИН ДМИТРИЙ ВЯЧЕСЛАВОВИЧ";"0,00";"0,00";"11269,18"
"17.02.2026 12:32:38";"17.02.2026";"";"OK";"-979,00";"RUB";"-979,00";"RUB";"";"Рестораны";"5812";"ШОКО КОМСОМОЛЬСКИЙ 29 КМ";"0,00";"0,00";"-979,00"
"16.02.2026 19:01:18";"16.02.2026";"";"OK";"-710,00";"RUB";"-710,00";"RUB";"";"Фастфуд";"5814";"Даблби";"0,00";"0,00";"-710,00"
"16.02.2026 15:11:51";"16.02.2026";"*4531";"OK";"-3000,00";"RUB";"-3000,00";"RUB";"";"Переводы";"";"Александра К.";"0,00";"0,00";"-3000,00"
"16.02.2026 15:11:35";"16.02.2026";"*4531";"OK";"3000,00";"RUB";"3000,00";"RUB";"";"Переводы";"";"Пополнение. ИНДИВИДУАЛЬНЫЙ ПРЕДПРИНИМАТЕЛЬ ВАСИН ДМИТРИЙ ВЯЧЕСЛАВОВИЧ";"0,00";"0,00";"3000,00"
"16.02.2026 14:39:21";"16.02.2026";"";"OK";"-979,00";"RUB";"-979,00";"RUB";"";"Рестораны";"5812";"ШОКО КОМСОМОЛЬСКИЙ 29 КМ";"0,00";"0,00";"-979,00"
"16.02.2026 14:39:01";"16.02.2026";"*6731";"OK";"2018,75";"RUB";"2018,75";"RUB";"";"Переводы";"";"Пополнение. ИНДИВИДУАЛЬНЫЙ ПРЕДПРИНИМАТЕЛЬ ВАСИН ДМИТРИЙ ВЯЧЕСЛАВОВИЧ";"0,00";"0,00";"2018,75"
"16.02.2026 10:07:07";"16.02.2026";"";"OK";"-4279,00";"RUB";"-4279,00";"RUB";"";"Маркетплейсы";"5699";"WILDBERRIES";"0,00";"0,00";"-4279,00"
"16.02.2026 10:06:34";"16.02.2026";"*6731";"OK";"3421,81";"RUB";"3421,81";"RUB";"";"Переводы";"";"Пополнение. ИНДИВИДУАЛЬНЫЙ ПРЕДПРИНИМАТЕЛЬ ВАСИН ДМИТРИЙ ВЯЧЕСЛАВОВИЧ";"0,00";"0,00";"3421,81"
"15.02.2026 18:12:10";"15.02.2026";"";"OK";"-3056,00";"RUB";"-3056,00";"RUB";"";"Маркетплейсы";"5399";"Ozon.ru";"0,00";"0,00";"-3056,00"
"15.02.2026 18:11:53";"15.02.2026";"*6731";"OK";"2985,16";"RUB";"2985,16";"RUB";"";"Переводы";"";"Пополнение. ИНДИВИДУАЛЬНЫЙ ПРЕДПРИНИМАТЕЛЬ ВАСИН ДМИТРИЙ ВЯЧЕСЛАВОВИЧ";"0,00";"0,00";"2985,16"
"15.02.2026 13:43:22";"15.02.2026";"";"OK";"-800,00";"RUB";"-800,00";"RUB";"";"Связь";"4814";"t2";"0,00";"0,00";"-800,00"
"15.02.2026 08:36:17";"15.02.2026";"*4531";"OK";"-12861,00";"RUB";"-12861,00";"RUB";"";"Переводы";"";"Екатерина Б.";"0,00";"0,00";"-12861,00"
"15.02.2026 08:35:53";"15.02.2026";"*4531";"OK";"12861,00";"RUB";"12861,00";"RUB";"";"Переводы";"";"Пополнение. ИНДИВИДУАЛЬНЫЙ ПРЕДПРИНИМАТЕЛЬ ВАСИН ДМИТРИЙ ВЯЧЕСЛАВОВИЧ";"0,00";"0,00";"12861,00"
"14.02.2026 21:48:29";"";"*6731";"FAILED";"-3056,00";"RUB";"-3056,00";"RUB";"";"Различные товары";"";"Покупка по QR";"0,00";"0,00";"-3056,00"
"14.02.2026 19:51:31";"14.02.2026";"";"OK";"-282,00";"RUB";"-282,00";"RUB";"";"Различные услуги";"7299";"СберЧаевые";"0,00";"0,00";"-282,00"
"14.02.2026 19:50:41";"14.02.2026";"";"OK";"-5444,00";"RUB";"-5444,00";"RUB";"";"Рестораны";"5812";"OOO BONTI_2";"0,00";"0,00";"-5444,00"
"14.02.2026 19:50:24";"14.02.2026";"*6731";"OK";"8000,00";"RUB";"8000,00";"RUB";"";"Переводы";"";"Пополнение. ИНДИВИДУАЛЬНЫЙ ПРЕДПРИНИМАТЕЛЬ ВАСИН ДМИТРИЙ ВЯЧЕСЛАВОВИЧ";"0,00";"0,00";"8000,00"
"14.02.2026 11:19:54";"14.02.2026";"";"OK";"-220,00";"RUB";"-220,00";"RUB";"";"Тренировки";"7941";"УРАЛХИМ RUN FACTORY_SBP";"0,00";"0,00";"-220,00"
"14.02.2026 10:03:09";"14.02.2026";"";"OK";"-700,00";"RUB";"-700,00";"RUB";"";"Тренировки";"7941";"УРАЛХИМ RUN FACTORY_SBP";"0,00";"0,00";"-700,00"
"14.02.2026 10:02:57";"14.02.2026";"*6731";"OK";"507,73";"RUB";"507,73";"RUB";"";"Переводы";"";"Пополнение. ИНДИВИДУАЛЬНЫЙ ПРЕДПРИНИМАТЕЛЬ ВАСИН ДМИТРИЙ ВЯЧЕСЛАВОВИЧ";"0,00";"0,00";"507,73"
"13.02.2026 19:04:42";"13.02.2026";"";"OK";"69,11";"RUB";"69,11";"RUB";"";"Различные товары";"5399";"OZON";"0,00";"0,00";"69,11"
"13.02.2026 18:37:36";"13.02.2026";"";"OK";"-4823,00";"RUB";"-4823,00";"RUB";"";"Маркетплейсы";"5399";"Ozon.ru";"0,00";"0,00";"-4823,00"
"13.02.2026 18:36:56";"13.02.2026";"*6731";"OK";"1349,40";"RUB";"1349,40";"RUB";"";"Переводы";"";"Пополнение. ИНДИВИДУАЛЬНЫЙ ПРЕДПРИНИМАТЕЛЬ ВАСИН ДМИТРИЙ ВЯЧЕСЛАВОВИЧ";"0,00";"0,00";"1349,40"
"13.02.2026 15:21:15";"13.02.2026";"*4531";"OK";"-10500,00";"RUB";"-10500,00";"RUB";"";"Наличные";"6011";"Снятие в банкомате Т-Банк";"0,00";"0,00";"-10500,00"
"13.02.2026 15:20:34";"13.02.2026";"*4531";"OK";"10100,00";"RUB";"10100,00";"RUB";"";"Переводы";"";"Пополнение. ИНДИВИДУАЛЬНЫЙ ПРЕДПРИНИМАТЕЛЬ ВАСИН ДМИТРИЙ ВЯЧЕСЛАВОВИЧ";"0,00";"0,00";"10100,00"
"13.02.2026 15:07:39";"13.02.2026";"";"OK";"-469,97";"RUB";"-469,97";"RUB";"";"Супермаркеты";"5411";"Перекрёсток";"0,00";"0,00";"-469,97"
"13.02.2026 15:05:16";"13.02.2026";"*4531";"OK";"-41500,00";"RUB";"-41500,00";"RUB";"";"Наличные";"6011";"Снятие в банкомате Т-Банк";"0,00";"0,00";"-41500,00"
"13.02.2026 15:04:05";"13.02.2026";"*4531";"OK";"41900,00";"RUB";"41900,00";"RUB";"";"Переводы";"";"Пополнение. ИНДИВИДУАЛЬНЫЙ ПРЕДПРИНИМАТЕЛЬ ВАСИН ДМИТРИЙ ВЯЧЕСЛАВОВИЧ";"0,00";"0,00";"41900,00"
"13.02.2026 14:40:09";"13.02.2026";"";"OK";"-500,00";"RUB";"-500,00";"RUB";"";"Местный транспорт";"4111";"Московский метрополитен";"0,00";"0,00";"-500,00"
"13.02.2026 14:18:26";"13.02.2026";"";"OK";"3593,53";"RUB";"3593,53";"RUB";"";"Различные товары";"5399";"OZON";"0,00";"0,00";"3593,53"
"13.02.2026 14:12:33";"13.02.2026";"";"OK";"69,47";"RUB";"69,47";"RUB";"";"Различные товары";"5399";"OZON";"0,00";"0,00";"69,47"
"13.02.2026 13:53:25";"13.02.2026";"";"OK";"-3663,00";"RUB";"-3663,00";"RUB";"";"Маркетплейсы";"5399";"Ozon.ru";"0,00";"0,00";"-3663,00"
"13.02.2026 12:55:45";"13.02.2026";"";"OK";"-1280,00";"RUB";"-1280,00";"RUB";"";"Фото и копицентры";"7338";"https://frunzenskaya-mdmprint.hello";"0,00";"0,00";"-1280,00"
"13.02.2026 12:27:39";"13.02.2026";"";"OK";"-890,00";"RUB";"-890,00";"RUB";"";"Рестораны";"5812";"ШОКО КОМСОМОЛЬСКИЙ 29 КМ";"0,00";"0,00";"-890,00"
"12.02.2026 17:47:23";"12.02.2026";"";"OK";"-229,00";"RUB";"-229,00";"RUB";"";"Фото и копицентры";"7338";"https://frunzenskaya-mdmprint.hello";"0,00";"0,00";"-229,00"
"12.02.2026 13:48:42";"12.02.2026";"";"OK";"-979,00";"RUB";"-979,00";"RUB";"";"Рестораны";"5812";"ШОКО КОМСОМОЛЬСКИЙ 29 КМ";"0,00";"0,00";"-979,00"
"12.02.2026 11:18:08";"12.02.2026";"*4531";"OK";"-500,00";"RUB";"-500,00";"RUB";"";"Переводы";"";"Перевод юридическому лицу";"0,00";"0,00";"-500,00"
"12.02.2026 11:17:33";"12.02.2026";"";"OK";"500,00";"RUB";"500,00";"RUB";"";"Переводы";"";"Дмитрий В.";"0,00";"0,00";"500,00"
"11.02.2026 13:43:49";"11.02.2026";"*6731";"OK";"-284,00";"RUB";"-284,00";"RUB";"";"Такси";"3990";"Яндекс Такси";"0,00";"0,00";"-284,00"
"11.02.2026 12:54:05";"11.02.2026";"";"OK";"-979,00";"RUB";"-979,00";"RUB";"";"Рестораны";"5812";"ШОКО ВЕРНАДСКОГО 86А КМ";"0,00";"0,00";"-979,00"
"11.02.2026 11:36:29";"11.02.2026";"*4531";"OK";"-25000,00";"RUB";"-25000,00";"RUB";"";"Наличные";"6011";"Снятие в банкомате Т-Банк";"0,00";"0,00";"-25000,00"
"11.02.2026 11:15:33";"11.02.2026";"*4531";"OK";"25000,00";"RUB";"25000,00";"RUB";"";"Переводы";"";"Пополнение. ИНДИВИДУАЛЬНЫЙ ПРЕДПРИНИМАТЕЛЬ ВАСИН ДМИТРИЙ ВЯЧЕСЛАВОВИЧ";"0,00";"0,00";"25000,00"
"09.02.2026 18:39:54";"09.02.2026";"*4531";"OK";"-60000,00";"RUB";"-60000,00";"RUB";"";"Переводы";"";"Дмитрий В.";"0,00";"0,00";"-60000,00"
"09.02.2026 18:39:28";"09.02.2026";"*4531";"OK";"60000,00";"RUB";"60000,00";"RUB";"";"Переводы";"";"Пополнение. ИНДИВИДУАЛЬНЫЙ ПРЕДПРИНИМАТЕЛЬ ВАСИН ДМИТРИЙ ВЯЧЕСЛАВОВИЧ";"0,00";"0,00";"60000,00"
"09.02.2026 18:37:57";"09.02.2026";"";"OK";"-2110,00";"RUB";"-2110,00";"RUB";"";"Маркетплейсы";"5399";"Ozon.ru";"0,00";"0,00";"-2110,00"
"09.02.2026 18:36:58";"09.02.2026";"*6731";"OK";"10000,00";"RUB";"10000,00";"RUB";"";"Переводы";"";"Пополнение. ИНДИВИДУАЛЬНЫЙ ПРЕДПРИНИМАТЕЛЬ ВАСИН ДМИТРИЙ ВЯЧЕСЛАВОВИЧ";"0,00";"0,00";"10000,00"
"09.02.2026 18:06:48";"09.02.2026";"";"OK";"-280,00";"RUB";"-280,00";"RUB";"";"Фастфуд";"5814";"Рецепт_P_QR";"0,00";"0,00";"-280,00"
"09.02.2026 17:25:34";"09.02.2026";"";"OK";"-759,00";"RUB";"-759,00";"RUB";"";"Рестораны";"5812";"ШОКО КОМСОМОЛЬСКИЙ 29 КМ";"0,00";"0,00";"-759,00"
"09.02.2026 17:25:28";"09.02.2026";"*6731";"OK";"2749,96";"RUB";"2749,96";"RUB";"";"Переводы";"";"Пополнение. ИНДИВИДУАЛЬНЫЙ ПРЕДПРИНИМАТЕЛЬ ВАСИН ДМИТРИЙ ВЯЧЕСЛАВОВИЧ";"0,00";"0,00";"2749,96"
"09.02.2026 09:04:39";"09.02.2026";"";"OK";"-850,00";"RUB";"-850,00";"RUB";"";"Фастфуд";"5814";"Даблби";"0,00";"0,00";"-850,00"
"09.02.2026 09:04:28";"09.02.2026";"*6731";"OK";"213,39";"RUB";"213,39";"RUB";"";"Переводы";"";"Пополнение. ИНДИВИДУАЛЬНЫЙ ПРЕДПРИНИМАТЕЛЬ ВАСИН ДМИТРИЙ ВЯЧЕСЛАВОВИЧ";"0,00";"0,00";"213,39"
"08.02.2026 17:58:35";"08.02.2026";"";"OK";"-769,00";"RUB";"-769,00";"RUB";"";"Рестораны";"5812";"ШОКО КОМСОМОЛЬСКИЙ 29 КМ";"0,00";"0,00";"-769,00"
"08.02.2026 17:58:24";"08.02.2026";"*6731";"OK";"837,70";"RUB";"837,70";"RUB";"";"Переводы";"";"Пополнение. ИНДИВИДУАЛЬНЫЙ ПРЕДПРИНИМАТЕЛЬ ВАСИН ДМИТРИЙ ВЯЧЕСЛАВОВИЧ";"0,00";"0,00";"837,70"
"08.02.2026 14:05:25";"08.02.2026";"";"OK";"-707,00";"RUB";"-707,00";"RUB";"";"Сервис";"5411";"Яндекс Сервисы";"0,00";"0,00";"-707,00"
"08.02.2026 09:23:16";"08.02.2026";"*6731";"OK";"-800,00";"RUB";"-800,00";"RUB";"";"Такси";"3990";"Яндекс Такси";"0,00";"0,00";"-800,00"
"08.02.2026 09:22:29";"08.02.2026";"*6731";"OK";"-1570,00";"RUB";"-1570,00";"RUB";"";"Такси";"3990";"Яндекс Такси";"0,00";"0,00";"-1570,00"
"08.02.2026 09:19:42";"08.02.2026";"*4531";"OK";"-45000,00";"RUB";"-45000,00";"RUB";"";"Переводы";"";"Дмитрий В.";"0,00";"0,00";"-45000,00"
"08.02.2026 09:19:25";"08.02.2026";"*4531";"OK";"45000,00";"RUB";"45000,00";"RUB";"";"Переводы";"";"Пополнение. ИНДИВИДУАЛЬНЫЙ ПРЕДПРИНИМАТЕЛЬ ВАСИН ДМИТРИЙ ВЯЧЕСЛАВОВИЧ";"0,00";"0,00";"45000,00"
"08.02.2026 09:04:39";"08.02.2026";"";"OK";"-3728,00";"RUB";"-3728,00";"RUB";"";"Маркетплейсы";"5399";"Ozon.ru";"0,00";"0,00";"-3728,00"
"08.02.2026 09:04:25";"08.02.2026";"*6731";"OK";"5000,00";"RUB";"5000,00";"RUB";"";"Переводы";"";"Пополнение. ИНДИВИДУАЛЬНЫЙ ПРЕДПРИНИМАТЕЛЬ ВАСИН ДМИТРИЙ ВЯЧЕСЛАВОВИЧ";"0,00";"0,00";"5000,00"
"08.02.2026 08:46:41";"08.02.2026";"";"OK";"-1628,00";"RUB";"-1628,00";"RUB";"";"Маркетплейсы";"5300";"Avito";"0,00";"0,00";"-1628,00"
"08.02.2026 08:46:25";"08.02.2026";"*6731";"OK";"3666,27";"RUB";"3666,27";"RUB";"";"Переводы";"";"Пополнение. ИНДИВИДУАЛЬНЫЙ ПРЕДПРИНИМАТЕЛЬ ВАСИН ДМИТРИЙ ВЯЧЕСЛАВОВИЧ";"0,00";"0,00";"3666,27"
"07.02.2026 19:05:55";"07.02.2026";"*6731";"OK";"-756,00";"RUB";"-756,00";"RUB";"";"Различные товары";"5734";"PushSMS";"0,00";"0,00";"-756,00"
"07.02.2026 13:54:51";"07.02.2026";"*4531";"OK";"-5000,00";"RUB";"-5000,00";"RUB";"";"Переводы";"";"Артём К.";"0,00";"0,00";"-5000,00"
"07.02.2026 13:52:56";"07.02.2026";"*4531";"OK";"5000,00";"RUB";"5000,00";"RUB";"";"Переводы";"";"Пополнение. ИНДИВИДУАЛЬНЫЙ ПРЕДПРИНИМАТЕЛЬ ВАСИН ДМИТРИЙ ВЯЧЕСЛАВОВИЧ";"0,00";"0,00";"5000,00"
"07.02.2026 08:13:51";"07.02.2026";"";"OK";"-450,00";"RUB";"-450,00";"RUB";"";"Тренировки";"7997";"https://olimp-znamen.ru";"0,00";"0,00";"-450,00"
"07.02.2026 02:28:37";"07.02.2026";"";"OK";"-8186,00";"RUB";"-8186,00";"RUB";"";"Связь";"4814";"Рег.ру";"0,00";"0,00";"-8186,00"
"06.02.2026 17:38:32";"06.02.2026";"*4531";"OK";"-700,00";"RUB";"-700,00";"RUB";"";"Переводы";"";"Карина К.";"0,00";"0,00";"-700,00"
"06.02.2026 17:38:28";"06.02.2026";"*4531";"OK";"600,00";"RUB";"600,00";"RUB";"";"Переводы";"";"Пополнение. ИНДИВИДУАЛЬНЫЙ ПРЕДПРИНИМАТЕЛЬ ВАСИН ДМИТРИЙ ВЯЧЕСЛАВОВИЧ";"0,00";"0,00";"600,00"
"06.02.2026 17:01:03";"06.02.2026";"";"OK";"-3969,00";"RUB";"-3969,00";"RUB";"";"Маркетплейсы";"5699";"WILDBERRIES";"0,00";"0,00";"-3969,00"
"06.02.2026 17:00:58";"06.02.2026";"*6731";"OK";"10000,00";"RUB";"10000,00";"RUB";"";"Переводы";"";"Пополнение. ИНДИВИДУАЛЬНЫЙ ПРЕДПРИНИМАТЕЛЬ ВАСИН ДМИТРИЙ ВЯЧЕСЛАВОВИЧ";"0,00";"0,00";"10000,00"
"06.02.2026 16:05:19";"06.02.2026";"";"OK";"-6000,00";"RUB";"-6000,00";"RUB";"";"Тренировки";"7997";"""Н2О ЛУЖНИКИ""";"0,00";"0,00";"-6000,00"
"06.02.2026 16:05:02";"06.02.2026";"*6731";"OK";"9499,37";"RUB";"9499,37";"RUB";"";"Переводы";"";"Пополнение. ИНДИВИДУАЛЬНЫЙ ПРЕДПРИНИМАТЕЛЬ ВАСИН ДМИТРИЙ ВЯЧЕСЛАВОВИЧ";"0,00";"0,00";"9499,37"
"06.02.2026 14:54:37";"06.02.2026";"*4531";"OK";"-400,00";"RUB";"-400,00";"RUB";"";"Переводы";"";"Карина К.";"0,00";"0,00";"-400,00"
"06.02.2026 14:54:30";"06.02.2026";"*4531";"OK";"500,00";"RUB";"500,00";"RUB";"";"Переводы";"";"Пополнение. ИНДИВИДУАЛЬНЫЙ ПРЕДПРИНИМАТЕЛЬ ВАСИН ДМИТРИЙ ВЯЧЕСЛАВОВИЧ";"0,00";"0,00";"500,00"
"06.02.2026 14:29:10";"06.02.2026";"";"OK";"-979,00";"RUB";"-979,00";"RUB";"";"Рестораны";"5812";"ШОКО КОМСОМОЛЬСКИЙ 29 КМ";"0,00";"0,00";"-979,00"
"06.02.2026 08:03:27";"06.02.2026";"";"OK";"-288,00";"RUB";"-288,00";"RUB";"";"Фастфуд";"5814";"Даблби";"0,00";"0,00";"-288,00"
"06.02.2026 02:32:11";"";"*6731";"FAILED";"-8186,00";"RUB";"-8186,00";"RUB";"";"Связь";"";"Покупка по QR";"0,00";"0,00";"-8186,00"
"05.02.2026 16:02:17";"05.02.2026";"*6731";"OK";"110,00";"RUB";"110,00";"RUB";"";"Переводы";"";"Между своими счетами";"0,00";"0,00";"110,00"
"05.02.2026 16:02:15";"05.02.2026";"*4531";"OK";"-110,00";"RUB";"-110,00";"RUB";"";"Переводы";"";"Между своими счетами";"0,00";"0,00";"-110,00"
"05.02.2026 15:53:31";"05.02.2026";"*4531";"OK";"-1390,00";"RUB";"-1390,00";"RUB";"";"Переводы";"";"Андрей Д.";"0,00";"0,00";"-1390,00"
"05.02.2026 15:46:15";"05.02.2026";"*4531";"OK";"-1500,00";"RUB";"-1500,00";"RUB";"";"Переводы";"";"Алена Ч.";"0,00";"0,00";"-1500,00"
"05.02.2026 15:45:59";"05.02.2026";"*4531";"OK";"3000,00";"RUB";"3000,00";"RUB";"";"Переводы";"";"Пополнение. ИНДИВИДУАЛЬНЫЙ ПРЕДПРИНИМАТЕЛЬ ВАСИН ДМИТРИЙ ВЯЧЕСЛАВОВИЧ";"0,00";"0,00";"3000,00"
"05.02.2026 15:27:12";"05.02.2026";"";"OK";"-149,99";"RUB";"-149,99";"RUB";"";"Супермаркеты";"5411";"Перекрёсток";"0,00";"0,00";"-149,99"
"05.02.2026 13:16:49";"05.02.2026";"";"OK";"-890,00";"RUB";"-890,00";"RUB";"";"Рестораны";"5812";"Комсомольский пр-т _P_QR";"0,00";"0,00";"-890,00"
"05.02.2026 10:00:24";"06.02.2026";"*6731";"OK";"-2290,00";"RUB";"-2290,00";"RUB";"";"Экосистема Яндекс";"3990";"Yandexbank*Yandex*7372";"0,00";"0,00";"-2290,00"
"05.02.2026 08:29:07";"05.02.2026";"";"OK";"-360,00";"RUB";"-360,00";"RUB";"";"Фастфуд";"5814";"Даблби";"0,00";"0,00";"-360,00"
"05.02.2026 08:28:56";"05.02.2026";"*6731";"OK";"5029,35";"RUB";"5029,35";"RUB";"";"Переводы";"";"Пополнение. ИНДИВИДУАЛЬНЫЙ ПРЕДПРИНИМАТЕЛЬ ВАСИН ДМИТРИЙ ВЯЧЕСЛАВОВИЧ";"0,00";"0,00";"5029,35"
"04.02.2026 20:07:04";"04.02.2026";"*4531";"OK";"-7559,30";"RUB";"-7559,30";"RUB";"";"Переводы";"";"Дмитрий В.";"0,00";"0,00";"-7559,30"
"04.02.2026 20:06:41";"04.02.2026";"*4531";"OK";"7559,30";"RUB";"7559,30";"RUB";"";"Переводы";"";"Пополнение. ИНДИВИДУАЛЬНЫЙ ПРЕДПРИНИМАТЕЛЬ ВАСИН ДМИТРИЙ ВЯЧЕСЛАВОВИЧ";"0,00";"0,00";"7559,30"
"04.02.2026 12:26:46";"04.02.2026";"*4531";"OK";"-39999,00";"RUB";"-39999,00";"RUB";"";"Переводы";"";"Дмитрий В.";"0,00";"0,00";"-39999,00"
"04.02.2026 12:26:15";"04.02.2026";"*4531";"OK";"39126,25";"RUB";"39126,25";"RUB";"";"Переводы";"";"Пополнение. ИНДИВИДУАЛЬНЫЙ ПРЕДПРИНИМАТЕЛЬ ВАСИН ДМИТРИЙ ВЯЧЕСЛАВОВИЧ";"0,00";"0,00";"39126,25"
"03.02.2026 21:44:27";"03.02.2026";"*4531";"OK";"-300,00";"RUB";"-300,00";"RUB";"";"Переводы";"";"Ольга Г.";"0,00";"0,00";"-300,00"
"03.02.2026 21:43:10";"03.02.2026";"*4531";"OK";"1172,75";"RUB";"1172,75";"RUB";"";"Переводы";"";"Пополнение. ИНДИВИДУАЛЬНЫЙ ПРЕДПРИНИМАТЕЛЬ ВАСИН ДМИТРИЙ ВЯЧЕСЛАВОВИЧ";"0,00";"0,00";"1172,75"
"03.02.2026 08:20:32";"03.02.2026";"";"OK";"-490,00";"RUB";"-490,00";"RUB";"";"Фастфуд";"5814";"Даблби";"0,00";"0,00";"-490,00"
"03.02.2026 08:19:53";"03.02.2026";"";"OK";"-360,00";"RUB";"-360,00";"RUB";"";"Фастфуд";"5814";"Даблби";"0,00";"0,00";"-360,00"
"03.02.2026 08:19:41";"03.02.2026";"*6731";"OK";"763,33";"RUB";"763,33";"RUB";"";"Переводы";"";"Пополнение. ИНДИВИДУАЛЬНЫЙ ПРЕДПРИНИМАТЕЛЬ ВАСИН ДМИТРИЙ ВЯЧЕСЛАВОВИЧ";"0,00";"0,00";"763,33"
"02.02.2026 22:01:23";"03.02.2026";"*4531";"OK";"-70000,00";"RUB";"-70000,00";"RUB";"";"Переводы";"";"Дмитрий В.";"0,00";"0,00";"-70000,00"
"02.02.2026 22:00:41";"03.02.2026";"*4531";"OK";"70000,00";"RUB";"70000,00";"RUB";"";"Переводы";"";"Пополнение. ИНДИВИДУАЛЬНЫЙ ПРЕДПРИНИМАТЕЛЬ ВАСИН ДМИТРИЙ ВЯЧЕСЛАВОВИЧ";"0,00";"0,00";"70000,00"
"02.02.2026 21:55:33";"03.02.2026";"*6731";"OK";"-6781,84";"RUB";"-6781,84";"RUB";"";"Различные товары";"5734";"PushSMS";"0,00";"0,00";"-6781,84"
"02.02.2026 21:55:10";"02.02.2026";"*6731";"OK";"5000,00";"RUB";"5000,00";"RUB";"";"Переводы";"";"Пополнение. ИНДИВИДУАЛЬНЫЙ ПРЕДПРИНИМАТЕЛЬ ВАСИН ДМИТРИЙ ВЯЧЕСЛАВОВИЧ";"0,00";"0,00";"5000,00"
"02.02.2026 19:27:30";"02.02.2026";"*4531";"OK";"-5000,00";"RUB";"-5000,00";"RUB";"";"Переводы";"";"Александра К.";"0,00";"0,00";"-5000,00"
"02.02.2026 19:27:12";"02.02.2026";"*4531";"OK";"5000,00";"RUB";"5000,00";"RUB";"";"Переводы";"";"Пополнение. ИНДИВИДУАЛЬНЫЙ ПРЕДПРИНИМАТЕЛЬ ВАСИН ДМИТРИЙ ВЯЧЕСЛАВОВИЧ";"0,00";"0,00";"5000,00"
"02.02.2026 17:39:58";"02.02.2026";"";"OK";"-1183,93";"RUB";"-1183,93";"RUB";"";"Супермаркеты";"5411";"Магнит";"0,00";"0,00";"-1183,93"
"02.02.2026 16:14:50";"04.02.2026";"*6731";"OK";"-928,00";"RUB";"-928,00";"RUB";"";"Маркетплейсы";"3990";"Яндекс Маркет";"0,00";"0,00";"-928,00"
"02.02.2026 16:14:44";"02.02.2026";"*6731";"OK";"3980,91";"RUB";"3980,91";"RUB";"";"Переводы";"";"Пополнение. ИНДИВИДУАЛЬНЫЙ ПРЕДПРИНИМАТЕЛЬ ВАСИН ДМИТРИЙ ВЯЧЕСЛАВОВИЧ";"0,00";"0,00";"3980,91"
"02.02.2026 13:46:35";"02.02.2026";"";"OK";"-250,00";"RUB";"-250,00";"RUB";"";"Местный транспорт";"4111";"Московский метрополитен";"0,00";"0,00";"-250,00"
"02.02.2026 12:35:22";"02.02.2026";"";"OK";"-979,00";"RUB";"-979,00";"RUB";"";"Рестораны";"5812";"ШОКО КОМСОМОЛЬСКИЙ 29 КМ";"0,00";"0,00";"-979,00"
"02.02.2026 09:38:12";"02.02.2026";"";"OK";"-470,00";"RUB";"-470,00";"RUB";"";"Маркетплейсы";"5300";"Avito";"0,00";"0,00";"-470,00"
"02.02.2026 09:04:03";"02.02.2026";"";"OK";"-500,00";"RUB";"-500,00";"RUB";"";"Связь";"4814";"t2";"0,00";"0,00";"-500,00"
"02.02.2026 07:34:59";"02.02.2026";"";"OK";"-904,00";"RUB";"-904,00";"RUB";"";"Маркетплейсы";"5300";"Avito";"0,00";"0,00";"-904,00"
"01.02.2026 15:21:33";"01.02.2026";"*6731";"OK";"-299,00";"RUB";"-299,00";"RUB";"";"Другое";"";"Подписка Pro";"0,00";"0,00";"-299,00"
"01.02.2026 10:18:57";"01.02.2026";"";"OK";"16,77";"RUB";"16,77";"RUB";"";"Различные товары";"5399";"OZON";"0,00";"0,00";"16,77"
"01.02.2026 10:06:55";"01.02.2026";"";"OK";"-1788,00";"RUB";"-1788,00";"RUB";"";"Маркетплейсы";"5399";"Ozon.ru";"0,00";"0,00";"-1788,00"
"01.02.2026 10:00:13";"01.02.2026";"*6731";"OK";"5000,00";"RUB";"5000,00";"RUB";"";"Переводы";"";"Пополнение. ИНДИВИДУАЛЬНЫЙ ПРЕДПРИНИМАТЕЛЬ ВАСИН ДМИТРИЙ ВЯЧЕСЛАВОВИЧ";"0,00";"0,00";"5000,00"
"01.02.2026 06:53:10";"01.02.2026";"*6731";"OK";"-5250,00";"RUB";"-5250,00";"RUB";"";"Сервис";"7399";"KWORK";"0,00";"0,00";"-5250,00"
"01.02.2026 06:53:10";"01.02.2026";"*6731";"OK";"5000,00";"RUB";"5000,00";"RUB";"";"Переводы";"";"Пополнение. ИНДИВИДУАЛЬНЫЙ ПРЕДПРИНИМАТЕЛЬ ВАСИН ДМИТРИЙ ВЯЧЕСЛАВОВИЧ";"0,00";"0,00";"5000,00"
"01.02.2026 06:38:45";"01.02.2026";"*6731";"OK";"-2630,00";"RUB";"-2630,00";"RUB";"";"Связь";"4816";"Kwork";"0,00";"0,00";"-2630,00"
"01.02.2026 06:37:40";"01.02.2026";"*6731";"OK";"2777,13";"RUB";"2777,13";"RUB";"";"Переводы";"";"Пополнение. ИНДИВИДУАЛЬНЫЙ ПРЕДПРИНИМАТЕЛЬ ВАСИН ДМИТРИЙ ВЯЧЕСЛАВОВИЧ";"0,00";"0,00";"2777,13"
"31.01.2026 22:04:16";"01.02.2026";"";"OK";"-13490,00";"RUB";"-13490,00";"RUB";"";"Рестораны";"5812";"Ресторан KLICH_P_QR";"0,00";"0,00";"-13490,00"
"31.01.2026 22:04:06";"01.02.2026";"*6731";"OK";"3000,00";"RUB";"3000,00";"RUB";"";"Переводы";"";"Между своими счетами";"0,00";"0,00";"3000,00"
"31.01.2026 22:04:05";"01.02.2026";"*4531";"OK";"-3000,00";"RUB";"-3000,00";"RUB";"";"Переводы";"";"Между своими счетами";"0,00";"0,00";"-3000,00"
"31.01.2026 22:03:40";"01.02.2026";"*6731";"OK";"10000,00";"RUB";"10000,00";"RUB";"";"Переводы";"";"Пополнение. ИНДИВИДУАЛЬНЫЙ ПРЕДПРИНИМАТЕЛЬ ВАСИН ДМИТРИЙ ВЯЧЕСЛАВОВИЧ";"0,00";"0,00";"10000,00"
"31.01.2026 19:21:45";"31.01.2026";"";"OK";"438,00";"RUB";"438,00";"RUB";"";"Различные товары";"5399";"OZON";"0,00";"0,00";"438,00"
"31.01.2026 18:11:01";"31.01.2026";"";"OK";"-4036,00";"RUB";"-4036,00";"RUB";"";"Маркетплейсы";"5699";"WILDBERRIES";"0,00";"0,00";"-4036,00"
"31.01.2026 18:10:42";"31.01.2026";"*6731";"OK";"1885,00";"RUB";"1885,00";"RUB";"";"Переводы";"";"Пополнение. ИНДИВИДУАЛЬНЫЙ ПРЕДПРИНИМАТЕЛЬ ВАСИН ДМИТРИЙ ВЯЧЕСЛАВОВИЧ";"0,00";"0,00";"1885,00"
"31.01.2026 17:38:47";"31.01.2026";"";"OK";"-184,00";"RUB";"-184,00";"RUB";"";"Маркетплейсы";"5399";"Ozon.ru";"0,00";"0,00";"-184,00"
"31.01.2026 17:19:06";"31.01.2026";"*4531";"OK";"-115,00";"RUB";"-115,00";"RUB";"";"Переводы";"";"Александра Т.";"0,00";"0,00";"-115,00"
"31.01.2026 17:18:42";"31.01.2026";"*4531";"OK";"3115,00";"RUB";"3115,00";"RUB";"";"Переводы";"";"Пополнение. ИНДИВИДУАЛЬНЫЙ ПРЕДПРИНИМАТЕЛЬ ВАСИН ДМИТРИЙ ВЯЧЕСЛАВОВИЧ";"0,00";"0,00";"3115,00"
"31.01.2026 13:35:35";"31.01.2026";"";"OK";"-491,00";"RUB";"-491,00";"RUB";"";"Маркетплейсы";"5399";"Ozon.ru";"0,00";"0,00";"-491,00"
"31.01.2026 09:37:26";"31.01.2026";"*6731";"OK";"-15,00";"RUB";"-15,00";"RUB";"";"Сервис";"3990";"Яндекс Доставка";"0,00";"0,00";"-15,00"
"31.01.2026 08:51:45";"31.01.2026";"*6731";"OK";"-1358,00";"RUB";"-1358,00";"RUB";"";"Сервис";"3990";"Яндекс Доставка";"0,00";"0,00";"-1358,00"
"31.01.2026 08:32:51";"31.01.2026";"";"OK";"-1200,00";"RUB";"-1200,00";"RUB";"";"Отели";"7011";"Яхонты";"0,00";"0,00";"-1200,00"
"31.01.2026 08:32:41";"31.01.2026";"*6731";"OK";"4578,42";"RUB";"4578,42";"RUB";"";"Переводы";"";"Пополнение. ИНДИВИДУАЛЬНЫЙ ПРЕДПРИНИМАТЕЛЬ ВАСИН ДМИТРИЙ ВЯЧЕСЛАВОВИЧ";"0,00";"0,00";"4578,42"
"31.01.2026 08:32:37";"";"*6731";"FAILED";"-1200,00";"RUB";"-1200,00";"RUB";"";"Отели";"";"Покупка по QR";"0,00";"0,00";"-1200,00"
"31.01.2026 07:11:33";"31.01.2026";"*4531";"OK";"-23000,00";"RUB";"-23000,00";"RUB";"";"Переводы";"";"Екатерина Б.";"0,00";"0,00";"-23000,00"
"31.01.2026 07:10:40";"31.01.2026";"*4531";"OK";"23000,00";"RUB";"23000,00";"RUB";"";"Переводы";"";"Пополнение. ИНДИВИДУАЛЬНЫЙ ПРЕДПРИНИМАТЕЛЬ ВАСИН ДМИТРИЙ ВЯЧЕСЛАВОВИЧ";"0,00";"0,00";"23000,00"
"30.01.2026 16:54:44";"30.01.2026";"";"OK";"-1900,00";"RUB";"-1900,00";"RUB";"";"Фастфуд";"5814";"FARSH Ф-5_P_QR";"0,00";"0,00";"-1900,00"
"30.01.2026 16:49:12";"30.01.2026";"";"OK";"-19964,00";"RUB";"-19964,00";"RUB";"";"Красота";"5977";"РИВ ГОШ";"0,00";"0,00";"-19964,00"
"30.01.2026 16:45:46";"30.01.2026";"*6731";"OK";"20000,00";"RUB";"20000,00";"RUB";"";"Переводы";"";"Пополнение. ИНДИВИДУАЛЬНЫЙ ПРЕДПРИНИМАТЕЛЬ ВАСИН ДМИТРИЙ ВЯЧЕСЛАВОВИЧ";"0,00";"0,00";"20000,00"
"30.01.2026 14:46:00";"30.01.2026";"";"OK";"-487,00";"RUB";"-487,00";"RUB";"";"Супермаркеты";"5411";"ВкусВилл";"0,00";"0,00";"-487,00"
"30.01.2026 12:51:19";"30.01.2026";"";"OK";"-4102,00";"RUB";"-4102,00";"RUB";"";"Маркетплейсы";"5699";"WILDBERRIES";"0,00";"0,00";"-4102,00"
"30.01.2026 12:50:47";"30.01.2026";"*6731";"OK";"6606,45";"RUB";"6606,45";"RUB";"";"Переводы";"";"Пополнение. ИНДИВИДУАЛЬНЫЙ ПРЕДПРИНИМАТЕЛЬ ВАСИН ДМИТРИЙ ВЯЧЕСЛАВОВИЧ";"0,00";"0,00";"6606,45"
"30.01.2026 12:18:55";"30.01.2026";"";"OK";"-400,00";"RUB";"-400,00";"RUB";"";"Фастфуд";"5814";"Новодевичий_P_QR";"0,00";"0,00";"-400,00"
"30.01.2026 11:27:57";"30.01.2026";"";"OK";"-359,00";"RUB";"-359,00";"RUB";"";"Книги и канцтовары";"5942";"Читай-город";"0,00";"0,00";"-359,00"
"30.01.2026 11:11:56";"30.01.2026";"";"OK";"-310,00";"RUB";"-310,00";"RUB";"";"Фастфуд";"5814";"Вкусно — и точка";"0,00";"0,00";"-310,00"
"30.01.2026 10:41:31";"30.01.2026";"*4531";"OK";"-48000,00";"RUB";"-48000,00";"RUB";"";"Наличные";"6011";"Снятие в банкомате Т-Банк";"0,00";"0,00";"-48000,00"
"30.01.2026 10:17:15";"30.01.2026";"*4531";"OK";"3000,00";"RUB";"3000,00";"RUB";"";"Переводы";"";"Пополнение. ИНДИВИДУАЛЬНЫЙ ПРЕДПРИНИМАТЕЛЬ ВАСИН ДМИТРИЙ ВЯЧЕСЛАВОВИЧ";"0,00";"0,00";"3000,00"
"30.01.2026 10:05:14";"30.01.2026";"*4531";"OK";"45000,00";"RUB";"45000,00";"RUB";"";"Переводы";"";"Пополнение. ИНДИВИДУАЛЬНЫЙ ПРЕДПРИНИМАТЕЛЬ ВАСИН ДМИТРИЙ ВЯЧЕСЛАВОВИЧ";"0,00";"0,00";"45000,00"
"29.01.2026 18:56:59";"29.01.2026";"";"OK";"-2665,00";"RUB";"-2665,00";"RUB";"";"Рестораны";"5812";"OOO BONTI";"0,00";"0,00";"-2665,00"
"29.01.2026 18:56:13";"29.01.2026";"";"OK";"-133,00";"RUB";"-133,00";"RUB";"";"Различные услуги";"7299";"СберЧаевые";"0,00";"0,00";"-133,00"
"29.01.2026 18:55:32";"29.01.2026";"*6731";"OK";"2828,22";"RUB";"2828,22";"RUB";"";"Переводы";"";"Пополнение. ИНДИВИДУАЛЬНЫЙ ПРЕДПРИНИМАТЕЛЬ ВАСИН ДМИТРИЙ ВЯЧЕСЛАВОВИЧ";"0,00";"0,00";"2828,22"
"29.01.2026 16:26:04";"29.01.2026";"";"OK";"-2250,00";"RUB";"-2250,00";"RUB";"";"Тренировки";"7941";"Беговое сообщество";"0,00";"0,00";"-2250,00"
"29.01.2026 16:22:42";"29.01.2026";"";"OK";"-1529,00";"RUB";"-1529,00";"RUB";"";"Маркетплейсы";"5399";"Ozon.ru";"0,00";"0,00";"-1529,00"
"29.01.2026 13:19:21";"29.01.2026";"";"OK";"5012,00";"RUB";"5012,00";"RUB";"";"Различные товары";"5399";"OZON";"0,00";"0,00";"5012,00"
"29.01.2026 09:37:28";"29.01.2026";"";"OK";"-281,00";"RUB";"-281,00";"RUB";"";"Аптеки";"5912";"Горздрав";"0,00";"0,00";"-281,00"
"29.01.2026 09:20:11";"29.01.2026";"*6731";"OK";"-360,00";"RUB";"-360,00";"RUB";"";"Фастфуд";"5814";"Fast Coffee";"0,00";"0,00";"-360,00"
"29.01.2026 08:55:07";"29.01.2026";"";"OK";"-558,00";"RUB";"-558,00";"RUB";"";"Фастфуд";"5814";"Лепим и варим";"0,00";"0,00";"-558,00"
"28.01.2026 14:32:20";"28.01.2026";"*4531";"OK";"-20000,00";"RUB";"-20000,00";"RUB";"";"Наличные";"6011";"Снятие в банкомате Т-Банк";"0,00";"0,00";"-20000,00"
"28.01.2026 14:29:33";"28.01.2026";"*4531";"OK";"16860,00";"RUB";"16860,00";"RUB";"";"Переводы";"";"Пополнение. ИНДИВИДУАЛЬНЫЙ ПРЕДПРИНИМАТЕЛЬ ВАСИН ДМИТРИЙ ВЯЧЕСЛАВОВИЧ";"0,00";"0,00";"16860,00"
"28.01.2026 10:56:33";"28.01.2026";"*4531";"OK";"-1680,00";"RUB";"-1680,00";"RUB";"";"Переводы";"";"Артем С.";"0,00";"0,00";"-1680,00"
"28.01.2026 10:56:02";"28.01.2026";"*4531";"OK";"4500,00";"RUB";"4500,00";"RUB";"";"Переводы";"";"Пополнение. ИНДИВИДУАЛЬНЫЙ ПРЕДПРИНИМАТЕЛЬ ВАСИН ДМИТРИЙ ВЯЧЕСЛАВОВИЧ";"0,00";"0,00";"4500,00"
"28.01.2026 09:31:12";"28.01.2026";"*4531";"OK";"-180,00";"RUB";"-180,00";"RUB";"";"Местный транспорт";"4111";"Московский транспорт";"0,00";"0,00";"-180,00"
"28.01.2026 09:30:34";"28.01.2026";"*4531";"OK";"500,00";"RUB";"500,00";"RUB";"";"Переводы";"";"Пополнение. ИНДИВИДУАЛЬНЫЙ ПРЕДПРИНИМАТЕЛЬ ВАСИН ДМИТРИЙ ВЯЧЕСЛАВОВИЧ";"0,00";"0,00";"500,00"
"28.01.2026 09:00:05";"28.01.2026";"";"OK";"-968,00";"RUB";"-968,00";"RUB";"";"Рестораны";"5812";"ШОКО КОМСОМОЛЬСКИЙ 29 КМ";"0,00";"0,00";"-968,00"
"28.01.2026 06:38:25";"28.01.2026";"";"OK";"-534,00";"RUB";"-534,00";"RUB";"";"Маркетплейсы";"5399";"Ozon.ru";"0,00";"0,00";"-534,00"
"28.01.2026 06:27:59";"28.01.2026";"*6731";"OK";"2408,94";"RUB";"2408,94";"RUB";"";"Переводы";"";"Пополнение. ИНДИВИДУАЛЬНЫЙ ПРЕДПРИНИМАТЕЛЬ ВАСИН ДМИТРИЙ ВЯЧЕСЛАВОВИЧ";"0,00";"0,00";"2408,94"
"28.01.2026 06:26:44";"28.01.2026";"";"OK";"-2464,00";"RUB";"-2464,00";"RUB";"";"Маркетплейсы";"5399";"Ozon.ru";"0,00";"0,00";"-2464,00"
"27.01.2026 23:24:14";"28.01.2026";"";"OK";"-3401,00";"RUB";"-3401,00";"RUB";"";"Маркетплейсы";"5399";"Ozon.ru";"0,00";"0,00";"-3401,00"
"27.01.2026 23:23:59";"28.01.2026";"*6731";"OK";"5000,00";"RUB";"5000,00";"RUB";"";"Переводы";"";"Пополнение. ИНДИВИДУАЛЬНЫЙ ПРЕДПРИНИМАТЕЛЬ ВАСИН ДМИТРИЙ ВЯЧЕСЛАВОВИЧ";"0,00";"0,00";"5000,00"
"27.01.2026 23:22:36";"";"*6731";"FAILED";"-3401,00";"RUB";"-3401,00";"RUB";"";"Различные товары";"";"Покупка по QR";"0,00";"0,00";"-3401,00"
"27.01.2026 15:48:27";"27.01.2026";"";"OK";"-1062,00";"RUB";"-1062,00";"RUB";"";"Маркетплейсы";"5399";"Ozon.ru";"0,00";"0,00";"-1062,00"
"27.01.2026 14:49:01";"27.01.2026";"";"OK";"-811,00";"RUB";"-811,00";"RUB";"";"Маркетплейсы";"5399";"Ozon.ru";"0,00";"0,00";"-811,00"
"27.01.2026 14:48:04";"27.01.2026";"*6731";"OK";"3500,00";"RUB";"3500,00";"RUB";"";"Переводы";"";"Пополнение. ИНДИВИДУАЛЬНЫЙ ПРЕДПРИНИМАТЕЛЬ ВАСИН ДМИТРИЙ ВЯЧЕСЛАВОВИЧ";"0,00";"0,00";"3500,00"
"27.01.2026 14:47:59";"";"*6731";"FAILED";"-848,00";"RUB";"-848,00";"RUB";"";"Различные товары";"";"Покупка по QR";"0,00";"0,00";"-848,00"
"27.01.2026 14:18:41";"";"*6731";"FAILED";"-3572,00";"RUB";"-3572,00";"RUB";"";"Различные товары";"";"Покупка по QR";"0,00";"0,00";"-3572,00"
"27.01.2026 14:16:54";"27.01.2026";"";"OK";"-3572,00";"RUB";"-3572,00";"RUB";"";"Маркетплейсы";"5399";"Ozon.ru";"0,00";"0,00";"-3572,00"
"27.01.2026 14:16:35";"27.01.2026";"*6731";"OK";"500,00";"RUB";"500,00";"RUB";"";"Переводы";"";"Пополнение. ИНДИВИДУАЛЬНЫЙ ПРЕДПРИНИМАТЕЛЬ ВАСИН ДМИТРИЙ ВЯЧЕСЛАВОВИЧ";"0,00";"0,00";"500,00"
"27.01.2026 14:16:10";"";"*6731";"FAILED";"-3572,00";"RUB";"-3572,00";"RUB";"";"Супермаркеты";"";"Покупка по QR";"0,00";"0,00";"-3572,00"
"27.01.2026 14:15:19";"";"*6731";"FAILED";"-3572,00";"RUB";"-3572,00";"RUB";"";"Различные товары";"";"Покупка по QR";"0,00";"0,00";"-3572,00"
"27.01.2026 14:15:09";"";"*6731";"FAILED";"-3572,00";"RUB";"-3572,00";"RUB";"";"Различные товары";"";"Покупка по QR";"0,00";"0,00";"-3572,00"
"27.01.2026 14:14:43";"";"*6731";"FAILED";"-3572,00";"RUB";"-3572,00";"RUB";"";"Различные товары";"";"Покупка по QR";"0,00";"0,00";"-3572,00"
"27.01.2026 14:13:35";"27.01.2026";"*6731";"OK";"1000,00";"RUB";"1000,00";"RUB";"";"Переводы";"";"Пополнение. ИНДИВИДУАЛЬНЫЙ ПРЕДПРИНИМАТЕЛЬ ВАСИН ДМИТРИЙ ВЯЧЕСЛАВОВИЧ";"0,00";"0,00";"1000,00"
"27.01.2026 12:45:44";"27.01.2026";"";"OK";"-979,00";"RUB";"-979,00";"RUB";"";"Рестораны";"5812";"ШОКО КОМСОМОЛЬСКИЙ 29 КМ";"0,00";"0,00";"-979,00"
"27.01.2026 12:45:34";"27.01.2026";"*6731";"OK";"2744,99";"RUB";"2744,99";"RUB";"";"Переводы";"";"Пополнение. ИНДИВИДУАЛЬНЫЙ ПРЕДПРИНИМАТЕЛЬ ВАСИН ДМИТРИЙ ВЯЧЕСЛАВОВИЧ";"0,00";"0,00";"2744,99"
"27.01.2026 08:27:59";"27.01.2026";"";"OK";"-1114,88";"RUB";"-1114,88";"RUB";"";"Супермаркеты";"5411";"Магнит";"0,00";"0,00";"-1114,88"
"26.01.2026 18:13:12";"26.01.2026";"*6731";"OK";"1500,00";"RUB";"1500,00";"RUB";"";"Переводы";"";"Между своими счетами";"0,00";"0,00";"1500,00"
"26.01.2026 18:13:10";"26.01.2026";"*4531";"OK";"-1500,00";"RUB";"-1500,00";"RUB";"";"Переводы";"";"Между своими счетами";"0,00";"0,00";"-1500,00"
"26.01.2026 18:12:56";"26.01.2026";"*4531";"OK";"-5000,00";"RUB";"-5000,00";"RUB";"";"Переводы";"";"Дмитрий В.";"0,00";"0,00";"-5000,00"
"26.01.2026 17:56:59";"26.01.2026";"*4531";"OK";"-500,00";"RUB";"-500,00";"RUB";"";"Переводы";"";"Перевод юридическому лицу";"0,00";"0,00";"-500,00"
"26.01.2026 17:54:26";"26.01.2026";"*4531";"OK";"-3000,00";"RUB";"-3000,00";"RUB";"";"Переводы";"";"Перевод юридическому лицу";"0,00";"0,00";"-3000,00"
"26.01.2026 16:49:05";"26.01.2026";"*4531";"OK";"10000,00";"RUB";"10000,00";"RUB";"";"Пополнения";"";"Внесение наличных через банкомат Т-Банк";"0,00";"0,00";"10000,00"
"26.01.2026 08:36:08";"26.01.2026";"*4531";"OK";"-15000,00";"RUB";"-15000,00";"RUB";"";"Переводы";"";"Дмитрий В.";"0,00";"0,00";"-15000,00"
"25.01.2026 17:28:24";"25.01.2026";"*4531";"OK";"15000,00";"RUB";"15000,00";"RUB";"";"Переводы";"";"Александра Б.";"0,00";"0,00";"15000,00"
"24.01.2026 17:21:27";"24.01.2026";"";"OK";"80,24";"RUB";"80,24";"RUB";"";"Различные товары";"5399";"OZON";"0,00";"0,00";"80,24"
"24.01.2026 17:06:02";"24.01.2026";"";"OK";"-3475,00";"RUB";"-3475,00";"RUB";"";"Маркетплейсы";"5399";"Ozon.ru";"0,00";"0,00";"-3475,00"
"24.01.2026 17:05:44";"24.01.2026";"*6731";"OK";"1706,82";"RUB";"1706,82";"RUB";"";"Переводы";"";"Между своими счетами";"0,00";"0,00";"1706,82"
"24.01.2026 17:05:43";"24.01.2026";"*4531";"OK";"-1706,82";"RUB";"-1706,82";"RUB";"";"Переводы";"";"Между своими счетами";"0,00";"0,00";"-1706,82"
"24.01.2026 16:11:42";"24.01.2026";"";"OK";"-1035,00";"RUB";"-1035,00";"RUB";"";"Маркетплейсы";"5699";"WILDBERRIES";"0,00";"0,00";"-1035,00"
"24.01.2026 12:39:15";"24.01.2026";"";"OK";"-1034,00";"RUB";"-1034,00";"RUB";"";"Фастфуд";"5814";"Теремок";"0,00";"0,00";"-1034,00"
"24.01.2026 09:06:07";"24.01.2026";"*6731";"OK";"-1214,00";"RUB";"-1214,00";"RUB";"";"Такси";"3990";"Яндекс Такси";"0,00";"0,00";"-1214,00"
"23.01.2026 23:46:40";"24.01.2026";"*6731";"OK";"-100,00";"RUB";"-100,00";"RUB";"";"Различные товары";"5734";"PushSMS";"0,00";"0,00";"-100,00"
"23.01.2026 19:07:46";"23.01.2026";"";"OK";"-1195,00";"RUB";"-1195,00";"RUB";"";"Рестораны";"5812";"MiMi-Хамовники_P_QR";"0,00";"0,00";"-1195,00"
"23.01.2026 09:20:33";"23.01.2026";"*6731";"OK";"23300,00";"RUB";"23300,00";"RUB";"";"Переводы";"";"Пополнение. ИНДИВИДУАЛЬНЫЙ ПРЕДПРИНИМАТЕЛЬ ВАСИН ДМИТРИЙ ВЯЧЕСЛАВОВИЧ";"0,00";"0,00";"23300,00"
"23.01.2026 09:18:18";"23.01.2026";"";"OK";"-584,93";"RUB";"-584,93";"RUB";"";"Супермаркеты";"5411";"Магнит";"0,00";"0,00";"-584,93"
"23.01.2026 09:18:02";"23.01.2026";"*4531";"OK";"2286,75";"RUB";"2286,75";"RUB";"";"Переводы";"";"Пополнение. ИНДИВИДУАЛЬНЫЙ ПРЕДПРИНИМАТЕЛЬ ВАСИН ДМИТРИЙ ВЯЧЕСЛАВОВИЧ";"0,00";"0,00";"2286,75"
"22.01.2026 18:48:41";"22.01.2026";"";"OK";"-350,00";"RUB";"-350,00";"RUB";"";"Госуслуги";"9313";"Портал госуслуг Москвы MOS.RU";"0,00";"0,00";"-350,00"
"22.01.2026 17:50:27";"22.01.2026";"*4531";"OK";"-145,00";"RUB";"-145,00";"RUB";"";"Переводы";"";"Екатерина Б.";"0,00";"0,00";"-145,00"
"22.01.2026 17:48:32";"22.01.2026";"*4531";"OK";"150,00";"RUB";"150,00";"RUB";"";"Переводы";"";"Пополнение. ИНДИВИДУАЛЬНЫЙ ПРЕДПРИНИМАТЕЛЬ ВАСИН ДМИТРИЙ ВЯЧЕСЛАВОВИЧ";"0,00";"0,00";"150,00"
"22.01.2026 16:49:57";"22.01.2026";"";"OK";"-5012,00";"RUB";"-5012,00";"RUB";"";"Маркетплейсы";"5399";"Ozon.ru";"0,00";"0,00";"-5012,00"
"22.01.2026 16:20:35";"22.01.2026";"";"OK";"-4403,00";"RUB";"-4403,00";"RUB";"";"Маркетплейсы";"5699";"WILDBERRIES";"0,00";"0,00";"-4403,00"
"22.01.2026 14:35:41";"22.01.2026";"";"OK";"-404,97";"RUB";"-404,97";"RUB";"";"Супермаркеты";"5411";"Магнит";"0,00";"0,00";"-404,97"
"22.01.2026 14:00:41";"22.01.2026";"";"OK";"-6590,00";"RUB";"-6590,00";"RUB";"";"Одежда и обувь";"5611";"H-406";"0,00";"0,00";"-6590,00"
"22.01.2026 13:57:04";"22.01.2026";"*6731";"OK";"13950,20";"RUB";"13950,20";"RUB";"";"Переводы";"";"Пополнение. ИНДИВИДУАЛЬНЫЙ ПРЕДПРИНИМАТЕЛЬ ВАСИН ДМИТРИЙ ВЯЧЕСЛАВОВИЧ";"0,00";"0,00";"13950,20"
"22.01.2026 13:30:44";"22.01.2026";"*6731";"OK";"-1436,00";"RUB";"-1436,00";"RUB";"";"Супермаркеты";"3990";"Яндекс Лавка";"0,00";"0,00";"-1436,00"
"22.01.2026 13:12:48";"22.01.2026";"";"OK";"-660,00";"RUB";"-660,00";"RUB";"";"Фастфуд";"5814";"#FARШ";"0,00";"0,00";"-660,00"
"22.01.2026 13:08:31";"22.01.2026";"";"OK";"-169,00";"RUB";"-169,00";"RUB";"";"Фастфуд";"5814";"Пельменная ЛЕПИМ и _P_QR";"0,00";"0,00";"-169,00"
"22.01.2026 12:41:58";"22.01.2026";"";"OK";"-500,00";"RUB";"-500,00";"RUB";"";"Местный транспорт";"4111";"Московский метрополитен";"0,00";"0,00";"-500,00"
"22.01.2026 08:20:36";"22.01.2026";"";"OK";"-264,98";"RUB";"-264,98";"RUB";"";"Супермаркеты";"5411";"Магнит";"0,00";"0,00";"-264,98"
"22.01.2026 00:00:00";"";"";"OK";"-17456,41";"RUB";"-17456,41";"RUB";"";"Услуги банка";"";"Плата по кредитке";"0,00";"0,00";"-17456,41"
"21.01.2026 17:04:06";"21.01.2026";"";"OK";"-4100,00";"RUB";"-4100,00";"RUB";"";"Рестораны";"5812";"RemyKitchenBakery_P_QR";"0,00";"0,00";"-4100,00"
"21.01.2026 16:14:40";"21.01.2026";"*6731";"OK";"9570,13";"RUB";"9570,13";"RUB";"";"Переводы";"";"Пополнение. ИНДИВИДУАЛЬНЫЙ ПРЕДПРИНИМАТЕЛЬ ВАСИН ДМИТРИЙ ВЯЧЕСЛАВОВИЧ";"0,00";"0,00";"9570,13"
"20.01.2026 15:18:41";"20.01.2026";"";"OK";"936,00";"RUB";"936,00";"RUB";"";"Одежда и обувь";"5699";"WILDBERRIES";"0,00";"0,00";"936,00"
"20.01.2026 14:53:36";"20.01.2026";"";"OK";"-5694,00";"RUB";"-5694,00";"RUB";"";"Маркетплейсы";"5699";"WILDBERRIES";"0,00";"0,00";"-5694,00"
"20.01.2026 14:53:12";"20.01.2026";"*6731";"OK";"5096,47";"RUB";"5096,47";"RUB";"";"Переводы";"";"Пополнение. ИНДИВИДУАЛЬНЫЙ ПРЕДПРИНИМАТЕЛЬ ВАСИН ДМИТРИЙ ВЯЧЕСЛАВОВИЧ";"0,00";"0,00";"5096,47"
"20.01.2026 08:30:20";"20.01.2026";"";"OK";"-369,96";"RUB";"-369,96";"RUB";"";"Супермаркеты";"5411";"Магнит";"0,00";"0,00";"-369,96"
"19.01.2026 19:12:20";"19.01.2026";"";"OK";"-508,00";"RUB";"-508,00";"RUB";"";"Маркетплейсы";"5399";"Ozon.ru";"0,00";"0,00";"-508,00"
"19.01.2026 16:07:53";"19.01.2026";"*4531";"OK";"-2000,00";"RUB";"-2000,00";"RUB";"";"Наличные";"6011";"Снятие в банкомате Т-Банк";"0,00";"0,00";"-2000,00"
"19.01.2026 16:07:10";"19.01.2026";"*4531";"OK";"2000,00";"RUB";"2000,00";"RUB";"";"Переводы";"";"Пополнение. ИНДИВИДУАЛЬНЫЙ ПРЕДПРИНИМАТЕЛЬ ВАСИН ДМИТРИЙ ВЯЧЕСЛАВОВИЧ";"0,00";"0,00";"2000,00"
"19.01.2026 08:23:20";"19.01.2026";"";"OK";"-439,98";"RUB";"-439,98";"RUB";"";"Супермаркеты";"5411";"Магнит";"0,00";"0,00";"-439,98"
"19.01.2026 00:59:04";"19.01.2026";"*4531";"OK";"-2900,00";"RUB";"-2900,00";"RUB";"";"Переводы";"";"Дмитрий В.";"0,00";"0,00";"-2900,00"
"18.01.2026 19:19:51";"18.01.2026";"";"OK";"-4017,00";"RUB";"-4017,00";"RUB";"";"Маркетплейсы";"5699";"WILDBERRIES";"0,00";"0,00";"-4017,00"
"18.01.2026 19:19:35";"18.01.2026";"*6731";"OK";"5972,18";"RUB";"5972,18";"RUB";"";"Переводы";"";"Пополнение. ИНДИВИДУАЛЬНЫЙ ПРЕДПРИНИМАТЕЛЬ ВАСИН ДМИТРИЙ ВЯЧЕСЛАВОВИЧ";"0,00";"0,00";"5972,18"
"18.01.2026 19:19:29";"";"*6731";"FAILED";"-4017,00";"RUB";"-4017,00";"RUB";"";"Одежда и обувь";"";"Покупка по QR";"0,00";"0,00";"-4017,00"
"18.01.2026 12:49:07";"18.01.2026";"";"OK";"2500,00";"RUB";"2500,00";"RUB";"";"Переводы";"";"Наталия О.";"0,00";"0,00";"2500,00"
"18.01.2026 12:43:29";"18.01.2026";"*4531";"OK";"-600,00";"RUB";"-600,00";"RUB";"";"Переводы";"";"Кирилл Б.";"0,00";"0,00";"-600,00"
"17.01.2026 17:51:27";"17.01.2026";"";"OK";"-1562,00";"RUB";"-1562,00";"RUB";"";"Маркетплейсы";"5399";"Ozon.ru";"0,00";"0,00";"-1562,00"
"17.01.2026 17:46:41";"17.01.2026";"";"OK";"-5487,00";"RUB";"-5487,00";"RUB";"";"Маркетплейсы";"5399";"Ozon.ru";"0,00";"0,00";"-5487,00"
"17.01.2026 12:56:55";"17.01.2026";"";"OK";"-1018,00";"RUB";"-1018,00";"RUB";"";"Маркетплейсы";"5399";"Ozon.ru";"0,00";"0,00";"-1018,00"
"17.01.2026 10:51:22";"17.01.2026";"";"OK";"-150,00";"RUB";"-150,00";"RUB";"";"Супермаркеты";"5499";"CP_НАСТРОЕНИЕ_КОФЕ_P_QR";"0,00";"0,00";"-150,00"
"16.01.2026 21:36:57";"16.01.2026";"";"OK";"-1947,00";"RUB";"-1947,00";"RUB";"";"Маркетплейсы";"5399";"Ozon.ru";"0,00";"0,00";"-1947,00"
"16.01.2026 21:36:35";"16.01.2026";"*6731";"OK";"9000,00";"RUB";"9000,00";"RUB";"";"Переводы";"";"Пополнение. ИНДИВИДУАЛЬНЫЙ ПРЕДПРИНИМАТЕЛЬ ВАСИН ДМИТРИЙ ВЯЧЕСЛАВОВИЧ";"0,00";"0,00";"9000,00"
"16.01.2026 21:36:05";"16.01.2026";"*4531";"OK";"1000,00";"RUB";"1000,00";"RUB";"";"Переводы";"";"Пополнение. ИНДИВИДУАЛЬНЫЙ ПРЕДПРИНИМАТЕЛЬ ВАСИН ДМИТРИЙ ВЯЧЕСЛАВОВИЧ";"0,00";"0,00";"1000,00"
"16.01.2026 21:35:10";"";"*6731";"FAILED";"-1947,00";"RUB";"-1947,00";"RUB";"";"Различные товары";"";"Покупка по QR";"0,00";"0,00";"-1947,00"
"16.01.2026 21:17:52";"16.01.2026";"";"OK";"-1108,00";"RUB";"-1108,00";"RUB";"";"Маркетплейсы";"5399";"Ozon.ru";"0,00";"0,00";"-1108,00"
"16.01.2026 20:49:06";"16.01.2026";"";"OK";"-3090,00";"RUB";"-3090,00";"RUB";"";"Маркетплейсы";"5399";"Ozon.ru";"0,00";"0,00";"-3090,00"
"16.01.2026 20:49:05";"16.01.2026";"*6731";"OK";"3654,12";"RUB";"3654,12";"RUB";"";"Переводы";"";"Пополнение. ИНДИВИДУАЛЬНЫЙ ПРЕДПРИНИМАТЕЛЬ ВАСИН ДМИТРИЙ ВЯЧЕСЛАВОВИЧ";"0,00";"0,00";"3654,12"
"16.01.2026 20:47:52";"";"*6731";"FAILED";"-3090,00";"RUB";"-3090,00";"RUB";"";"Различные товары";"";"Покупка по QR";"0,00";"0,00";"-3090,00"
"16.01.2026 18:40:27";"16.01.2026";"*6731";"OK";"-1639,90";"RUB";"-1639,90";"RUB";"";"Супермаркеты";"3990";"Яндекс Лавка";"0,00";"0,00";"-1639,90"
"16.01.2026 15:04:22";"16.01.2026";"*4531";"OK";"-2000,00";"RUB";"-2000,00";"RUB";"";"Наличные";"6011";"Снятие в банкомате Т-Банк";"0,00";"0,00";"-2000,00"
"16.01.2026 15:04:09";"16.01.2026";"*4531";"OK";"2000,00";"RUB";"2000,00";"RUB";"";"Переводы";"";"Пополнение. ИНДИВИДУАЛЬНЫЙ ПРЕДПРИНИМАТЕЛЬ ВАСИН ДМИТРИЙ ВЯЧЕСЛАВОВИЧ";"0,00";"0,00";"2000,00"
"16.01.2026 10:33:16";"16.01.2026";"";"OK";"-1113,00";"RUB";"-1113,00";"RUB";"";"Маркетплейсы";"5399";"Ozon.ru";"0,00";"0,00";"-1113,00"
"16.01.2026 08:45:10";"16.01.2026";"";"OK";"-119,99";"RUB";"-119,99";"RUB";"";"Супермаркеты";"5411";"Магнит";"0,00";"0,00";"-119,99"
"15.01.2026 18:09:08";"15.01.2026";"";"OK";"-400,00";"RUB";"-400,00";"RUB";"";"Связь";"4814";"t2";"0,00";"0,00";"-400,00"
"15.01.2026 17:51:14";"15.01.2026";"*4531";"OK";"-9940,00";"RUB";"-9940,00";"RUB";"";"Переводы";"";"Юлия С.";"0,00";"0,00";"-9940,00"
"15.01.2026 17:50:10";"15.01.2026";"*4531";"OK";"8000,00";"RUB";"8000,00";"RUB";"";"Переводы";"";"Пополнение. ИНДИВИДУАЛЬНЫЙ ПРЕДПРИНИМАТЕЛЬ ВАСИН ДМИТРИЙ ВЯЧЕСЛАВОВИЧ";"0,00";"0,00";"8000,00"
"15.01.2026 16:57:51";"15.01.2026";"";"OK";"969,30";"RUB";"969,30";"RUB";"";"Переводы";"";"Вячеслав В.";"0,00";"0,00";"969,30"
"15.01.2026 16:49:34";"15.01.2026";"*4531";"OK";"-969,30";"RUB";"-969,30";"RUB";"";"Переводы";"";"Вячеслав В.";"0,00";"0,00";"-969,30"
"15.01.2026 16:48:42";"15.01.2026";"*4531";"OK";"1100,00";"RUB";"1100,00";"RUB";"";"Переводы";"";"Пополнение. ИНДИВИДУАЛЬНЫЙ ПРЕДПРИНИМАТЕЛЬ ВАСИН ДМИТРИЙ ВЯЧЕСЛАВОВИЧ";"0,00";"0,00";"1100,00"
"15.01.2026 16:47:42";"15.01.2026";"*4531";"OK";"700,00";"RUB";"700,00";"RUB";"";"Переводы";"";"Пополнение. ИНДИВИДУАЛЬНЫЙ ПРЕДПРИНИМАТЕЛЬ ВАСИН ДМИТРИЙ ВЯЧЕСЛАВОВИЧ";"0,00";"0,00";"700,00"
"15.01.2026 16:45:10";"15.01.2026";"*4531";"OK";"-3250,00";"RUB";"-3250,00";"RUB";"";"Переводы";"";"Вячеслав В.";"0,00";"0,00";"-3250,00"
"15.01.2026 16:44:10";"15.01.2026";"*4531";"OK";"3000,00";"RUB";"3000,00";"RUB";"";"Переводы";"";"Пополнение. ИНДИВИДУАЛЬНЫЙ ПРЕДПРИНИМАТЕЛЬ ВАСИН ДМИТРИЙ ВЯЧЕСЛАВОВИЧ";"0,00";"0,00";"3000,00"
"15.01.2026 15:36:48";"15.01.2026";"*4531";"OK";"-2490,00";"RUB";"-2490,00";"RUB";"";"Кредиты";"9999";"Досрочное погашение";"0,00";"0,00";"-2490,00"
"15.01.2026 15:35:36";"15.01.2026";"*4531";"OK";"-6500,00";"RUB";"-6500,00";"RUB";"";"Переводы";"";"Татьяна А.";"0,00";"0,00";"-6500,00"
"15.01.2026 15:33:57";"15.01.2026";"*4531";"OK";"-10000,00";"RUB";"-10000,00";"RUB";"";"Переводы";"";"Александра Т.";"0,00";"0,00";"-10000,00"
"15.01.2026 15:33:13";"15.01.2026";"*4531";"OK";"-10000,00";"RUB";"-10000,00";"RUB";"";"Переводы";"";"Светлана Б.";"0,00";"0,00";"-10000,00"
"15.01.2026 15:32:12";"15.01.2026";"*4531";"OK";"-20620,00";"RUB";"-20620,00";"RUB";"";"Переводы";"";"София Е.";"0,00";"0,00";"-20620,00"
"15.01.2026 15:24:13";"15.01.2026";"";"OK";"-9411,86";"RUB";"-9411,86";"RUB";"";"Госуслуги";"4900";"Портал госуслуг Москвы MOS.RU";"0,00";"0,00";"-9411,86"
"15.01.2026 15:21:38";"15.01.2026";"*4531";"OK";"-7200,00";"RUB";"-7200,00";"RUB";"";"Переводы";"";"Александр В.";"0,00";"0,00";"-7200,00"
"15.01.2026 15:19:41";"15.01.2026";"*4531";"OK";"57200,00";"RUB";"57200,00";"RUB";"";"Переводы";"";"Пополнение. ИНДИВИДУАЛЬНЫЙ ПРЕДПРИНИМАТЕЛЬ ВАСИН ДМИТРИЙ ВЯЧЕСЛАВОВИЧ";"0,00";"0,00";"57200,00"
"15.01.2026 15:15:12";"15.01.2026";"*6731";"OK";"13937,93";"RUB";"13937,93";"RUB";"";"Переводы";"";"Пополнение. ИНДИВИДУАЛЬНЫЙ ПРЕДПРИНИМАТЕЛЬ ВАСИН ДМИТРИЙ ВЯЧЕСЛАВОВИЧ";"0,00";"0,00";"13937,93"
"15.01.2026 11:53:06";"15.01.2026";"*4531";"OK";"-10000,00";"RUB";"-10000,00";"RUB";"";"Наличные";"6011";"Снятие в банкомате Т-Банк";"0,00";"0,00";"-10000,00"
"15.01.2026 11:52:41";"15.01.2026";"*4531";"OK";"10000,00";"RUB";"10000,00";"RUB";"";"Переводы";"";"Пополнение. ИНДИВИДУАЛЬНЫЙ ПРЕДПРИНИМАТЕЛЬ ВАСИН ДМИТРИЙ ВЯЧЕСЛАВОВИЧ";"0,00";"0,00";"10000,00"
"15.01.2026 10:53:28";"15.01.2026";"*6731";"OK";"-180,00";"RUB";"-180,00";"RUB";"";"Экосистема Яндекс";"3990";"Бери заряд!";"0,00";"0,00";"-180,00"
"14.01.2026 13:50:30";"14.01.2026";"*4531";"OK";"-20000,00";"RUB";"-20000,00";"RUB";"";"Переводы";"";"Мирзамагомед М.";"0,00";"0,00";"-20000,00"
"14.01.2026 13:47:32";"14.01.2026";"*4531";"OK";"20000,00";"RUB";"20000,00";"RUB";"";"Переводы";"";"Пополнение. ИНДИВИДУАЛЬНЫЙ ПРЕДПРИНИМАТЕЛЬ ВАСИН ДМИТРИЙ ВЯЧЕСЛАВОВИЧ";"0,00";"0,00";"20000,00"
"14.01.2026 09:49:29";"14.01.2026";"";"OK";"-117,99";"RUB";"-117,99";"RUB";"";"Супермаркеты";"5411";"Магнит";"0,00";"0,00";"-117,99"
"13.01.2026 18:34:04";"13.01.2026";"";"OK";"-1000,00";"RUB";"-1000,00";"RUB";"";"Местный транспорт";"4111";"Московский метрополитен";"0,00";"0,00";"-1000,00"
"13.01.2026 18:26:54";"13.01.2026";"";"OK";"-500,00";"RUB";"-500,00";"RUB";"";"Тренировки";"7997";"МПЦ кассы_P_QR";"0,00";"0,00";"-500,00"
"13.01.2026 14:25:33";"13.01.2026";"";"OK";"-310,00";"RUB";"-310,00";"RUB";"";"Фастфуд";"5814";"Вкусно — и точка";"0,00";"0,00";"-310,00"
"13.01.2026 12:15:57";"13.01.2026";"";"OK";"-259,99";"RUB";"-259,99";"RUB";"";"Супермаркеты";"5411";"Перекрёсток";"0,00";"0,00";"-259,99"
"12.01.2026 15:18:02";"12.01.2026";"";"OK";"-460,00";"RUB";"-460,00";"RUB";"";"Супермаркеты";"5411";"ВкусВилл";"0,00";"0,00";"-460,00"
"12.01.2026 13:32:26";"12.01.2026";"*4531";"OK";"-13000,00";"RUB";"-13000,00";"RUB";"";"Наличные";"6011";"Снятие в банкомате Т-Банк";"0,00";"0,00";"-13000,00"
"12.01.2026 13:31:05";"12.01.2026";"";"OK";"-430,38";"RUB";"-430,38";"RUB";"";"Супермаркеты";"5411";"Перекрёсток";"0,00";"0,00";"-430,38"
"12.01.2026 13:22:01";"12.01.2026";"*4531";"OK";"13000,00";"RUB";"13000,00";"RUB";"";"Переводы";"";"Пополнение. ИНДИВИДУАЛЬНЫЙ ПРЕДПРИНИМАТЕЛЬ ВАСИН ДМИТРИЙ ВЯЧЕСЛАВОВИЧ";"0,00";"0,00";"13000,00"
"12.01.2026 13:18:01";"12.01.2026";"";"OK";"-348,00";"RUB";"-348,00";"RUB";"";"Супермаркеты";"5411";"Перекрёсток";"0,00";"0,00";"-348,00"
"12.01.2026 09:47:48";"12.01.2026";"";"OK";"-349,98";"RUB";"-349,98";"RUB";"";"Супермаркеты";"5411";"Магнит";"0,00";"0,00";"-349,98"
"11.01.2026 23:54:28";"12.01.2026";"";"OK";"3835,00";"RUB";"3835,00";"RUB";"";"Различные товары";"5399";"OZON";"0,00";"0,00";"3835,00"
"11.01.2026 09:54:06";"11.01.2026";"*4531";"OK";"-50000,00";"RUB";"-50000,00";"RUB";"";"Переводы";"";"Дмитрий В.";"0,00";"0,00";"-50000,00"
"11.01.2026 09:53:28";"11.01.2026";"*4531";"OK";"50000,00";"RUB";"50000,00";"RUB";"";"Переводы";"";"Пополнение. ИНДИВИДУАЛЬНЫЙ ПРЕДПРИНИМАТЕЛЬ ВАСИН ДМИТРИЙ ВЯЧЕСЛАВОВИЧ";"0,00";"0,00";"50000,00"
"09.01.2026 16:26:08";"09.01.2026";"";"OK";"-1812,00";"RUB";"-1812,00";"RUB";"";"Маркетплейсы";"5699";"WILDBERRIES";"0,00";"0,00";"-1812,00"
"09.01.2026 16:25:58";"09.01.2026";"*6731";"OK";"2360,04";"RUB";"2360,04";"RUB";"";"Переводы";"";"Пополнение. ИНДИВИДУАЛЬНЫЙ ПРЕДПРИНИМАТЕЛЬ ВАСИН ДМИТРИЙ ВЯЧЕСЛАВОВИЧ";"0,00";"0,00";"2360,04"
"09.01.2026 09:34:48";"09.01.2026";"*6731";"OK";"-970,50";"RUB";"-970,50";"RUB";"";"Супермаркеты";"3990";"Яндекс Лавка";"0,00";"0,00";"-970,50"
"08.01.2026 15:28:14";"08.01.2026";"*6731";"OK";"900,00";"RUB";"900,00";"RUB";"";"Переводы";"";"Между своими счетами";"0,00";"0,00";"900,00"
"08.01.2026 15:28:13";"08.01.2026";"*4531";"OK";"-900,00";"RUB";"-900,00";"RUB";"";"Переводы";"";"Между своими счетами";"0,00";"0,00";"-900,00"
"08.01.2026 15:27:36";"08.01.2026";"";"OK";"-1628,00";"RUB";"-1628,00";"RUB";"";"Маркетплейсы";"5300";"Avito";"0,00";"0,00";"-1628,00"
"08.01.2026 14:07:05";"08.01.2026";"*4531";"OK";"900,00";"RUB";"900,00";"RUB";"";"Переводы";"";"Евгения Х.";"0,00";"0,00";"900,00"
"08.01.2026 13:56:14";"08.01.2026";"";"OK";"-2520,00";"RUB";"-2520,00";"RUB";"";"Красота";"5977";"СПАКВАТОРИЯ_P_QR";"0,00";"0,00";"-2520,00"
"08.01.2026 12:36:28";"08.01.2026";"";"OK";"-1532,84";"RUB";"-1532,84";"RUB";"";"Супермаркеты";"5411";"Магнит";"0,00";"0,00";"-1532,84"
"08.01.2026 10:25:10";"08.01.2026";"*4531";"OK";"-2500,00";"RUB";"-2500,00";"RUB";"";"Переводы";"";"Владимир К.";"0,00";"0,00";"-2500,00"
"08.01.2026 10:24:29";"08.01.2026";"*4531";"OK";"2500,00";"RUB";"2500,00";"RUB";"";"Переводы";"";"Пополнение. ИНДИВИДУАЛЬНЫЙ ПРЕДПРИНИМАТЕЛЬ ВАСИН ДМИТРИЙ ВЯЧЕСЛАВОВИЧ";"0,00";"0,00";"2500,00"
"07.01.2026 22:50:44";"08.01.2026";"";"OK";"-149,99";"RUB";"-149,99";"RUB";"";"Супермаркеты";"5411";"Перекрёсток";"0,00";"0,00";"-149,99"
"07.01.2026 20:21:08";"07.01.2026";"";"OK";"-527,00";"RUB";"-527,00";"RUB";"";"Фастфуд";"5814";"Вкусно — и точка";"0,00";"0,00";"-527,00"
"07.01.2026 15:33:27";"07.01.2026";"*6731";"OK";"-251,00";"RUB";"-251,00";"RUB";"";"Супермаркеты";"3990";"Яндекс Лавка";"0,00";"0,00";"-251,00"
"07.01.2026 15:12:48";"07.01.2026";"";"OK";"-3835,00";"RUB";"-3835,00";"RUB";"";"Маркетплейсы";"5399";"Ozon.ru";"0,00";"0,00";"-3835,00"
"07.01.2026 14:07:28";"07.01.2026";"";"OK";"-129,00";"RUB";"-129,00";"RUB";"";"Супермаркеты";"5411";"Перекрёсток";"0,00";"0,00";"-129,00"
"07.01.2026 13:58:29";"07.01.2026";"";"OK";"-310,00";"RUB";"-310,00";"RUB";"";"Фастфуд";"5814";"Вкусно — и точка";"0,00";"0,00";"-310,00"
"06.01.2026 14:27:07";"06.01.2026";"*4531";"OK";"-27423,01";"RUB";"-27423,01";"RUB";"";"Переводы";"";"Дмитрий В.";"0,00";"0,00";"-27423,01"
"06.01.2026 14:20:58";"06.01.2026";"*4531";"OK";"27423,01";"RUB";"27423,01";"RUB";"";"Переводы";"";"Пополнение. ИНДИВИДУАЛЬНЫЙ ПРЕДПРИНИМАТЕЛЬ ВАСИН ДМИТРИЙ ВЯЧЕСЛАВОВИЧ";"0,00";"0,00";"27423,01"
"06.01.2026 14:17:56";"06.01.2026";"";"OK";"-90,00";"RUB";"-90,00";"RUB";"";"Местный транспорт";"4111";"Московский метрополитен";"0,00";"0,00";"-90,00"
"06.01.2026 14:17:08";"06.01.2026";"";"OK";"-90,00";"RUB";"-90,00";"RUB";"";"Местный транспорт";"4111";"Московский метрополитен";"0,00";"0,00";"-90,00"
"06.01.2026 12:57:46";"06.01.2026";"*6731";"OK";"-637,00";"RUB";"-637,00";"RUB";"";"Супермаркеты";"3990";"Яндекс Лавка";"0,00";"0,00";"-637,00"
"06.01.2026 09:07:22";"06.01.2026";"*4531";"OK";"-9000,00";"RUB";"-9000,00";"RUB";"";"Переводы";"";"Дмитрий В.";"0,00";"0,00";"-9000,00"
"06.01.2026 09:06:57";"06.01.2026";"*4531";"OK";"9000,00";"RUB";"9000,00";"RUB";"";"Переводы";"";"Пополнение. ИНДИВИДУАЛЬНЫЙ ПРЕДПРИНИМАТЕЛЬ ВАСИН ДМИТРИЙ ВЯЧЕСЛАВОВИЧ";"0,00";"0,00";"9000,00"
"05.01.2026 17:46:23";"05.01.2026";"*6731";"OK";"-1109,00";"RUB";"-1109,00";"RUB";"";"Такси";"3990";"Яндекс Такси";"0,00";"0,00";"-1109,00"
"05.01.2026 16:48:14";"05.01.2026";"*6731";"OK";"-866,00";"RUB";"-866,00";"RUB";"";"Такси";"3990";"Яндекс Такси";"0,00";"0,00";"-866,00"
"05.01.2026 15:51:11";"05.01.2026";"";"OK";"-3333,00";"RUB";"-3333,00";"RUB";"";"Маркетплейсы";"5699";"WILDBERRIES";"0,00";"0,00";"-3333,00"
"05.01.2026 15:27:47";"05.01.2026";"";"OK";"-500,00";"RUB";"-500,00";"RUB";"";"Местный транспорт";"4111";"Московский метрополитен";"0,00";"0,00";"-500,00"
"05.01.2026 11:31:53";"05.01.2026";"";"OK";"46,48";"RUB";"46,48";"RUB";"";"Различные товары";"5399";"OZON";"0,00";"0,00";"46,48"
"05.01.2026 11:26:04";"05.01.2026";"";"OK";"-2429,00";"RUB";"-2429,00";"RUB";"";"Маркетплейсы";"5399";"Ozon.ru";"0,00";"0,00";"-2429,00"
"04.01.2026 15:03:14";"04.01.2026";"*4531";"OK";"-15000,00";"RUB";"-15000,00";"RUB";"";"Переводы";"";"Дмитрий В.";"0,00";"0,00";"-15000,00"
"04.01.2026 14:31:02";"04.01.2026";"";"OK";"15000,00";"RUB";"15000,00";"RUB";"";"Переводы";"";"Екатерина А.";"0,00";"0,00";"15000,00"
"04.01.2026 14:18:43";"04.01.2026";"";"OK";"-3672,18";"RUB";"-3672,18";"RUB";"";"Супермаркеты";"5411";"Лента";"0,00";"0,00";"-3672,18"
"04.01.2026 14:18:28";"04.01.2026";"*6731";"OK";"20555,70";"RUB";"20555,70";"RUB";"";"Переводы";"";"Пополнение. ИНДИВИДУАЛЬНЫЙ ПРЕДПРИНИМАТЕЛЬ ВАСИН ДМИТРИЙ ВЯЧЕСЛАВОВИЧ";"0,00";"0,00";"20555,70"
"04.01.2026 14:16:25";"";"*6731";"FAILED";"-3672,18";"RUB";"-3672,18";"RUB";"";"Супермаркеты";"";"Покупка по QR";"0,00";"0,00";"-3672,18"
"04.01.2026 14:06:04";"";"*6731";"FAILED";"-3672,18";"RUB";"-3672,18";"RUB";"";"Супермаркеты";"";"Покупка по QR";"0,00";"0,00";"-3672,18"
"03.01.2026 19:42:21";"03.01.2026";"";"OK";"-150,00";"RUB";"-150,00";"RUB";"";"Цифровые товары";"5818";"powerapp.world";"0,00";"0,00";"-150,00"
"03.01.2026 19:12:14";"03.01.2026";"";"OK";"-45,00";"RUB";"-45,00";"RUB";"";"Цифровые товары";"5818";"powerapp.world";"0,00";"0,00";"-45,00"
"03.01.2026 16:17:03";"03.01.2026";"*6731";"OK";"-87500,00";"RUB";"-87500,00";"RUB";"";"Финансы";"3990";"Яндекс Аренда";"0,00";"0,00";"-87500,00"
"03.01.2026 16:15:56";"03.01.2026";"*6731";"OK";"60000,00";"RUB";"60000,00";"RUB";"";"Переводы";"";"Пополнение. ИНДИВИДУАЛЬНЫЙ ПРЕДПРИНИМАТЕЛЬ ВАСИН ДМИТРИЙ ВЯЧЕСЛАВОВИЧ";"0,00";"0,00";"60000,00"
"03.01.2026 16:05:11";"03.01.2026";"*4531";"OK";"-2500,00";"RUB";"-2500,00";"RUB";"";"Переводы";"";"Александра К.";"0,00";"0,00";"-2500,00"
"03.01.2026 16:04:57";"03.01.2026";"*4531";"OK";"2499,00";"RUB";"2499,00";"RUB";"";"Переводы";"";"Пополнение. ИНДИВИДУАЛЬНЫЙ ПРЕДПРИНИМАТЕЛЬ ВАСИН ДМИТРИЙ ВЯЧЕСЛАВОВИЧ";"0,00";"0,00";"2499,00"
"03.01.2026 11:41:18";"03.01.2026";"";"OK";"-4585,00";"RUB";"-4585,00";"RUB";"";"Маркетплейсы";"5399";"Ozon.ru";"0,00";"0,00";"-4585,00"
"03.01.2026 10:55:32";"03.01.2026";"";"OK";"3795,00";"RUB";"3795,00";"RUB";"";"Супермаркеты";"5300";"Avito";"0,00";"0,00";"3795,00"
"03.01.2026 10:45:33";"03.01.2026";"*6731";"OK";"-399,00";"RUB";"-399,00";"RUB";"";"Супермаркеты";"3990";"Яндекс Лавка";"0,00";"0,00";"-399,00"
"03.01.2026 10:45:18";"";"*4531";"FAILED";"-399,00";"RUB";"-399,00";"RUB";"";"Супермаркеты";"";"Покупка по QR";"0,00";"0,00";"-399,00"
"02.01.2026 20:58:23";"02.01.2026";"*6731";"OK";"-1562,00";"RUB";"-1562,00";"RUB";"";"Маркетплейсы";"3990";"Яндекс Маркет";"0,00";"0,00";"-1562,00"
"02.01.2026 20:48:11";"02.01.2026";"";"OK";"-3795,00";"RUB";"-3795,00";"RUB";"";"Маркетплейсы";"5300";"Avito";"0,00";"0,00";"-3795,00"
"02.01.2026 14:41:44";"02.01.2026";"";"OK";"-627,00";"RUB";"-627,00";"RUB";"";"Маркетплейсы";"5300";"Avito";"0,00";"0,00";"-627,00"
"01.01.2026 19:36:36";"01.01.2026";"";"OK";"-406,00";"RUB";"-406,00";"RUB";"";"Связь";"4814";"t2";"0,00";"0,00";"-406,00"
"01.01.2026 15:21:38";"01.01.2026";"*4531";"OK";"-299,00";"RUB";"-299,00";"RUB";"";"Другое";"";"Подписка Pro";"0,00";"0,00";"-299,00"
"01.01.2026 14:45:11";"01.01.2026";"*4531";"OK";"-1700,00";"RUB";"-1700,00";"RUB";"";"Переводы";"";"Вадим К.";"0,00";"0,00";"-1700,00"
"31.12.2025 17:06:26";"31.12.2025";"*6731";"OK";"17196,12";"RUB";"17196,12";"RUB";"";"Переводы";"";"Между своими счетами";"0,00";"0,00";"17196,12"
"31.12.2025 17:06:25";"31.12.2025";"*4531";"OK";"-17196,12";"RUB";"-17196,12";"RUB";"";"Переводы";"";"Между своими счетами";"0,00";"0,00";"-17196,12"
"31.12.2025 17:05:45";"31.12.2025";"*4531";"OK";"8341,12";"RUB";"8341,12";"RUB";"";"Переводы";"";"Пополнение. ИНДИВИДУАЛЬНЫЙ ПРЕДПРИНИМАТЕЛЬ ВАСИН ДМИТРИЙ ВЯЧЕСЛАВОВИЧ";"0,00";"0,00";"8341,12"
"31.12.2025 15:43:44";"31.12.2025";"";"OK";"29,94";"RUB";"29,94";"RUB";"";"Различные товары";"5399";"OZON";"0,00";"0,00";"29,94"
"31.12.2025 15:27:07";"31.12.2025";"";"OK";"-4078,00";"RUB";"-4078,00";"RUB";"";"Маркетплейсы";"5399";"Ozon.ru";"0,00";"0,00";"-4078,00"
"31.12.2025 11:36:36";"31.12.2025";"";"OK";"1430,00";"RUB";"1430,00";"RUB";"";"Супермаркеты";"5300";"Avito";"0,00";"0,00";"1430,00"
"31.12.2025 10:29:22";"31.12.2025";"";"OK";"10855,00";"RUB";"10855,00";"RUB";"";"Переводы";"";"Дмитрий В.";"0,00";"0,00";"10855,00"
"31.12.2025 08:59:12";"31.12.2025";"";"OK";"-1430,00";"RUB";"-1430,00";"RUB";"";"Маркетплейсы";"5300";"Avito";"0,00";"0,00";"-1430,00"
"30.12.2025 21:05:08";"30.12.2025";"*6731";"OK";"15318,00";"RUB";"15318,00";"RUB";"";"Переводы";"";"Между своими счетами";"0,00";"0,00";"15318,00"
"30.12.2025 21:05:07";"30.12.2025";"*4531";"OK";"-15318,00";"RUB";"-15318,00";"RUB";"";"Переводы";"";"Между своими счетами";"0,00";"0,00";"-15318,00"
"30.12.2025 21:00:11";"30.12.2025";"*4531";"OK";"-2490,00";"RUB";"-2490,00";"RUB";"";"Кредиты";"9999";"Досрочное погашение";"0,00";"0,00";"-2490,00"
"30.12.2025 19:41:09";"30.12.2025";"*4531";"OK";"-5000,00";"RUB";"-5000,00";"RUB";"";"Переводы";"";"София Е.";"0,00";"0,00";"-5000,00"
"30.12.2025 19:26:06";"30.12.2025";"*4531";"OK";"-21570,00";"RUB";"-21570,00";"RUB";"";"Переводы";"";"Александра Т.";"0,00";"0,00";"-21570,00"
"30.12.2025 19:11:02";"30.12.2025";"*4531";"OK";"-16152,00";"RUB";"-16152,00";"RUB";"";"Переводы";"";"Светлана Б.";"0,00";"0,00";"-16152,00"
"30.12.2025 19:09:18";"30.12.2025";"*4531";"OK";"-17200,00";"RUB";"-17200,00";"RUB";"";"Переводы";"";"Татьяна А.";"0,00";"0,00";"-17200,00"
"30.12.2025 19:07:12";"30.12.2025";"*4531";"OK";"-6770,00";"RUB";"-6770,00";"RUB";"";"Переводы";"";"Екатерина Б.";"0,00";"0,00";"-6770,00"
"30.12.2025 19:05:53";"30.12.2025";"*4531";"OK";"-3500,00";"RUB";"-3500,00";"RUB";"";"Переводы";"";"София Е.";"0,00";"0,00";"-3500,00"
"30.12.2025 18:16:35";"30.12.2025";"*6731";"OK";"-1256,00";"RUB";"-1256,00";"RUB";"";"Такси";"3990";"Яндекс Такси";"0,00";"0,00";"-1256,00"
"30.12.2025 17:47:31";"30.12.2025";"";"OK";"-3960,00";"RUB";"-3960,00";"RUB";"";"Рестораны";"5812";"Андерсон";"0,00";"0,00";"-3960,00"
"30.12.2025 17:46:50";"30.12.2025";"*6731";"OK";"-180,00";"RUB";"-180,00";"RUB";"";"Экосистема Яндекс";"3990";"Бери заряд!";"0,00";"0,00";"-180,00"
"30.12.2025 15:35:05";"30.12.2025";"*4531";"OK";"88000,00";"RUB";"88000,00";"RUB";"";"Переводы";"";"Пополнение. ИНДИВИДУАЛЬНЫЙ ПРЕДПРИНИМАТЕЛЬ ВАСИН ДМИТРИЙ ВЯЧЕСЛАВОВИЧ";"0,00";"0,00";"88000,00"
"30.12.2025 15:04:11";"30.12.2025";"*6731";"OK";"-1357,00";"RUB";"-1357,00";"RUB";"";"Такси";"3990";"Яндекс Такси";"0,00";"0,00";"-1357,00"
"30.12.2025 10:11:47";"30.12.2025";"";"OK";"840,00";"RUB";"840,00";"RUB";"";"Супермаркеты";"5300";"Avito";"0,00";"0,00";"840,00"
"30.12.2025 10:10:06";"30.12.2025";"";"OK";"-635,00";"RUB";"-635,00";"RUB";"";"Маркетплейсы";"5300";"Avito";"0,00";"0,00";"-635,00"
"30.12.2025 10:07:37";"30.12.2025";"";"OK";"-840,00";"RUB";"-840,00";"RUB";"";"Маркетплейсы";"5300";"Avito";"0,00";"0,00";"-840,00"
"29.12.2025 18:10:46";"29.12.2025";"";"OK";"-2746,00";"RUB";"-2746,00";"RUB";"";"Маркетплейсы";"5699";"WILDBERRIES";"0,00";"0,00";"-2746,00"
"29.12.2025 17:24:44";"29.12.2025";"";"OK";"1535,00";"RUB";"1535,00";"RUB";"";"Супермаркеты";"5300";"Avito";"0,00";"0,00";"1535,00"
"29.12.2025 14:12:29";"29.12.2025";"";"OK";"-300,00";"RUB";"-300,00";"RUB";"";"Супермаркеты";"5411";"ВкусВилл";"0,00";"0,00";"-300,00"
"29.12.2025 11:40:59";"29.12.2025";"";"OK";"-1447,87";"RUB";"-1447,87";"RUB";"";"Супермаркеты";"5411";"Яндекс Сервисы";"0,00";"0,00";"-1447,87"
"28.12.2025 15:22:52";"28.12.2025";"*6731";"OK";"-970,00";"RUB";"-970,00";"RUB";"";"Такси";"3990";"Яндекс Такси";"0,00";"0,00";"-970,00"
"28.12.2025 14:25:34";"28.12.2025";"*6731";"OK";"-638,00";"RUB";"-638,00";"RUB";"";"Такси";"3990";"Яндекс Такси";"0,00";"0,00";"-638,00"
"28.12.2025 14:04:37";"";"*4531";"FAILED";"-20,35";"RUB";"-20,35";"RUB";"";"Такси";"";"Покупка по QR";"0,00";"0,00";"-20,35"
"28.12.2025 11:59:45";"28.12.2025";"";"OK";"-1535,00";"RUB";"-1535,00";"RUB";"";"Маркетплейсы";"5300";"Avito";"0,00";"0,00";"-1535,00"
"28.12.2025 10:01:41";"28.12.2025";"";"OK";"-1653,00";"RUB";"-1653,00";"RUB";"";"Маркетплейсы";"5399";"Ozon.ru";"0,00";"0,00";"-1653,00"
"27.12.2025 20:22:55";"27.12.2025";"";"OK";"-673,00";"RUB";"-673,00";"RUB";"";"Связь";"4814";"Рег.ру";"0,00";"0,00";"-673,00"
"27.12.2025 20:22:32";"27.12.2025";"";"OK";"-673,00";"RUB";"-673,00";"RUB";"";"Связь";"4814";"Рег.ру";"0,00";"0,00";"-673,00"
"27.12.2025 11:49:19";"27.12.2025";"";"OK";"-100,00";"RUB";"-100,00";"RUB";"";"Фастфуд";"5814";"ART-CAFE DUROV_2";"0,00";"0,00";"-100,00"
"27.12.2025 11:16:31";"27.12.2025";"";"OK";"-338,00";"RUB";"-338,00";"RUB";"";"Фастфуд";"5814";"Вкусно — и точка";"0,00";"0,00";"-338,00"
"26.12.2025 14:48:31";"26.12.2025";"";"OK";"-508,00";"RUB";"-508,00";"RUB";"";"Маркетплейсы";"5399";"Ozon.ru";"0,00";"0,00";"-508,00"
"26.12.2025 13:38:40";"26.12.2025";"";"OK";"-185,55";"RUB";"-185,55";"RUB";"";"Маркетплейсы";"5399";"Ozon.ru";"0,00";"0,00";"-185,55"
"26.12.2025 09:51:43";"26.12.2025";"";"OK";"-964,97";"RUB";"-964,97";"RUB";"";"Супермаркеты";"5411";"Лента";"0,00";"0,00";"-964,97"
"25.12.2025 20:57:45";"25.12.2025";"";"OK";"-1058,00";"RUB";"-1058,00";"RUB";"";"Маркетплейсы";"5399";"Ozon.ru";"0,00";"0,00";"-1058,00"
"25.12.2025 15:33:04";"25.12.2025";"*4531";"OK";"-7000,00";"RUB";"-7000,00";"RUB";"";"Переводы";"";"Перевод юридическому лицу";"0,00";"0,00";"-7000,00"
"25.12.2025 15:29:59";"25.12.2025";"*4531";"OK";"7000,00";"RUB";"7000,00";"RUB";"";"Пополнения";"";"Внесение наличных через банкомат Т-Банк";"0,00";"0,00";"7000,00"
"25.12.2025 13:24:41";"25.12.2025";"";"OK";"-149,00";"RUB";"-149,00";"RUB";"";"Супермаркеты";"5411";"Перекрёсток";"0,00";"0,00";"-149,00"
"25.12.2025 13:15:45";"25.12.2025";"";"OK";"-303,00";"RUB";"-303,00";"RUB";"";"Фастфуд";"5814";"Вкусно — и точка";"0,00";"0,00";"-303,00"
"25.12.2025 12:35:02";"25.12.2025";"";"OK";"-880,00";"RUB";"-880,00";"RUB";"";"Ремонт и мебель";"5200";"Лемана ПРО";"0,00";"0,00";"-880,00"
"25.12.2025 12:02:51";"25.12.2025";"";"OK";"-500,00";"RUB";"-500,00";"RUB";"";"Местный транспорт";"4111";"Московский метрополитен";"0,00";"0,00";"-500,00"
"25.12.2025 08:42:24";"25.12.2025";"";"OK";"-389,95";"RUB";"-389,95";"RUB";"";"Супермаркеты";"5411";"Магнит";"0,00";"0,00";"-389,95"
"22.12.2025 19:15:01";"22.12.2025";"";"OK";"-7547,00";"RUB";"-7547,00";"RUB";"";"Маркетплейсы";"5399";"Ozon.ru";"0,00";"0,00";"-7547,00"
"22.12.2025 11:28:33";"22.12.2025";"";"OK";"-3518,00";"RUB";"-3518,00";"RUB";"";"Маркетплейсы";"5699";"WILDBERRIES";"0,00";"0,00";"-3518,00"
"22.12.2025 11:28:17";"22.12.2025";"";"OK";"-4770,00";"RUB";"-4770,00";"RUB";"";"Маркетплейсы";"5699";"WILDBERRIES";"0,00";"0,00";"-4770,00"
"22.12.2025 10:46:44";"22.12.2025";"";"OK";"-245,00";"RUB";"-245,00";"RUB";"";"Фастфуд";"5814";"Братья Караваевы";"0,00";"0,00";"-245,00"
"22.12.2025 09:59:10";"22.12.2025";"*4531";"OK";"-5000,00";"RUB";"-5000,00";"RUB";"";"Переводы";"";"Светлана Б.";"0,00";"0,00";"-5000,00"
"22.12.2025 09:53:15";"22.12.2025";"*4531";"OK";"5000,00";"RUB";"5000,00";"RUB";"";"Переводы";"";"Пополнение. ИНДИВИДУАЛЬНЫЙ ПРЕДПРИНИМАТЕЛЬ ВАСИН ДМИТРИЙ ВЯЧЕСЛАВОВИЧ";"0,00";"0,00";"5000,00"
"22.12.2025 00:00:00";"";"";"OK";"-8891,79";"RUB";"-8891,79";"RUB";"";"Услуги банка";"";"Плата по кредитке";"0,00";"0,00";"-8891,79"
"20.12.2025 09:29:33";"20.12.2025";"*4531";"OK";"-5000,00";"RUB";"-5000,00";"RUB";"";"Переводы";"";"Александра Т.";"0,00";"0,00";"-5000,00"
"20.12.2025 09:28:42";"20.12.2025";"*4531";"OK";"5000,00";"RUB";"5000,00";"RUB";"";"Переводы";"";"Пополнение. ИНДИВИДУАЛЬНЫЙ ПРЕДПРИНИМАТЕЛЬ ВАСИН ДМИТРИЙ ВЯЧЕСЛАВОВИЧ";"0,00";"0,00";"5000,00"
"20.12.2025 09:16:06";"20.12.2025";"";"OK";"-882,00";"RUB";"-882,00";"RUB";"";"Фастфуд";"5814";"Вкусно — и точка";"0,00";"0,00";"-882,00"
"19.12.2025 15:37:17";"19.12.2025";"";"OK";"-429,99";"RUB";"-429,99";"RUB";"";"Супермаркеты";"5411";"Перекрёсток";"0,00";"0,00";"-429,99"
"19.12.2025 12:21:39";"19.12.2025";"";"OK";"-3273,00";"RUB";"-3273,00";"RUB";"";"Маркетплейсы";"5399";"Ozon.ru";"0,00";"0,00";"-3273,00"
"19.12.2025 11:03:15";"19.12.2025";"";"OK";"-1095,00";"RUB";"-1095,00";"RUB";"";"Маркетплейсы";"5699";"WILDBERRIES";"0,00";"0,00";"-1095,00"
"19.12.2025 10:02:37";"19.12.2025";"*4531";"OK";"-67717,22";"RUB";"-67717,22";"RUB";"";"Переводы";"";"Дмитрий В.";"0,00";"0,00";"-67717,22"
"19.12.2025 10:01:47";"19.12.2025";"*4531";"OK";"59981,74";"RUB";"59981,74";"RUB";"";"Переводы";"";"Пополнение. ИНДИВИДУАЛЬНЫЙ ПРЕДПРИНИМАТЕЛЬ ВАСИН ДМИТРИЙ ВЯЧЕСЛАВОВИЧ";"0,00";"0,00";"59981,74"
"19.12.2025 08:31:51";"19.12.2025";"";"OK";"-565,97";"RUB";"-565,97";"RUB";"";"Супермаркеты";"5411";"Магнит";"0,00";"0,00";"-565,97"
"18.12.2025 22:11:28";"19.12.2025";"*4531";"OK";"3000,00";"RUB";"3000,00";"RUB";"";"Пополнения";"";"Внесение наличных через банкомат Т-Банк";"0,00";"0,00";"3000,00"
"18.12.2025 21:47:41";"18.12.2025";"";"OK";"-5838,00";"RUB";"-5838,00";"RUB";"";"Рестораны";"5812";"Buddy McDaniel_1_P_QR";"0,00";"0,00";"-5838,00"
"18.12.2025 18:37:12";"18.12.2025";"";"OK";"-1615,00";"RUB";"-1615,00";"RUB";"";"Маркетплейсы";"5399";"Ozon.ru";"0,00";"0,00";"-1615,00"
"18.12.2025 18:12:09";"18.12.2025";"";"OK";"-500,00";"RUB";"-500,00";"RUB";"";"Местный транспорт";"4111";"Московский метрополитен";"0,00";"0,00";"-500,00"
"18.12.2025 09:13:04";"18.12.2025";"";"OK";"-119,99";"RUB";"-119,99";"RUB";"";"Супермаркеты";"5411";"Магнит";"0,00";"0,00";"-119,99"
"17.12.2025 19:19:06";"17.12.2025";"";"OK";"-875,00";"RUB";"-875,00";"RUB";"";"Маркетплейсы";"5399";"Ozon.ru";"0,00";"0,00";"-875,00"
"17.12.2025 15:45:25";"17.12.2025";"*4531";"OK";"-200,00";"RUB";"-200,00";"RUB";"";"Переводы";"";"Екатерина А.";"0,00";"0,00";"-200,00"
"17.12.2025 15:19:24";"17.12.2025";"*4531";"OK";"-3750,00";"RUB";"-3750,00";"RUB";"";"Переводы";"";"Ирина Н.";"0,00";"0,00";"-3750,00"
"17.12.2025 12:10:39";"17.12.2025";"";"OK";"-303,00";"RUB";"-303,00";"RUB";"";"Фастфуд";"5814";"Вкусно — и точка";"0,00";"0,00";"-303,00"
"17.12.2025 09:14:12";"17.12.2025";"";"OK";"-209,00";"RUB";"-209,00";"RUB";"";"Супермаркеты";"5411";"Перекрёсток";"0,00";"0,00";"-209,00"
"16.12.2025 22:28:36";"17.12.2025";"";"OK";"7225,00";"RUB";"7225,00";"RUB";"";"Переводы";"";"Олеся О.";"0,00";"0,00";"7225,00"
"16.12.2025 18:38:25";"16.12.2025";"*4531";"OK";"-3000,00";"RUB";"-3000,00";"RUB";"";"Переводы";"";"Вячеслав В.";"0,00";"0,00";"-3000,00"
"16.12.2025 16:17:50";"16.12.2025";"";"OK";"-3016,00";"RUB";"-3016,00";"RUB";"";"Маркетплейсы";"5699";"WILDBERRIES";"0,00";"0,00";"-3016,00"
"16.12.2025 15:47:46";"16.12.2025";"";"OK";"-3054,00";"RUB";"-3054,00";"RUB";"";"Маркетплейсы";"5399";"Ozon.ru";"0,00";"0,00";"-3054,00"
"16.12.2025 15:15:33";"16.12.2025";"*4531";"OK";"-2500,00";"RUB";"-2500,00";"RUB";"";"Переводы";"";"Олег К.";"0,00";"0,00";"-2500,00"
"16.12.2025 11:12:38";"16.12.2025";"";"OK";"-615,00";"RUB";"-615,00";"RUB";"";"Супермаркеты";"5411";"Яндекс Сервисы";"0,00";"0,00";"-615,00"
"16.12.2025 10:57:30";"16.12.2025";"*4531";"OK";"-200,00";"RUB";"-200,00";"RUB";"";"Переводы";"";"Екатерина А.";"0,00";"0,00";"-200,00"
"16.12.2025 08:52:17";"16.12.2025";"";"OK";"-1080,00";"RUB";"-1080,00";"RUB";"";"Связь";"4814";"t2";"0,00";"0,00";"-1080,00"
"16.12.2025 08:35:15";"16.12.2025";"";"OK";"-119,99";"RUB";"-119,99";"RUB";"";"Супермаркеты";"5411";"Магнит";"0,00";"0,00";"-119,99"
"15.12.2025 21:43:45";"15.12.2025";"";"OK";"-4022,17";"RUB";"-4022,17";"RUB";"";"Супермаркеты";"5411";"Лента";"0,00";"0,00";"-4022,17"
"15.12.2025 20:15:07";"15.12.2025";"*4531";"OK";"-23000,00";"RUB";"-23000,00";"RUB";"";"Переводы";"";"Светлана Б.";"0,00";"0,00";"-23000,00"
"15.12.2025 20:14:44";"15.12.2025";"*4531";"OK";"10000,00";"RUB";"10000,00";"RUB";"";"Переводы";"";"Пополнение. ИНДИВИДУАЛЬНЫЙ ПРЕДПРИНИМАТЕЛЬ ВАСИН ДМИТРИЙ ВЯЧЕСЛАВОВИЧ";"0,00";"0,00";"10000,00"
"15.12.2025 17:06:42";"15.12.2025";"*4531";"OK";"-5000,00";"RUB";"-5000,00";"RUB";"";"Переводы";"";"София Е.";"0,00";"0,00";"-5000,00"
"15.12.2025 17:05:35";"15.12.2025";"*4531";"OK";"-15000,00";"RUB";"-15000,00";"RUB";"";"Переводы";"";"Татьяна А.";"0,00";"0,00";"-15000,00"
"15.12.2025 17:05:16";"15.12.2025";"*4531";"OK";"30000,00";"RUB";"30000,00";"RUB";"";"Переводы";"";"Пополнение. ИНДИВИДУАЛЬНЫЙ ПРЕДПРИНИМАТЕЛЬ ВАСИН ДМИТРИЙ ВЯЧЕСЛАВОВИЧ";"0,00";"0,00";"30000,00"
"15.12.2025 17:03:33";"15.12.2025";"*4531";"OK";"-20000,00";"RUB";"-20000,00";"RUB";"";"Переводы";"";"Екатерина Б.";"0,00";"0,00";"-20000,00"
"15.12.2025 17:02:44";"15.12.2025";"*4531";"OK";"-21500,00";"RUB";"-21500,00";"RUB";"";"Переводы";"";"Александра Т.";"0,00";"0,00";"-21500,00"
"15.12.2025 17:01:07";"15.12.2025";"*4531";"OK";"-32000,00";"RUB";"-32000,00";"RUB";"";"Переводы";"";"Екатерина С.";"0,00";"0,00";"-32000,00"
"15.12.2025 17:00:45";"15.12.2025";"*4531";"OK";"75923,70";"RUB";"75923,70";"RUB";"";"Переводы";"";"Пополнение. ИНДИВИДУАЛЬНЫЙ ПРЕДПРИНИМАТЕЛЬ ВАСИН ДМИТРИЙ ВЯЧЕСЛАВОВИЧ";"0,00";"0,00";"75923,70"
"15.12.2025 16:33:27";"15.12.2025";"";"OK";"-140,00";"RUB";"-140,00";"RUB";"";"Фастфуд";"5814";"CofeFest";"0,00";"0,00";"-140,00"
"15.12.2025 13:59:18";"15.12.2025";"*4531";"OK";"-4500,00";"RUB";"-4500,00";"RUB";"";"Переводы";"";"Константин Ф.";"0,00";"0,00";"-4500,00"
"15.12.2025 13:58:16";"15.12.2025";"*4531";"OK";"10000,00";"RUB";"10000,00";"RUB";"";"Переводы";"";"Пополнение. ИНДИВИДУАЛЬНЫЙ ПРЕДПРИНИМАТЕЛЬ ВАСИН ДМИТРИЙ ВЯЧЕСЛАВОВИЧ";"0,00";"0,00";"10000,00"
"15.12.2025 12:34:37";"15.12.2025";"*4531";"OK";"-2500,00";"RUB";"-2500,00";"RUB";"";"Переводы";"";"Вячеслав В.";"0,00";"0,00";"-2500,00"
"15.12.2025 12:34:15";"15.12.2025";"*4531";"OK";"2871,31";"RUB";"2871,31";"RUB";"";"Переводы";"";"Пополнение. ИНДИВИДУАЛЬНЫЙ ПРЕДПРИНИМАТЕЛЬ ВАСИН ДМИТРИЙ ВЯЧЕСЛАВОВИЧ";"0,00";"0,00";"2871,31"
"15.12.2025 11:12:00";"15.12.2025";"";"OK";"-279,00";"RUB";"-279,00";"RUB";"";"Фастфуд";"5814";"Вкусно — и точка";"0,00";"0,00";"-279,00"
"14.12.2025 17:14:29";"14.12.2025";"";"OK";"-1000,00";"RUB";"-1000,00";"RUB";"";"Маркетплейсы";"5300";"Avito";"0,00";"0,00";"-1000,00"
"14.12.2025 15:10:08";"14.12.2025";"*4531";"OK";"-1000,00";"RUB";"-1000,00";"RUB";"";"Переводы";"";"Ольга С.";"0,00";"0,00";"-1000,00"
"14.12.2025 14:42:46";"14.12.2025";"*4531";"OK";"-1000,00";"RUB";"-1000,00";"RUB";"";"Переводы";"";"Ольга С.";"0,00";"0,00";"-1000,00"
"13.12.2025 12:44:18";"13.12.2025";"";"OK";"-390,00";"RUB";"-390,00";"RUB";"";"Фастфуд";"5814";"Правда Кофе";"0,00";"0,00";"-390,00"
"12.12.2025 16:33:52";"12.12.2025";"*4531";"OK";"-5000,00";"RUB";"-5000,00";"RUB";"";"Переводы";"";"Екатерина С.";"0,00";"0,00";"-5000,00"
"12.12.2025 16:33:12";"12.12.2025";"*4531";"OK";"-270,00";"RUB";"-270,00";"RUB";"";"Переводы";"";"Екатерина С.";"0,00";"0,00";"-270,00"
"12.12.2025 16:32:48";"12.12.2025";"*4531";"OK";"9750,47";"RUB";"9750,47";"RUB";"";"Переводы";"";"Пополнение. ИНДИВИДУАЛЬНЫЙ ПРЕДПРИНИМАТЕЛЬ ВАСИН ДМИТРИЙ ВЯЧЕСЛАВОВИЧ";"0,00";"0,00";"9750,47"
"12.12.2025 09:48:23";"12.12.2025";"";"OK";"-319,97";"RUB";"-319,97";"RUB";"";"Супермаркеты";"5411";"Магнит";"0,00";"0,00";"-319,97"
"11.12.2025 16:11:06";"11.12.2025";"";"OK";"-507,20";"RUB";"-507,20";"RUB";"";"Фастфуд";"5814";"Братья Караваевы";"0,00";"0,00";"-507,20"
"11.12.2025 15:44:43";"11.12.2025";"*4531";"OK";"-18000,00";"RUB";"-18000,00";"RUB";"";"Переводы";"";"Юлия И.";"0,00";"0,00";"-18000,00"
"11.12.2025 15:43:48";"11.12.2025";"*4531";"OK";"18000,00";"RUB";"18000,00";"RUB";"";"Переводы";"";"Пополнение. ИНДИВИДУАЛЬНЫЙ ПРЕДПРИНИМАТЕЛЬ ВАСИН ДМИТРИЙ ВЯЧЕСЛАВОВИЧ";"0,00";"0,00";"18000,00"
"11.12.2025 11:49:28";"11.12.2025";"";"OK";"-87000,00";"RUB";"-87000,00";"RUB";"";"Супермаркеты";"5300";"Яндекс Сервисы";"0,00";"0,00";"-87000,00"
"11.12.2025 11:48:41";"";"*4531";"FAILED";"-87000,00";"RUB";"-87000,00";"RUB";"";"Супермаркеты";"";"Покупка по QR";"0,00";"0,00";"-87000,00"
"11.12.2025 11:03:55";"11.12.2025";"*4531";"OK";"-20000,00";"RUB";"-20000,00";"RUB";"";"Переводы";"";"Ольга С.";"0,00";"0,00";"-20000,00"
"11.12.2025 11:00:18";"11.12.2025";"*4531";"OK";"20000,00";"RUB";"20000,00";"RUB";"";"Переводы";"";"Пополнение. ИНДИВИДУАЛЬНЫЙ ПРЕДПРИНИМАТЕЛЬ ВАСИН ДМИТРИЙ ВЯЧЕСЛАВОВИЧ";"0,00";"0,00";"20000,00"
"11.12.2025 09:31:01";"11.12.2025";"";"OK";"-359,98";"RUB";"-359,98";"RUB";"";"Супермаркеты";"5411";"Магнит";"0,00";"0,00";"-359,98"
"10.12.2025 20:37:55";"10.12.2025";"*4531";"OK";"-13000,00";"RUB";"-13000,00";"RUB";"";"Переводы";"";"Фарида К.";"0,00";"0,00";"-13000,00"
"10.12.2025 20:37:11";"10.12.2025";"*4531";"OK";"13000,00";"RUB";"13000,00";"RUB";"";"Переводы";"";"Пополнение. ИНДИВИДУАЛЬНЫЙ ПРЕДПРИНИМАТЕЛЬ ВАСИН ДМИТРИЙ ВЯЧЕСЛАВОВИЧ";"0,00";"0,00";"13000,00"
"10.12.2025 18:25:42";"10.12.2025";"";"OK";"-1850,00";"RUB";"-1850,00";"RUB";"";"Рестораны";"5812";"Masters&Margaritas_P_QR";"0,00";"0,00";"-1850,00"
"10.12.2025 16:52:59";"10.12.2025";"";"OK";"-868,00";"RUB";"-868,00";"RUB";"";"Финансы";"7299";"нетмонет";"0,00";"0,00";"-868,00"
"10.12.2025 16:51:53";"10.12.2025";"";"OK";"-7700,00";"RUB";"-7700,00";"RUB";"";"Рестораны";"5812";"Madame Roche";"0,00";"0,00";"-7700,00"
"10.12.2025 11:05:40";"10.12.2025";"*4531";"OK";"-7100,00";"RUB";"-7100,00";"RUB";"";"Переводы";"";"Дмитрий В.";"0,00";"0,00";"-7100,00"
"10.12.2025 11:03:50";"10.12.2025";"*4531";"OK";"5100,00";"RUB";"5100,00";"RUB";"";"Переводы";"";"Пополнение. ИНДИВИДУАЛЬНЫЙ ПРЕДПРИНИМАТЕЛЬ ВАСИН ДМИТРИЙ ВЯЧЕСЛАВОВИЧ";"0,00";"0,00";"5100,00"
"09.12.2025 19:02:31";"09.12.2025";"";"OK";"-271,00";"RUB";"-271,00";"RUB";"";"Фастфуд";"5814";"Братья Караваевы";"0,00";"0,00";"-271,00"
"09.12.2025 19:02:01";"09.12.2025";"";"OK";"-1208,50";"RUB";"-1208,50";"RUB";"";"Фастфуд";"5814";"Братья Караваевы";"0,00";"0,00";"-1208,50"
"09.12.2025 18:34:42";"09.12.2025";"*4531";"OK";"2000,00";"RUB";"2000,00";"RUB";"";"Переводы";"";"Пополнение. ИНДИВИДУАЛЬНЫЙ ПРЕДПРИНИМАТЕЛЬ ВАСИН ДМИТРИЙ ВЯЧЕСЛАВОВИЧ";"0,00";"0,00";"2000,00"
"09.12.2025 14:22:01";"09.12.2025";"";"OK";"-6000,00";"RUB";"-6000,00";"RUB";"";"Сервис";"7311";"ВКонтакте";"0,00";"0,00";"-6000,00"
"09.12.2025 14:10:39";"09.12.2025";"";"OK";"-500,00";"RUB";"-500,00";"RUB";"";"Местный транспорт";"4111";"Московский метрополитен";"0,00";"0,00";"-500,00"
"09.12.2025 13:54:06";"09.12.2025";"";"OK";"-345,00";"RUB";"-345,00";"RUB";"";"Фастфуд";"5814";"Вкусно — и точка";"0,00";"0,00";"-345,00"
"09.12.2025 13:46:43";"09.12.2025";"";"OK";"-1280,00";"RUB";"-1280,00";"RUB";"";"Красота";"7230";"Культ Барбершоп";"0,00";"0,00";"-1280,00"
"09.12.2025 11:11:18";"09.12.2025";"";"OK";"-239,00";"RUB";"-239,00";"RUB";"";"Супермаркеты";"5411";"Перекрёсток";"0,00";"0,00";"-239,00"
"09.12.2025 10:55:57";"09.12.2025";"*4531";"OK";"-1709,02";"RUB";"-1709,02";"RUB";"";"Переводы";"";"Дмитрий В.";"0,00";"0,00";"-1709,02"
"09.12.2025 10:55:44";"09.12.2025";"*4531";"OK";"1709,02";"RUB";"1709,02";"RUB";"";"Переводы";"";"Пополнение. ИНДИВИДУАЛЬНЫЙ ПРЕДПРИНИМАТЕЛЬ ВАСИН ДМИТРИЙ ВЯЧЕСЛАВОВИЧ";"0,00";"0,00";"1709,02"
"09.12.2025 08:10:44";"09.12.2025";"";"OK";"-359,98";"RUB";"-359,98";"RUB";"";"Супермаркеты";"5411";"Магнит";"0,00";"0,00";"-359,98"
"08.12.2025 16:28:58";"08.12.2025";"";"OK";"-159,98";"RUB";"-159,98";"RUB";"";"Супермаркеты";"5411";"Лента";"0,00";"0,00";"-159,98"
"08.12.2025 15:08:39";"08.12.2025";"";"OK";"-541,00";"RUB";"-541,00";"RUB";"";"Маркетплейсы";"5399";"Ozon.ru";"0,00";"0,00";"-541,00"
"08.12.2025 15:03:56";"08.12.2025";"";"OK";"-735,00";"RUB";"-735,00";"RUB";"";"Фастфуд";"5814";"BATONY KAFE_P_QR";"0,00";"0,00";"-735,00"
"07.12.2025 11:22:23";"07.12.2025";"";"OK";"-1180,00";"RUB";"-1180,00";"RUB";"";"Фастфуд";"5814";"Даблби";"0,00";"0,00";"-1180,00"
"06.12.2025 22:24:14";"07.12.2025";"";"OK";"-775,00";"RUB";"-775,00";"RUB";"";"Маркетплейсы";"5300";"Avito";"0,00";"0,00";"-775,00"
"06.12.2025 21:38:45";"06.12.2025";"";"OK";"-632,00";"RUB";"-632,00";"RUB";"";"Маркетплейсы";"5300";"Avito";"0,00";"0,00";"-632,00"
"06.12.2025 12:46:47";"06.12.2025";"";"OK";"-199,99";"RUB";"-199,99";"RUB";"";"Супермаркеты";"5411";"Магнолия";"0,00";"0,00";"-199,99"
"06.12.2025 12:43:16";"06.12.2025";"";"OK";"-2579,98";"RUB";"-2579,98";"RUB";"";"Супермаркеты";"5411";"Магнолия";"0,00";"0,00";"-2579,98"
"06.12.2025 11:45:25";"06.12.2025";"";"OK";"-150,00";"RUB";"-150,00";"RUB";"";"Фастфуд";"5814";"Даблби";"0,00";"0,00";"-150,00"
"06.12.2025 11:41:48";"06.12.2025";"";"OK";"-850,00";"RUB";"-850,00";"RUB";"";"Фастфуд";"5814";"Даблби";"0,00";"0,00";"-850,00"
"06.12.2025 01:47:36";"06.12.2025";"*6731";"OK";"31058,77";"RUB";"31058,77";"RUB";"";"Переводы";"";"Пополнение. ИНДИВИДУАЛЬНЫЙ ПРЕДПРИНИМАТЕЛЬ ВАСИН ДМИТРИЙ ВЯЧЕСЛАВОВИЧ";"0,00";"0,00";"31058,77"
"06.12.2025 01:39:20";"06.12.2025";"*4531";"OK";"-16399,30";"RUB";"-16399,30";"RUB";"";"Переводы";"";"Дмитрий В.";"0,00";"0,00";"-16399,30"
"06.12.2025 01:27:16";"06.12.2025";"";"OK";"4500,00";"RUB";"4500,00";"RUB";"";"Переводы";"";"Дмитрий В.";"0,00";"0,00";"4500,00"
"05.12.2025 22:51:43";"06.12.2025";"";"OK";"2680,00";"RUB";"2680,00";"RUB";"";"Переводы";"";"Кристина Б.";"0,00";"0,00";"2680,00"
"05.12.2025 22:51:41";"06.12.2025";"";"OK";"3200,00";"RUB";"3200,00";"RUB";"";"Переводы";"";"Павел Т.";"0,00";"0,00";"3200,00"
"05.12.2025 22:48:36";"06.12.2025";"*4531";"OK";"3000,00";"RUB";"3000,00";"RUB";"";"Переводы";"";"Андрей Ф.";"0,00";"0,00";"3000,00"
"05.12.2025 22:42:56";"06.12.2025";"";"OK";"-18510,00";"RUB";"-18510,00";"RUB";"";"Рестораны";"5813";"ЛАМБИК_P_QR";"0,00";"0,00";"-18510,00"
"05.12.2025 18:21:29";"05.12.2025";"*4531";"OK";"-300,00";"RUB";"-300,00";"RUB";"";"Местный транспорт";"4111";"Московский метрополитен";"0,00";"0,00";"-300,00"
"05.12.2025 17:03:43";"05.12.2025";"";"OK";"-400,00";"RUB";"-400,00";"RUB";"";"Фастфуд";"5814";"OD Лужники 1_P_QR";"0,00";"0,00";"-400,00"
"05.12.2025 15:13:40";"05.12.2025";"";"OK";"-1456,00";"RUB";"-1456,00";"RUB";"";"Сервис";"7372";"YCLIENTS";"0,00";"0,00";"-1456,00"
"05.12.2025 14:34:41";"05.12.2025";"";"OK";"-580,00";"RUB";"-580,00";"RUB";"";"Фастфуд";"5814";"BATONY KAFE_P_QR";"0,00";"0,00";"-580,00"
"05.12.2025 09:30:37";"05.12.2025";"";"OK";"-648,91";"RUB";"-648,91";"RUB";"";"Супермаркеты";"5411";"Магнит";"0,00";"0,00";"-648,91"
"04.12.2025 18:04:03";"04.12.2025";"*4531";"OK";"-115,00";"RUB";"-115,00";"RUB";"";"Фастфуд";"5814";"Братья Караваевы";"0,00";"0,00";"-115,00"
"04.12.2025 17:58:21";"04.12.2025";"*4531";"OK";"-1565,70";"RUB";"-1565,70";"RUB";"";"Фастфуд";"5814";"Братья Караваевы";"0,00";"0,00";"-1565,70"
"04.12.2025 17:30:44";"04.12.2025";"*4531";"OK";"5000,00";"RUB";"5000,00";"RUB";"";"Переводы";"";"Пополнение. ИНДИВИДУАЛЬНЫЙ ПРЕДПРИНИМАТЕЛЬ ВАСИН ДМИТРИЙ ВЯЧЕСЛАВОВИЧ";"0,00";"0,00";"5000,00"
"04.12.2025 15:32:08";"04.12.2025";"";"OK";"835,00";"RUB";"835,00";"RUB";"";"Супермаркеты";"5300";"Avito";"0,00";"0,00";"835,00"
"04.12.2025 13:03:00";"04.12.2025";"";"OK";"-1001,00";"RUB";"-1001,00";"RUB";"";"Супермаркеты";"5411";"Яндекс Сервисы";"0,00";"0,00";"-1001,00"
"04.12.2025 08:25:12";"04.12.2025";"";"OK";"-725,94";"RUB";"-725,94";"RUB";"";"Супермаркеты";"5411";"Магнит";"0,00";"0,00";"-725,94"
"03.12.2025 18:55:09";"03.12.2025";"";"OK";"-167,98";"RUB";"-167,98";"RUB";"";"Супермаркеты";"5411";"Магнит";"0,00";"0,00";"-167,98"
"03.12.2025 18:37:01";"03.12.2025";"";"OK";"-320,00";"RUB";"-320,00";"RUB";"";"Фастфуд";"5814";"Шаурма";"0,00";"0,00";"-320,00"
"03.12.2025 18:29:40";"03.12.2025";"";"OK";"-150,00";"RUB";"-150,00";"RUB";"";"Фастфуд";"5814";"Даблби";"0,00";"0,00";"-150,00"
"03.12.2025 18:06:40";"03.12.2025";"";"OK";"-560,00";"RUB";"-560,00";"RUB";"";"Фастфуд";"5814";"Даблби";"0,00";"0,00";"-560,00"
"03.12.2025 17:59:21";"03.12.2025";"";"OK";"-490,00";"RUB";"-490,00";"RUB";"";"Фастфуд";"5814";"Даблби";"0,00";"0,00";"-490,00"
"02.12.2025 23:07:45";"03.12.2025";"";"OK";"-500,00";"RUB";"-500,00";"RUB";"";"Связь";"4814";"t2";"0,00";"0,00";"-500,00"
"02.12.2025 13:34:54";"02.12.2025";"";"OK";"-995,00";"RUB";"-995,00";"RUB";"";"Фастфуд";"5814";"BATONY KAFE_P_QR";"0,00";"0,00";"-995,00"
"01.12.2025 19:29:09";"01.12.2025";"*4531";"OK";"-23045,41";"RUB";"-23045,41";"RUB";"";"Переводы";"";"Дмитрий В.";"0,00";"0,00";"-23045,41"
"01.12.2025 19:28:30";"01.12.2025";"*4531";"OK";"20000,00";"RUB";"20000,00";"RUB";"";"Переводы";"";"Перевод собственных средств на счет. НДС не облагается.";"0,00";"0,00";"20000,00"
"01.12.2025 19:26:20";"01.12.2025";"*4531";"OK";"-28885,00";"RUB";"-28885,00";"RUB";"";"Переводы";"";"Александра Т.";"0,00";"0,00";"-28885,00"
"01.12.2025 19:23:44";"01.12.2025";"*4531";"OK";"30000,00";"RUB";"30000,00";"RUB";"";"Переводы";"";"Перевод собственных средств на счет. НДС не облагается.";"0,00";"0,00";"30000,00"
"01.12.2025 19:17:30";"01.12.2025";"*4531";"OK";"-12230,00";"RUB";"-12230,00";"RUB";"";"Переводы";"";"Светлана Б.";"0,00";"0,00";"-12230,00"
"01.12.2025 16:44:50";"01.12.2025";"*4531";"OK";"-25000,00";"RUB";"-25000,00";"RUB";"";"Переводы";"";"София Е.";"0,00";"0,00";"-25000,00"
"01.12.2025 16:42:37";"01.12.2025";"*4531";"OK";"-13423,00";"RUB";"-13423,00";"RUB";"";"Переводы";"";"Екатерина С.";"0,00";"0,00";"-13423,00"
"01.12.2025 16:40:21";"01.12.2025";"*4531";"OK";"50000,00";"RUB";"50000,00";"RUB";"";"Переводы";"";"Перевод собственных средств на счет. НДС не облагается.";"0,00";"0,00";"50000,00"
"01.12.2025 16:09:52";"01.12.2025";"*4531";"OK";"-8000,00";"RUB";"-8000,00";"RUB";"";"Переводы";"";"Татьяна А.";"0,00";"0,00";"-8000,00"
"01.12.2025 15:53:43";"01.12.2025";"*4531";"OK";"-13566,00";"RUB";"-13566,00";"RUB";"";"Переводы";"";"Юлия И.";"0,00";"0,00";"-13566,00"
"01.12.2025 15:52:43";"01.12.2025";"*4531";"OK";"-5000,00";"RUB";"-5000,00";"RUB";"";"Переводы";"";"Екатерина Б.";"0,00";"0,00";"-5000,00"
"01.12.2025 15:51:11";"01.12.2025";"*4531";"OK";"-2000,00";"RUB";"-2000,00";"RUB";"";"Переводы";"";"Александра К.";"0,00";"0,00";"-2000,00"
"01.12.2025 15:48:11";"01.12.2025";"*4531";"OK";"30791,75";"RUB";"30791,75";"RUB";"";"Переводы";"";"Перевод собственных средств на счет. НДС не облагается.";"0,00";"0,00";"30791,75"
"01.12.2025 15:21:36";"01.12.2025";"*4531";"OK";"-299,00";"RUB";"-299,00";"RUB";"";"Другое";"";"Подписка Pro";"0,00";"0,00";"-299,00"
"01.12.2025 15:20:35";"01.12.2025";"";"OK";"-1630,00";"RUB";"-1630,00";"RUB";"";"Фастфуд";"5814";"ЮГЭН_P_QR";"0,00";"0,00";"-1630,00"
"01.12.2025 09:19:24";"01.12.2025";"";"OK";"-359,98";"RUB";"-359,98";"RUB";"";"Супермаркеты";"5411";"Магнит";"0,00";"0,00";"-359,98"
"01.12.2025 05:02:29";"01.12.2025";"*4531";"OK";"-2490,00";"RUB";"-2490,00";"RUB";"";"Кредиты";"9999";"Досрочное погашение";"0,00";"0,00";"-2490,00"
"30.11.2025 20:09:46";"30.11.2025";"";"OK";"-271,00";"RUB";"-271,00";"RUB";"";"Финансы";"7299";"нетмонет";"0,00";"0,00";"-271,00"
"30.11.2025 19:53:40";"30.11.2025";"";"OK";"-2150,00";"RUB";"-2150,00";"RUB";"";"Рестораны";"5812";"Маммина";"0,00";"0,00";"-2150,00"
"30.11.2025 19:53:22";"30.11.2025";"";"OK";"-700,00";"RUB";"-700,00";"RUB";"";"Рестораны";"5812";"Грано ЕС";"0,00";"0,00";"-700,00"
"30.11.2025 10:39:22";"30.11.2025";"";"OK";"-275,00";"RUB";"-275,00";"RUB";"";"Фастфуд";"5814";"Дринкит";"0,00";"0,00";"-275,00"
"30.11.2025 09:09:45";"30.11.2025";"";"OK";"-4128,00";"RUB";"-4128,00";"RUB";"";"Маркетплейсы";"5399";"Ozon.ru";"0,00";"0,00";"-4128,00"
"29.11.2025 13:13:44";"29.11.2025";"*4531";"OK";"-135,00";"RUB";"-135,00";"RUB";"";"Переводы";"";"Екатерина С.";"0,00";"0,00";"-135,00"
"29.11.2025 13:12:52";"29.11.2025";"*4531";"OK";"3281,66";"RUB";"3281,66";"RUB";"";"Переводы";"";"Перевод собственных средств на счет. НДС не облагается.";"0,00";"0,00";"3281,66"
"28.11.2025 13:34:12";"28.11.2025";"";"OK";"-930,00";"RUB";"-930,00";"RUB";"";"Фастфуд";"5814";"BATONY KAFE_P_QR";"0,00";"0,00";"-930,00"
"28.11.2025 08:53:56";"28.11.2025";"";"OK";"-300,00";"RUB";"-300,00";"RUB";"";"Фастфуд";"5814";"Даблби";"0,00";"0,00";"-300,00"
"26.11.2025 16:19:40";"26.11.2025";"";"OK";"-1108,55";"RUB";"-1108,55";"RUB";"";"Фастфуд";"5814";"Брусника";"0,00";"0,00";"-1108,55"
"26.11.2025 13:06:00";"26.11.2025";"";"OK";"-105,00";"RUB";"-105,00";"RUB";"";"Фото и копицентры";"7221";"ИП Каспаров А.Г";"0,00";"0,00";"-105,00"
"26.11.2025 12:55:34";"26.11.2025";"";"OK";"-320,00";"RUB";"-320,00";"RUB";"";"Фастфуд";"5814";"Шаурма";"0,00";"0,00";"-320,00"
"26.11.2025 08:31:09";"26.11.2025";"";"OK";"-482,96";"RUB";"-482,96";"RUB";"";"Супермаркеты";"5411";"Магнит";"0,00";"0,00";"-482,96"
"25.11.2025 17:35:05";"25.11.2025";"";"OK";"-224,97";"RUB";"-224,97";"RUB";"";"Супермаркеты";"5411";"Лента";"0,00";"0,00";"-224,97"
"24.11.2025 12:48:14";"24.11.2025";"*6731";"OK";"-1735,24";"RUB";"-1735,24";"RUB";"";"Супермаркеты";"3990";"Яндекс Лавка";"0,00";"0,00";"-1735,24"
"24.11.2025 09:26:01";"24.11.2025";"*4531";"OK";"-5000,00";"RUB";"-5000,00";"RUB";"";"Переводы";"";"Екатерина Б.";"0,00";"0,00";"-5000,00"
"24.11.2025 09:24:37";"24.11.2025";"*4531";"OK";"5000,00";"RUB";"5000,00";"RUB";"";"Переводы";"";"Перевод собственных средств на счет. НДС не облагается.";"0,00";"0,00";"5000,00"
"23.11.2025 18:01:01";"23.11.2025";"";"OK";"-835,00";"RUB";"-835,00";"RUB";"";"Маркетплейсы";"5300";"Avito";"0,00";"0,00";"-835,00"
"23.11.2025 17:49:18";"23.11.2025";"*6731";"OK";"-617,00";"RUB";"-617,00";"RUB";"";"Супермаркеты";"3990";"Яндекс Лавка";"0,00";"0,00";"-617,00"
"23.11.2025 13:34:22";"23.11.2025";"";"OK";"-1122,00";"RUB";"-1122,00";"RUB";"";"Маркетплейсы";"5300";"Avito";"0,00";"0,00";"-1122,00"
"23.11.2025 09:07:31";"23.11.2025";"*6731";"OK";"368,85";"RUB";"368,85";"RUB";"";"Переводы";"";"Между своими счетами";"0,00";"0,00";"368,85"
"23.11.2025 09:07:30";"23.11.2025";"*4531";"OK";"-368,85";"RUB";"-368,85";"RUB";"";"Переводы";"";"Между своими счетами";"0,00";"0,00";"-368,85"
"23.11.2025 09:06:54";"23.11.2025";"";"OK";"-3919,00";"RUB";"-3919,00";"RUB";"";"Маркетплейсы";"5399";"Ozon.ru";"0,00";"0,00";"-3919,00"
"22.11.2025 18:52:56";"22.11.2025";"";"OK";"-1500,88";"RUB";"-1500,88";"RUB";"";"Супермаркеты";"5411";"Яндекс Сервисы";"0,00";"0,00";"-1500,88"
"22.11.2025 18:52:20";"";"*4531";"FAILED";"-1500,88";"RUB";"-1500,88";"RUB";"";"Супермаркеты";"";"Покупка по QR";"0,00";"0,00";"-1500,88"
"22.11.2025 13:40:45";"22.11.2025";"*4531";"OK";"-3140,00";"RUB";"-3140,00";"RUB";"";"Переводы";"";"Вячеслав В.";"0,00";"0,00";"-3140,00"
"22.11.2025 13:39:32";"22.11.2025";"*4531";"OK";"3508,85";"RUB";"3508,85";"RUB";"";"Переводы";"";"Перевод собственных средств на счет. НДС не облагается.";"0,00";"0,00";"3508,85"
"22.11.2025 11:55:46";"22.11.2025";"";"OK";"-95,00";"RUB";"-95,00";"RUB";"";"Рестораны";"5812";"Магазин";"0,00";"0,00";"-95,00"
"22.11.2025 10:46:12";"22.11.2025";"";"OK";"-270,00";"RUB";"-270,00";"RUB";"";"Рестораны";"5812";"Магазин";"0,00";"0,00";"-270,00"
"22.11.2025 10:12:52";"22.11.2025";"*4531";"OK";"-1000,00";"RUB";"-1000,00";"RUB";"";"Переводы";"";"Дмитрий В.";"0,00";"0,00";"-1000,00"
"22.11.2025 10:12:15";"22.11.2025";"*4531";"OK";"1000,00";"RUB";"1000,00";"RUB";"";"Переводы";"";"Перевод собственных средств на счет. НДС не облагается.";"0,00";"0,00";"1000,00"
"22.11.2025 00:00:00";"";"";"OK";"-946,45";"RUB";"-946,45";"RUB";"";"Услуги банка";"";"Плата по кредитке";"0,00";"0,00";"-946,45"
"21.11.2025 18:37:09";"21.11.2025";"";"OK";"-1207,93";"RUB";"-1207,93";"RUB";"";"Супермаркеты";"5411";"Яндекс Сервисы";"0,00";"0,00";"-1207,93"
"20.11.2025 17:37:16";"20.11.2025";"";"OK";"-39,99";"RUB";"-39,99";"RUB";"";"Супермаркеты";"5411";"Лента";"0,00";"0,00";"-39,99"
"20.11.2025 15:22:37";"20.11.2025";"";"OK";"-647,60";"RUB";"-647,60";"RUB";"";"Фастфуд";"5814";"Брусника";"0,00";"0,00";"-647,60"
"19.11.2025 17:36:13";"19.11.2025";"";"OK";"-79,98";"RUB";"-79,98";"RUB";"";"Супермаркеты";"5411";"Лента";"0,00";"0,00";"-79,98"
"19.11.2025 17:32:09";"19.11.2025";"";"OK";"-39,99";"RUB";"-39,99";"RUB";"";"Супермаркеты";"5411";"Лента";"0,00";"0,00";"-39,99"
"19.11.2025 16:59:20";"19.11.2025";"";"OK";"-750,00";"RUB";"-750,00";"RUB";"";"Фастфуд";"5814";"Istanbul";"0,00";"0,00";"-750,00"
"19.11.2025 16:53:09";"19.11.2025";"";"OK";"-290,00";"RUB";"-290,00";"RUB";"";"Супермаркеты";"5411";"Азбука Вкуса";"0,00";"0,00";"-290,00"
"19.11.2025 13:43:44";"19.11.2025";"";"OK";"-755,00";"RUB";"-755,00";"RUB";"";"Фастфуд";"5814";"BATONY KAFE_P_QR";"0,00";"0,00";"-755,00"
"18.11.2025 16:01:25";"18.11.2025";"";"OK";"-500,00";"RUB";"-500,00";"RUB";"";"Местный транспорт";"4111";"Московский метрополитен";"0,00";"0,00";"-500,00"
"18.11.2025 13:10:47";"18.11.2025";"";"OK";"-199,00";"RUB";"-199,00";"RUB";"";"Супермаркеты";"5411";"Перекрёсток";"0,00";"0,00";"-199,00"
"18.11.2025 13:01:22";"18.11.2025";"";"OK";"-303,00";"RUB";"-303,00";"RUB";"";"Фастфуд";"5814";"Вкусно — и точка";"0,00";"0,00";"-303,00"
"18.11.2025 11:32:57";"18.11.2025";"";"OK";"-120,00";"RUB";"-120,00";"RUB";"";"Красота";"7230";"Бьюти-Парк._P_QR";"0,00";"0,00";"-120,00"
"18.11.2025 11:13:26";"18.11.2025";"";"OK";"-99,99";"RUB";"-99,99";"RUB";"";"Супермаркеты";"5411";"Перекрёсток";"0,00";"0,00";"-99,99"
"18.11.2025 09:40:19";"18.11.2025";"";"OK";"-239,00";"RUB";"-239,00";"RUB";"";"Супермаркеты";"5411";"Перекрёсток";"0,00";"0,00";"-239,00"
"18.11.2025 09:34:04";"18.11.2025";"";"OK";"-225,00";"RUB";"-225,00";"RUB";"";"Фастфуд";"5814";"Вкусно — и точка";"0,00";"0,00";"-225,00"
"18.11.2025 03:54:01";"18.11.2025";"*4531";"OK";"-17638,81";"RUB";"-17638,81";"RUB";"";"Переводы";"";"Дмитрий В.";"0,00";"0,00";"-17638,81"
"18.11.2025 03:52:32";"18.11.2025";"*4531";"OK";"17638,81";"RUB";"17638,81";"RUB";"";"Переводы";"";"Перевод собственных средств на счет. НДС не облагается.";"0,00";"0,00";"17638,81"
"17.11.2025 18:51:46";"17.11.2025";"";"OK";"-1586,00";"RUB";"-1586,00";"RUB";"";"Маркетплейсы";"5399";"Ozon.ru";"0,00";"0,00";"-1586,00"
"17.11.2025 14:31:49";"17.11.2025";"";"OK";"-360,00";"RUB";"-360,00";"RUB";"";"Фастфуд";"5814";"Хинкали&Cо_E_QR";"0,00";"0,00";"-360,00"
"17.11.2025 12:26:09";"17.11.2025";"*4531";"OK";"-3000,00";"RUB";"-3000,00";"RUB";"";"Наличные";"6011";"Снятие в банкомате Т-Банк";"0,00";"0,00";"-3000,00"
"17.11.2025 12:25:02";"17.11.2025";"*4531";"OK";"3000,00";"RUB";"3000,00";"RUB";"";"Переводы";"";"Перевод собственных средств на счет. НДС не облагается.";"0,00";"0,00";"3000,00"
"17.11.2025 11:19:43";"17.11.2025";"";"OK";"-519,96";"RUB";"-519,96";"RUB";"";"Супермаркеты";"5411";"Перекрёсток";"0,00";"0,00";"-519,96"
"17.11.2025 08:57:28";"17.11.2025";"";"OK";"-239,00";"RUB";"-239,00";"RUB";"";"Супермаркеты";"5411";"Перекрёсток";"0,00";"0,00";"-239,00"
"17.11.2025 08:50:31";"17.11.2025";"";"OK";"-225,00";"RUB";"-225,00";"RUB";"";"Фастфуд";"5814";"Вкусно — и точка";"0,00";"0,00";"-225,00"
"16.11.2025 19:41:18";"16.11.2025";"";"OK";"-760,00";"RUB";"-760,00";"RUB";"";"Маркетплейсы";"5300";"Avito";"0,00";"0,00";"-760,00"
"16.11.2025 19:37:41";"16.11.2025";"*4531";"OK";"-13000,00";"RUB";"-13000,00";"RUB";"";"Переводы";"";"Дмитрий В.";"0,00";"0,00";"-13000,00"
"16.11.2025 19:35:56";"16.11.2025";"*4531";"OK";"13000,00";"RUB";"13000,00";"RUB";"";"Переводы";"";"Екатерина С.";"0,00";"0,00";"13000,00"
"16.11.2025 16:19:28";"16.11.2025";"";"OK";"-281,00";"RUB";"-281,00";"RUB";"";"Фастфуд";"5814";"Вкусно — и точка";"0,00";"0,00";"-281,00"
"16.11.2025 14:54:46";"16.11.2025";"";"OK";"-570,66";"RUB";"-570,66";"RUB";"";"Фастфуд";"5814";"Братья Караваевы";"0,00";"0,00";"-570,66"
"16.11.2025 00:06:38";"16.11.2025";"";"OK";"-1080,00";"RUB";"-1080,00";"RUB";"";"Связь";"4814";"t2";"0,00";"0,00";"-1080,00"
"15.11.2025 18:50:58";"15.11.2025";"";"OK";"-3638,53";"RUB";"-3638,53";"RUB";"";"Супермаркеты";"5411";"Лента";"0,00";"0,00";"-3638,53"
"15.11.2025 16:45:33";"15.11.2025";"*4531";"OK";"-39330,00";"RUB";"-39330,00";"RUB";"";"Переводы";"";"Дмитрий В.";"0,00";"0,00";"-39330,00"
"15.11.2025 16:44:39";"15.11.2025";"*4531";"OK";"20000,00";"RUB";"20000,00";"RUB";"";"Переводы";"";"Перевод собственных средств на счет. НДС не облагается.";"0,00";"0,00";"20000,00"
"15.11.2025 16:43:47";"15.11.2025";"*4531";"OK";"-34000,00";"RUB";"-34000,00";"RUB";"";"Переводы";"";"Александра Т.";"0,00";"0,00";"-34000,00"
"15.11.2025 16:43:08";"15.11.2025";"*4531";"OK";"-22000,00";"RUB";"-22000,00";"RUB";"";"Переводы";"";"Светлана Б.";"0,00";"0,00";"-22000,00"
"15.11.2025 16:29:53";"15.11.2025";"*4531";"OK";"-2000,00";"RUB";"-2000,00";"RUB";"";"Переводы";"";"Александра К.";"0,00";"0,00";"-2000,00"
"15.11.2025 16:27:56";"15.11.2025";"*4531";"OK";"-10000,00";"RUB";"-10000,00";"RUB";"";"Переводы";"";"София Е.";"0,00";"0,00";"-10000,00"
"15.11.2025 16:27:09";"15.11.2025";"*4531";"OK";"-32000,00";"RUB";"-32000,00";"RUB";"";"Переводы";"";"Екатерина С.";"0,00";"0,00";"-32000,00"
"15.11.2025 16:26:02";"15.11.2025";"*4531";"OK";"115000,00";"RUB";"115000,00";"RUB";"";"Переводы";"";"Перевод собственных средств на счет. НДС не облагается.";"0,00";"0,00";"115000,00"
"14.11.2025 08:50:44";"14.11.2025";"*4531";"OK";"-500,00";"RUB";"-500,00";"RUB";"";"Ж/д билеты";"4111";"ЦППК";"0,00";"0,00";"-500,00"
"13.11.2025 12:53:01";"13.11.2025";"*4531";"OK";"-170,00";"RUB";"-170,00";"RUB";"";"Переводы";"";"Александра Т.";"0,00";"0,00";"-170,00"
"13.11.2025 12:51:56";"13.11.2025";"*4531";"OK";"5000,00";"RUB";"5000,00";"RUB";"";"Переводы";"";"Перевод собственных средств на счет. НДС не облагается.";"0,00";"0,00";"5000,00"
"13.11.2025 11:18:01";"13.11.2025";"*4531";"OK";"-13579,06";"RUB";"-13579,06";"RUB";"";"Переводы";"";"Дмитрий В.";"0,00";"0,00";"-13579,06"
"13.11.2025 11:17:15";"13.11.2025";"*4531";"OK";"13579,06";"RUB";"13579,06";"RUB";"";"Переводы";"";"Перевод собственных средств на счет. НДС не облагается.";"0,00";"0,00";"13579,06"
"12.11.2025 13:21:14";"12.11.2025";"";"OK";"-139,99";"RUB";"-139,99";"RUB";"";"Супермаркеты";"5411";"Перекрёсток";"0,00";"0,00";"-139,99"
"12.11.2025 13:12:42";"12.11.2025";"";"OK";"-303,00";"RUB";"-303,00";"RUB";"";"Фастфуд";"5814";"Вкусно — и точка";"0,00";"0,00";"-303,00"
"12.11.2025 13:05:29";"12.11.2025";"";"OK";"-299,97";"RUB";"-299,97";"RUB";"";"Супермаркеты";"5411";"Перекрёсток";"0,00";"0,00";"-299,97"
"11.11.2025 20:00:54";"11.11.2025";"*4531";"OK";"-2000,00";"RUB";"-2000,00";"RUB";"";"Переводы";"";"Александра К.";"0,00";"0,00";"-2000,00"
"11.11.2025 19:46:46";"11.11.2025";"*4531";"OK";"2000,00";"RUB";"2000,00";"RUB";"";"Переводы";"";"Перевод собственных средств на счет. НДС не облагается.";"0,00";"0,00";"2000,00"
"10.11.2025 21:31:13";"10.11.2025";"";"OK";"-1977,00";"RUB";"-1977,00";"RUB";"";"Маркетплейсы";"5300";"Avito";"0,00";"0,00";"-1977,00"
"10.11.2025 19:07:17";"10.11.2025";"*4531";"OK";"-15250,00";"RUB";"-15250,00";"RUB";"";"Переводы";"";"Юлия И.";"0,00";"0,00";"-15250,00"
"10.11.2025 19:06:10";"10.11.2025";"*4531";"OK";"15250,00";"RUB";"15250,00";"RUB";"";"Переводы";"";"Перевод собственных средств на счет. НДС не облагается.";"0,00";"0,00";"15250,00"
"10.11.2025 17:00:47";"10.11.2025";"";"OK";"-87000,00";"RUB";"-87000,00";"RUB";"";"Супермаркеты";"5300";"Яндекс Сервисы";"0,00";"0,00";"-87000,00"
"10.11.2025 16:11:03";"10.11.2025";"*4531";"OK";"-13000,00";"RUB";"-13000,00";"RUB";"";"Переводы";"";"Фарида К.";"0,00";"0,00";"-13000,00"
"10.11.2025 16:10:05";"10.11.2025";"*4531";"OK";"13000,00";"RUB";"13000,00";"RUB";"";"Переводы";"";"Перевод собственных средств на счет. НДС не облагается.";"0,00";"0,00";"13000,00"
"09.11.2025 17:47:20";"09.11.2025";"*4531";"OK";"-7030,00";"RUB";"-7030,00";"RUB";"";"Переводы";"";"Дмитрий В.";"0,00";"0,00";"-7030,00"
"09.11.2025 17:46:44";"09.11.2025";"*4531";"OK";"-3000,00";"RUB";"-3000,00";"RUB";"";"Переводы";"";"Александра К.";"0,00";"0,00";"-3000,00"
"09.11.2025 17:44:52";"09.11.2025";"*4531";"OK";"10000,00";"RUB";"10000,00";"RUB";"";"Переводы";"";"Перевод собственных средств на счет. НДС не облагается.";"0,00";"0,00";"10000,00"
"09.11.2025 10:10:31";"09.11.2025";"*4531";"OK";"-5050,55";"RUB";"-5050,55";"RUB";"";"Переводы";"";"Дмитрий В.";"0,00";"0,00";"-5050,55"
"09.11.2025 10:09:42";"09.11.2025";"*4531";"OK";"5080,55";"RUB";"5080,55";"RUB";"";"Переводы";"";"Перевод собственных средств на счет. НДС не облагается.";"0,00";"0,00";"5080,55"
"07.11.2025 14:00:52";"07.11.2025";"*4531";"OK";"-13000,00";"RUB";"-13000,00";"RUB";"";"Переводы";"";"Евгений К.";"0,00";"0,00";"-13000,00"
"07.11.2025 13:59:57";"07.11.2025";"*4531";"OK";"13000,00";"RUB";"13000,00";"RUB";"";"Переводы";"";"Перевод собственных средств на счет. НДС не облагается.";"0,00";"0,00";"13000,00"
"06.11.2025 09:03:12";"06.11.2025";"*4531";"OK";"-4313,94";"RUB";"-4313,94";"RUB";"";"Переводы";"";"Дмитрий В.";"0,00";"0,00";"-4313,94"
"06.11.2025 09:02:12";"06.11.2025";"*4531";"OK";"4313,94";"RUB";"4313,94";"RUB";"";"Переводы";"";"Перевод собственных средств на счет. НДС не облагается.";"0,00";"0,00";"4313,94"
"06.11.2025 09:01:37";"06.11.2025";"*4531";"OK";"-701,30";"RUB";"-701,30";"RUB";"";"Переводы";"";"Дмитрий В.";"0,00";"0,00";"-701,30"
"05.11.2025 16:14:42";"05.11.2025";"*4531";"OK";"-99,00";"RUB";"-99,00";"RUB";"";"Переводы";"";"Екатерина С.";"0,00";"0,00";"-99,00"
"04.11.2025 15:41:14";"04.11.2025";"*4531";"OK";"-1500,00";"RUB";"-1500,00";"RUB";"";"Переводы";"";"Ярослава О.";"0,00";"0,00";"-1500,00"
"03.11.2025 10:11:20";"03.11.2025";"*4531";"OK";"-350,00";"RUB";"-350,00";"RUB";"";"Подарки и творчество";"5947";"Сувенирная лавка";"0,00";"0,00";"-350,00"
"03.11.2025 09:40:17";"03.11.2025";"*4531";"OK";"2650,30";"RUB";"2650,30";"RUB";"";"Переводы";"";"Перевод собственных средств на счет. НДС не облагается.";"0,00";"0,00";"2650,30"
"02.11.2025 07:06:18";"02.11.2025";"*4531";"OK";"-12650,30";"RUB";"-12650,30";"RUB";"";"Переводы";"";"Дмитрий В.";"0,00";"0,00";"-12650,30"
"02.11.2025 07:05:14";"02.11.2025";"*4531";"OK";"12650,30";"RUB";"12650,30";"RUB";"";"Переводы";"";"Перевод собственных средств на счет. НДС не облагается.";"0,00";"0,00";"12650,30"
"01.11.2025 18:38:09";"01.11.2025";"*4531";"OK";"-5795,89";"RUB";"-5795,89";"RUB";"";"Переводы";"";"Дмитрий В.";"0,00";"0,00";"-5795,89"
"01.11.2025 18:37:34";"01.11.2025";"*4531";"OK";"3663,32";"RUB";"3663,32";"RUB";"";"Переводы";"";"Перевод собственных средств на счет. НДС не облагается.";"0,00";"0,00";"3663,32"
"01.11.2025 17:21:22";"01.11.2025";"*4531";"OK";"-26498,00";"RUB";"-26498,00";"RUB";"";"Переводы";"";"Александра Т.";"0,00";"0,00";"-26498,00"
"01.11.2025 17:20:26";"01.11.2025";"*4531";"OK";"-42855,00";"RUB";"-42855,00";"RUB";"";"Переводы";"";"Светлана Б.";"0,00";"0,00";"-42855,00"
"01.11.2025 17:19:22";"01.11.2025";"*4531";"OK";"-24456,00";"RUB";"-24456,00";"RUB";"";"Переводы";"";"София Е.";"0,00";"0,00";"-24456,00"
"01.11.2025 16:42:36";"01.11.2025";"*4531";"OK";"-4000,00";"RUB";"-4000,00";"RUB";"";"Переводы";"";"Александр Б.";"0,00";"0,00";"-4000,00"
"01.11.2025 15:21:37";"01.11.2025";"*4531";"OK";"-299,00";"RUB";"-299,00";"RUB";"";"Другое";"";"Подписка Pro";"0,00";"0,00";"-299,00"
"01.11.2025 15:13:48";"01.11.2025";"*4531";"OK";"90000,00";"RUB";"90000,00";"RUB";"";"Переводы";"";"Перевод собственных средств на счет. НДС не облагается.";"0,00";"0,00";"90000,00"
"01.11.2025 12:23:49";"01.11.2025";"*4531";"OK";"-10000,00";"RUB";"-10000,00";"RUB";"";"Переводы";"";"Дмитрий В.";"0,00";"0,00";"-10000,00"
"30.10.2025 18:15:30";"30.10.2025";"*4531";"OK";"20000,00";"RUB";"20000,00";"RUB";"";"Переводы";"";"Перевод собственных средств на счет. НДС не облагается.";"0,00";"0,00";"20000,00"
"30.10.2025 11:27:16";"30.10.2025";"*4531";"OK";"-12000,00";"RUB";"-12000,00";"RUB";"";"Переводы";"";"Дмитрий В.";"0,00";"0,00";"-12000,00"
"30.10.2025 11:26:32";"30.10.2025";"*4531";"OK";"11930,57";"RUB";"11930,57";"RUB";"";"Переводы";"";"Перевод собственных средств на счет. НДС не облагается.";"0,00";"0,00";"11930,57"
"30.10.2025 10:27:41";"30.10.2025";"*4531";"OK";"-5500,00";"RUB";"-5500,00";"RUB";"";"Наличные";"6011";"Снятие в банкомате Т-Банк";"0,00";"0,00";"-5500,00"
"30.10.2025 09:48:32";"30.10.2025";"*4531";"OK";"-2490,00";"RUB";"-2490,00";"RUB";"";"Кредиты";"9999";"Досрочное погашение";"0,00";"0,00";"-2490,00"
"30.10.2025 09:48:07";"";"*4531";"FAILED";"-2490,00";"RUB";"-2490,00";"RUB";"";"Переводы";"";"Между своими счетами";"0,00";"0,00";"-2490,00"
"30.10.2025 09:47:52";"";"";"FAILED";"-2490,00";"RUB";"-2490,00";"RUB";"";"Переводы";"";"Между своими счетами";"0,00";"0,00";"-2490,00"
"30.10.2025 09:47:33";"";"*4531";"FAILED";"-2490,00";"RUB";"-2490,00";"RUB";"";"Переводы";"";"Между своими счетами";"0,00";"0,00";"-2490,00"
"30.10.2025 09:47:11";"";"*4531";"FAILED";"-2490,00";"RUB";"-2490,00";"RUB";"";"Переводы";"";"Между своими счетами";"0,00";"0,00";"-2490,00"
"30.10.2025 09:47:06";"";"*4531";"FAILED";"-2490,00";"RUB";"-2490,00";"RUB";"";"Переводы";"";"Между своими счетами";"0,00";"0,00";"-2490,00"
"29.10.2025 15:49:00";"29.10.2025";"*4531";"OK";"-1000,00";"RUB";"-1000,00";"RUB";"";"Переводы";"";"Артур А.";"0,00";"0,00";"-1000,00"
"29.10.2025 14:38:54";"29.10.2025";"*4531";"OK";"-390,00";"RUB";"-390,00";"RUB";"";"Рестораны";"5814";"Оджах";"0,00";"0,00";"-390,00"
"29.10.2025 14:27:55";"29.10.2025";"*4531";"OK";"-310,00";"RUB";"-310,00";"RUB";"";"Рестораны";"5814";"Оджах";"0,00";"0,00";"-310,00"
"29.10.2025 12:18:54";"29.10.2025";"*4531";"OK";"-3152,06";"RUB";"-3152,06";"RUB";"";"Переводы";"";"Дмитрий В.";"0,00";"0,00";"-3152,06"
"28.10.2025 20:55:01";"28.10.2025";"*4531";"OK";"-5000,00";"RUB";"-5000,00";"RUB";"";"Переводы";"";"Юлия С.";"0,00";"0,00";"-5000,00"
"27.10.2025 08:37:12";"27.10.2025";"*4531";"OK";"-547,94";"RUB";"-547,94";"RUB";"";"Супермаркеты";"5411";"Магнит";"0,00";"0,00";"-547,94"
"26.10.2025 12:03:56";"26.10.2025";"*4531";"OK";"-300,00";"RUB";"-300,00";"RUB";"";"Фастфуд";"5814";"История на ладони";"0,00";"0,00";"-300,00"
"25.10.2025 12:26:16";"25.10.2025";"*4531";"OK";"-1000,00";"RUB";"-1000,00";"RUB";"";"Переводы";"";"Александр Б.";"0,00";"0,00";"-1000,00"
"24.10.2025 11:02:35";"24.10.2025";"*4531";"OK";"-9852,72";"RUB";"-9852,72";"RUB";"";"Переводы";"";"Дмитрий В.";"0,00";"0,00";"-9852,72"
"23.10.2025 20:01:22";"23.10.2025";"*4531";"OK";"-3222,00";"RUB";"-3222,00";"RUB";"";"Рестораны";"5812";"OOO Lakomstvo";"0,00";"0,00";"-3222,00"
"23.10.2025 15:36:02";"23.10.2025";"*4531";"OK";"-394,00";"RUB";"-394,00";"RUB";"";"Фастфуд";"5814";"Вкусно — и точка";"0,00";"0,00";"-394,00"
"23.10.2025 09:15:27";"23.10.2025";"*6731";"OK";"4811,44";"RUB";"4811,44";"RUB";"";"Переводы";"";"Между своими счетами";"0,00";"0,00";"4811,44"
"23.10.2025 09:15:27";"23.10.2025";"*4531";"OK";"-4811,44";"RUB";"-4811,44";"RUB";"";"Переводы";"";"Между своими счетами";"0,00";"0,00";"-4811,44"
"23.10.2025 09:14:48";"23.10.2025";"";"OK";"-414,97";"RUB";"-414,97";"RUB";"";"Супермаркеты";"5411";"Магнит";"0,00";"0,00";"-414,97"
"22.10.2025 20:28:11";"22.10.2025";"*4531";"OK";"-1199,98";"RUB";"-1199,98";"RUB";"";"Супермаркеты";"5921";"Ароматный мир";"0,00";"0,00";"-1199,98"
"22.10.2025 17:51:01";"22.10.2025";"";"OK";"-7699,00";"RUB";"-7699,00";"RUB";"";"Маркетплейсы";"5300";"Avito";"0,00";"0,00";"-7699,00"
"22.10.2025 14:55:39";"22.10.2025";"";"OK";"-209,00";"RUB";"-209,00";"RUB";"";"Супермаркеты";"5411";"Перекрёсток";"2,00";"0,00";"-209,00"
"22.10.2025 14:43:18";"22.10.2025";"";"OK";"-512,00";"RUB";"-512,00";"RUB";"";"Фастфуд";"5814";"Вкусно — и точка";"5,00";"0,00";"-512,00"
"22.10.2025 12:29:34";"22.10.2025";"*4531";"OK";"-960,00";"RUB";"-960,00";"RUB";"";"Красота";"7230";"Kult Barbershop";"0,00";"0,00";"-960,00"
"22.10.2025 11:40:14";"22.10.2025";"*4531";"OK";"-3500,00";"RUB";"-3500,00";"RUB";"";"Наличные";"6011";"Снятие в банкомате Т-Банк";"0,00";"0,00";"-3500,00"
"22.10.2025 09:56:12";"22.10.2025";"*3941";"OK";"3651,00";"RUB";"3651,00";"RUB";"";"Маркетплейсы";"5300";"WILDBERRIES";"-36,00";"0,00";"3651,00"
"22.10.2025 00:00:00";"";"";"OK";"-12527,82";"RUB";"-12527,82";"RUB";"";"Услуги банка";"";"Плата по кредитке";"0,00";"0,00";"-12527,82"
"22.10.2025 00:00:00";"";"";"OK";"0,00";"RUB";"0,00";"RUB";"";"Бонусы";"";"Зачисление кэшбэка";"0,00";"0,00";"0,00"
"21.10.2025 19:04:26";"21.10.2025";"*4531";"OK";"-1294,90";"RUB";"-1294,90";"RUB";"";"Супермаркеты";"5411";"Лента";"0,00";"0,00";"-1294,90"
"21.10.2025 17:52:58";"21.10.2025";"*4531";"OK";"-330,00";"RUB";"-330,00";"RUB";"";"Фастфуд";"5814";"Даблби";"0,00";"0,00";"-330,00"
"21.10.2025 17:43:35";"21.10.2025";"";"OK";"-500,00";"RUB";"-500,00";"RUB";"";"Фастфуд";"5814";"Новодевичий_P_QR";"0,00";"0,00";"-500,00"
"21.10.2025 16:32:49";"21.10.2025";"*4531";"OK";"-900,00";"RUB";"-900,00";"RUB";"";"Развлечения";"7991";"Mosbilet.ru";"0,00";"0,00";"-900,00"
"20.10.2025 18:19:20";"20.10.2025";"*6731";"OK";"9773,00";"RUB";"9773,00";"RUB";"";"Переводы";"";"Между своими счетами";"0,00";"0,00";"9773,00"
"20.10.2025 18:19:19";"20.10.2025";"*4531";"OK";"-9773,00";"RUB";"-9773,00";"RUB";"";"Переводы";"";"Между своими счетами";"0,00";"0,00";"-9773,00"
"20.10.2025 18:14:55";"20.10.2025";"*4531";"OK";"56387,50";"RUB";"56387,50";"RUB";"";"Переводы";"";"Перевод собственных средств на счет. НДС не облагается.";"0,00";"0,00";"56387,50"
"19.10.2025 17:24:55";"19.10.2025";"*4531";"OK";"-170,00";"RUB";"-170,00";"RUB";"";"Переводы";"";"Екатерина С.";"0,00";"0,00";"-170,00"
"19.10.2025 01:47:05";"19.10.2025";"*3941";"OK";"-9773,00";"RUB";"-9773,00";"RUB";"";"Связь";"4814";"Рег.ру";"0,00";"0,00";"-9773,00"
"18.10.2025 10:22:51";"18.10.2025";"*3941";"OK";"12064,49";"RUB";"12064,49";"RUB";"";"Переводы";"";"Между своими счетами";"0,00";"0,00";"12064,49"
"18.10.2025 10:22:50";"18.10.2025";"*4531";"OK";"-12064,49";"RUB";"-12064,49";"RUB";"";"Переводы";"";"Между своими счетами";"0,00";"0,00";"-12064,49"
"18.10.2025 10:22:20";"18.10.2025";"*4531";"OK";"13000,00";"RUB";"13000,00";"RUB";"";"Переводы";"";"Перевод собственных средств на счет. НДС не облагается.";"0,00";"0,00";"13000,00"
"18.10.2025 10:11:20";"18.10.2025";"*4531";"OK";"-68000,00";"RUB";"-68000,00";"RUB";"";"Переводы";"";"Дмитрий В.";"0,00";"0,00";"-68000,00"
"18.10.2025 10:11:09";"";"*4531";"FAILED";"-68000,00";"RUB";"-68000,00";"RUB";"";"Переводы";"";"Дмитрий В.";"0,00";"0,00";"-68000,00"
"18.10.2025 10:08:31";"18.10.2025";"*4531";"OK";"68000,00";"RUB";"68000,00";"RUB";"";"Переводы";"";"Перевод собственных средств на счет. НДС не облагается.";"0,00";"0,00";"68000,00"
"18.10.2025 10:05:14";"18.10.2025";"*3941";"OK";"325000,00";"RUB";"325000,00";"RUB";"";"Переводы";"";"Перевод собственных средств на счет. НДС не облагается.";"0,00";"0,00";"325000,00"
"18.10.2025 02:32:02";"";"*3941";"FAILED";"-9773,00";"RUB";"-9773,00";"RUB";"";"Связь";"";"Покупка по QR";"0,00";"0,00";"-9773,00"
"17.10.2025 14:33:00";"17.10.2025";"*3941";"OK";"-657,00";"RUB";"-657,00";"RUB";"";"Супермаркеты";"3990";"Яндекс Лавка";"6,00";"0,00";"-657,00"
"17.10.2025 10:39:27";"17.10.2025";"*3941";"OK";"200,00";"RUB";"200,00";"RUB";"";"Бонусы";"";"Компенсация покупки";"0,00";"0,00";"200,00"
"17.10.2025 10:39:21";"17.10.2025";"*3941";"OK";"800,00";"RUB";"800,00";"RUB";"";"Бонусы";"";"Компенсация покупки";"0,00";"0,00";"800,00"
"17.10.2025 10:35:30";"17.10.2025";"*4531";"OK";"-7298,25";"RUB";"-7298,25";"RUB";"";"Переводы";"";"Дмитрий В.";"0,00";"0,00";"-7298,25"
"17.10.2025 10:34:54";"17.10.2025";"*4531";"OK";"7298,25";"RUB";"7298,25";"RUB";"";"Переводы";"";"Перевод собственных средств на счет. НДС не облагается.";"0,00";"0,00";"7298,25"
"16.10.2025 19:58:27";"16.10.2025";"*4531";"OK";"-12877,42";"RUB";"-12877,42";"RUB";"";"Переводы";"";"Дмитрий В.";"0,00";"0,00";"-12877,42"
"16.10.2025 19:57:56";"16.10.2025";"*4531";"OK";"12000,00";"RUB";"12000,00";"RUB";"";"Переводы";"";"Перевод собственных средств на счет. НДС не облагается.";"0,00";"0,00";"12000,00"
"16.10.2025 19:34:57";"16.10.2025";"*3941";"OK";"-800,00";"RUB";"-800,00";"RUB";"";"Мобильная связь";"";"Мой телефон +7 926 930-84-84";"0,00";"0,00";"-800,00"
"16.10.2025 17:44:17";"16.10.2025";"*3941";"OK";"-2640,00";"RUB";"-2640,00";"RUB";"";"Фото и копицентры";"7395";"Копирка";"0,00";"0,00";"-2640,00"
"16.10.2025 17:43:39";"16.10.2025";"*3941";"OK";"3418,25";"RUB";"3418,25";"RUB";"";"Переводы";"";"Перевод собственных средств на счет. НДС не облагается.";"0,00";"0,00";"3418,25"
"16.10.2025 15:13:53";"16.10.2025";"*3941";"OK";"-830,00";"RUB";"-830,00";"RUB";"";"Фастфуд";"5814";"FARSH Ф-5_P_QR";"8,00";"0,00";"-830,00"
"16.10.2025 14:55:17";"16.10.2025";"*3941";"OK";"-71,00";"RUB";"-71,00";"RUB";"";"Развлечения";"3990";"Самокаты - Яндекс Go";"0,00";"0,00";"-71,00"
"16.10.2025 14:28:12";"16.10.2025";"*4531";"OK";"-2800,00";"RUB";"-2800,00";"RUB";"";"Переводы";"";"Вячеслав В.";"0,00";"0,00";"-2800,00"
"16.10.2025 14:27:14";"16.10.2025";"*4531";"OK";"3597,42";"RUB";"3597,42";"RUB";"";"Переводы";"";"Перевод собственных средств на счет. НДС не облагается.";"0,00";"0,00";"3597,42"
"16.10.2025 08:29:09";"16.10.2025";"*3941";"OK";"-168,99";"RUB";"-168,99";"RUB";"";"Супермаркеты";"5411";"Магнит";"0,00";"0,00";"-168,99"
"15.10.2025 18:50:42";"15.10.2025";"*3941";"OK";"-339,98";"RUB";"-339,98";"RUB";"";"Супермаркеты";"5411";"Магнит";"0,00";"0,00";"-339,98"
"15.10.2025 18:13:05";"15.10.2025";"*4531";"OK";"-30000,00";"RUB";"-30000,00";"RUB";"";"Переводы";"";"Светлана Б.";"0,00";"0,00";"-30000,00"
"15.10.2025 18:11:27";"15.10.2025";"*4531";"OK";"8860,00";"RUB";"8860,00";"RUB";"";"Переводы";"";"Перевод собственных средств на счет. НДС не облагается.";"0,00";"0,00";"8860,00"
"15.10.2025 18:09:38";"15.10.2025";"*4531";"OK";"-19000,00";"RUB";"-19000,00";"RUB";"";"Переводы";"";"Юлия И.";"0,00";"0,00";"-19000,00"
"15.10.2025 17:56:29";"15.10.2025";"*4531";"OK";"-20000,00";"RUB";"-20000,00";"RUB";"";"Переводы";"";"София Е.";"0,00";"0,00";"-20000,00"
"15.10.2025 17:55:31";"15.10.2025";"*4531";"OK";"-27100,00";"RUB";"-27100,00";"RUB";"";"Переводы";"";"Александра Т.";"0,00";"0,00";"-27100,00"
"15.10.2025 17:28:54";"15.10.2025";"*3941";"OK";"-105,99";"RUB";"-105,99";"RUB";"";"Супермаркеты";"5411";"Магнит";"0,00";"0,00";"-105,99"
"15.10.2025 16:20:38";"15.10.2025";"*4531";"OK";"-500,00";"RUB";"-500,00";"RUB";"";"Местный транспорт";"4111";"Московский метрополитен";"0,00";"0,00";"-500,00"
"15.10.2025 15:22:42";"15.10.2025";"*3941";"OK";"-290,00";"RUB";"-290,00";"RUB";"";"Фастфуд";"5814";"Wolk Street Coffee_P_QR";"2,00";"0,00";"-290,00"
"15.10.2025 14:08:39";"15.10.2025";"*3941";"OK";"-710,00";"RUB";"-710,00";"RUB";"";"Фастфуд";"5814";"Снек фуд_P_QR";"7,00";"0,00";"-710,00"
"15.10.2025 08:20:43";"15.10.2025";"*3941";"OK";"-899,98";"RUB";"-899,98";"RUB";"";"Супермаркеты";"5411";"Лента";"0,00";"0,00";"-899,98"
"14.10.2025 18:23:49";"14.10.2025";"*4531";"OK";"-680,00";"RUB";"-680,00";"RUB";"";"Рестораны";"5812";"Mimi-Khamovniki";"0,00";"0,00";"-680,00"
"14.10.2025 08:30:25";"14.10.2025";"*3941";"OK";"-295,00";"RUB";"-295,00";"RUB";"";"Фастфуд";"5814";"Дринкит";"0,00";"0,00";"-295,00"
"13.10.2025 18:27:43";"13.10.2025";"*3941";"OK";"-180,00";"RUB";"-180,00";"RUB";"";"Фастфуд";"5814";"кофейня._P_QR";"1,00";"0,00";"-180,00"
"13.10.2025 18:19:02";"13.10.2025";"*3941";"OK";"-640,00";"RUB";"-640,00";"RUB";"";"Фастфуд";"5814";"Шаурма";"6,00";"0,00";"-640,00"
"13.10.2025 17:12:48";"13.10.2025";"*4531";"OK";"-1500,00";"RUB";"-1500,00";"RUB";"";"Переводы";"";"Юлия И.";"0,00";"0,00";"-1500,00"
"13.10.2025 16:35:10";"13.10.2025";"*4531";"OK";"50435,00";"RUB";"50435,00";"RUB";"";"Переводы";"";"Перевод собственных средств на счет. НДС не облагается.";"0,00";"0,00";"50435,00"
"13.10.2025 13:14:02";"13.10.2025";"*3941";"OK";"-1005,00";"RUB";"-1005,00";"RUB";"";"Маркетплейсы";"5300";"WILDBERRIES";"10,00";"0,00";"-1005,00"
"13.10.2025 08:31:04";"13.10.2025";"*3941";"OK";"-459,98";"RUB";"-459,98";"RUB";"";"Супермаркеты";"5411";"Магнит";"0,00";"0,00";"-459,98"
"12.10.2025 21:25:02";"12.10.2025";"*4531";"OK";"-4000,00";"RUB";"-4000,00";"RUB";"";"Переводы";"";"Екатерина С.";"0,00";"0,00";"-4000,00"
"12.10.2025 19:34:47";"12.10.2025";"*3941";"OK";"-1649,90";"RUB";"-1649,90";"RUB";"";"Супермаркеты";"5411";"ВкусВилл";"0,00";"0,00";"-1649,90"
"12.10.2025 12:00:22";"12.10.2025";"*4531";"OK";"-70,00";"RUB";"-70,00";"RUB";"";"Переводы";"";"Артём К.";"0,00";"0,00";"-70,00"
"12.10.2025 11:07:54";"12.10.2025";"*3941";"OK";"-399,00";"RUB";"-399,00";"RUB";"";"Экосистема Яндекс";"3990";"Яндекс Плюс";"3,00";"0,00";"-399,00"
"12.10.2025 09:12:52";"12.10.2025";"*3941";"OK";"-280,00";"RUB";"-280,00";"RUB";"";"Фастфуд";"5814";"OD Лужники -03_P_QR";"2,00";"0,00";"-280,00"
"12.10.2025 06:08:16";"12.10.2025";"*3941";"OK";"-1,00";"RUB";"-1,00";"RUB";"";"Цифровые товары";"5815";"delib.ru";"0,00";"0,00";"-1,00"
"11.10.2025 21:24:04";"11.10.2025";"*4531";"OK";"-4000,00";"RUB";"-4000,00";"RUB";"";"Переводы";"";"Екатерина С.";"0,00";"0,00";"-4000,00"
"11.10.2025 15:50:19";"11.10.2025";"*3941";"OK";"-4120,00";"RUB";"-4120,00";"RUB";"";"Фастфуд";"5814";"ООО ""ЛИСАИКО""";"0,00";"0,00";"-4120,00"
"11.10.2025 12:49:50";"11.10.2025";"*3941";"OK";"-850,00";"RUB";"-850,00";"RUB";"";"Фастфуд";"5814";"Фастфуд";"8,00";"0,00";"-850,00"
"11.10.2025 12:24:38";"11.10.2025";"*4531";"OK";"-365,00";"RUB";"-365,00";"RUB";"";"Переводы";"";"Дмитрий Н.";"0,00";"0,00";"-365,00"
"11.10.2025 10:52:24";"11.10.2025";"*3941";"OK";"-295,00";"RUB";"-295,00";"RUB";"";"Фастфуд";"5814";"Дринкит";"0,00";"0,00";"-295,00"
"11.10.2025 10:41:30";"11.10.2025";"*3941";"OK";"-439,00";"RUB";"-439,00";"RUB";"";"Фастфуд";"5814";"Stardogs";"4,00";"0,00";"-439,00"
"10.10.2025 18:05:15";"10.10.2025";"*4531";"OK";"15061,50";"RUB";"15061,50";"RUB";"";"Переводы";"";"Перевод собственных средств на счет. НДС не облагается.";"0,00";"0,00";"15061,50"
"10.10.2025 18:03:14";"10.10.2025";"*4531";"OK";"-13000,00";"RUB";"-13000,00";"RUB";"";"Переводы";"";"Фарида К.";"0,00";"0,00";"-13000,00"
"10.10.2025 17:33:55";"10.10.2025";"*3941";"OK";"-1640,00";"RUB";"-1640,00";"RUB";"";"Фастфуд";"5814";"Общепит_P_QR";"16,00";"0,00";"-1640,00"
"10.10.2025 15:11:12";"10.10.2025";"*3941";"OK";"-295,00";"RUB";"-295,00";"RUB";"";"Фастфуд";"5814";"Дринкит";"0,00";"0,00";"-295,00"
"09.10.2025 18:24:29";"09.10.2025";"";"OK";"38,50";"RUB";"38,50";"RUB";"";"Пополнения";"";"Выплата кэшбэка при оплате через СБП АО НСПК_В2С";"0,00";"0,00";"38,50"
"09.10.2025 18:24:22";"09.10.2025";"*3941";"OK";"-3850,00";"RUB";"-3850,00";"RUB";"";"Госуслуги";"9313";"Портал госуслуг Москвы MOS.RU";"0,00";"0,00";"-3850,00"
"09.10.2025 16:10:21";"09.10.2025";"*3941";"OK";"-806,00";"RUB";"-806,00";"RUB";"";"Маркетплейсы";"5300";"WILDBERRIES";"8,00";"0,00";"-806,00"
"09.10.2025 14:13:40";"09.10.2025";"*3941";"OK";"-139,99";"RUB";"-139,99";"RUB";"";"Супермаркеты";"5411";"Перекрёсток";"0,00";"0,00";"-139,99"
"09.10.2025 08:57:20";"09.10.2025";"*4531";"OK";"11409,63";"RUB";"11409,63";"RUB";"";"Переводы";"";"Перевод собственных средств на счет. НДС не облагается.";"0,00";"0,00";"11409,63"
"09.10.2025 08:47:47";"09.10.2025";"*3941";"OK";"-479,94";"RUB";"-479,94";"RUB";"";"Супермаркеты";"5411";"Лента";"4,00";"0,00";"-479,94"
"08.10.2025 19:24:31";"08.10.2025";"*3941";"OK";"-322,97";"RUB";"-322,97";"RUB";"";"Супермаркеты";"5411";"Магнит";"0,00";"0,00";"-322,97"
"08.10.2025 16:41:16";"08.10.2025";"*3941";"OK";"-655,94";"RUB";"-655,94";"RUB";"";"Супермаркеты";"5411";"Перекрёсток";"0,00";"0,00";"-655,94"
"08.10.2025 15:50:33";"10.10.2025";"*4531";"OK";"-509,63";"RUB";"-509,63";"RUB";"";"Супермаркеты";"4215";"Пятёрочка";"0,00";"0,00";"-509,63"
"08.10.2025 15:13:01";"08.10.2025";"*3941";"OK";"-673,00";"RUB";"-673,00";"RUB";"";"Фастфуд";"5814";"Вкусно — и точка";"6,00";"0,00";"-673,00"
"08.10.2025 11:01:27";"08.10.2025";"*3941";"OK";"-377,00";"RUB";"-377,00";"RUB";"";"Супермаркеты";"5411";"Перекрёсток";"3,00";"0,00";"-377,00"
"08.10.2025 09:37:08";"08.10.2025";"*4531";"OK";"34910,00";"RUB";"34910,00";"RUB";"";"Переводы";"";"Перевод собственных средств на счет. НДС не облагается.";"0,00";"0,00";"34910,00"
"07.10.2025 20:41:22";"07.10.2025";"*3941";"OK";"471,00";"RUB";"471,00";"RUB";"";"Маркетплейсы";"5300";"WILDBERRIES";"-4,00";"0,00";"471,00"
"07.10.2025 16:54:04";"07.10.2025";"*3941";"OK";"-2109,91";"RUB";"-2109,91";"RUB";"";"Супермаркеты";"5411";"Магнит";"21,00";"0,00";"-2109,91"
"07.10.2025 16:36:12";"07.10.2025";"*3941";"OK";"-1329,00";"RUB";"-1329,00";"RUB";"";"Финансы";"6513";"ПВЗ на Ефремова д.18";"0,00";"0,00";"-1329,00"
"07.10.2025 16:15:32";"07.10.2025";"*4531";"OK";"-16000,00";"RUB";"-16000,00";"RUB";"";"Переводы";"";"Елизавета П.";"0,00";"0,00";"-16000,00"
"07.10.2025 15:46:36";"07.10.2025";"*4531";"OK";"16000,00";"RUB";"16000,00";"RUB";"";"Переводы";"";"Перевод собственных средств на счет. НДС не облагается.";"0,00";"0,00";"16000,00"
"07.10.2025 15:43:54";"07.10.2025";"*3941";"OK";"-610,00";"RUB";"-610,00";"RUB";"";"Фастфуд";"5814";"DIEMME  CAFFE_P_QR";"6,00";"0,00";"-610,00"
"07.10.2025 15:12:40";"07.10.2025";"*3941";"OK";"-540,00";"RUB";"-540,00";"RUB";"";"НКО";"8661";"ANDREEVSKIY MONASTIR";"0,00";"0,00";"-540,00"
"07.10.2025 08:50:45";"07.10.2025";"*3941";"OK";"-214,98";"RUB";"-214,98";"RUB";"";"Супермаркеты";"5411";"Магнит";"0,00";"0,00";"-214,98"
"06.10.2025 11:13:59";"06.10.2025";"*4531";"OK";"-210,00";"RUB";"-210,00";"RUB";"";"Переводы";"";"Мария П.";"0,00";"0,00";"-210,00"
"06.10.2025 11:12:54";"06.10.2025";"*4531";"OK";"300,00";"RUB";"300,00";"RUB";"";"Переводы";"";"Перевод собственных средств на счет. НДС не облагается.";"0,00";"0,00";"300,00"
"06.10.2025 10:57:57";"06.10.2025";"*3941";"OK";"-70,00";"RUB";"-70,00";"RUB";"";"НКО";"8661";"ANDREEVSKIY MONASTIR";"0,00";"0,00";"-70,00"
"05.10.2025 13:17:14";"05.10.2025";"*3941";"OK";"-500,00";"RUB";"-500,00";"RUB";"";"Образование";"8244";"https://expovr.ru";"0,00";"0,00";"-500,00"
"05.10.2025 11:48:04";"05.10.2025";"*3941";"OK";"-876,00";"RUB";"-876,00";"RUB";"";"Супермаркеты";"5411";"ВкусВилл";"0,00";"0,00";"-876,00"
"05.10.2025 07:25:21";"05.10.2025";"*3941";"OK";"-1474,00";"RUB";"-1474,00";"RUB";"";"Супермаркеты";"3990";"Яндекс Лавка";"14,00";"0,00";"-1474,00"
"04.10.2025 21:27:25";"04.10.2025";"*3941";"OK";"25249,00";"RUB";"25249,00";"RUB";"";"Различные товары";"5399";"OZON";"0,00";"0,00";"25249,00"
"04.10.2025 17:05:27";"04.10.2025";"*3941";"OK";"-3550,00";"RUB";"-3550,00";"RUB";"";"Маркетплейсы";"5300";"WILDBERRIES";"35,00";"0,00";"-3550,00"
"04.10.2025 17:05:04";"04.10.2025";"*3941";"OK";"-3651,00";"RUB";"-3651,00";"RUB";"";"Маркетплейсы";"5300";"WILDBERRIES";"36,00";"0,00";"-3651,00"
"04.10.2025 17:04:08";"04.10.2025";"*3941";"OK";"8898,72";"RUB";"8898,72";"RUB";"";"Переводы";"";"Перевод собственных средств на счет. НДС не облагается.";"0,00";"0,00";"8898,72"
"04.10.2025 11:30:40";"04.10.2025";"*3941";"OK";"-500,00";"RUB";"-500,00";"RUB";"";"Местный транспорт";"4111";"Московский метрополитен";"0,00";"0,00";"-500,00"
"04.10.2025 09:17:36";"04.10.2025";"*3941";"OK";"-577,00";"RUB";"-577,00";"RUB";"";"Такси";"3990";"Яндекс Такси";"5,00";"0,00";"-577,00"
"03.10.2025 16:19:24";"03.10.2025";"*3941";"OK";"219,26";"RUB";"219,26";"RUB";"";"Переводы";"";"Между своими счетами";"0,00";"0,00";"219,26"
"03.10.2025 16:19:23";"03.10.2025";"*4531";"OK";"-219,26";"RUB";"-219,26";"RUB";"";"Переводы";"";"Между своими счетами";"0,00";"0,00";"-219,26"
"03.10.2025 15:52:37";"03.10.2025";"*3941";"OK";"-25249,00";"RUB";"-25249,00";"RUB";"";"Маркетплейсы";"5399";"Ozon.ru";"0,00";"0,00";"-25249,00"
"03.10.2025 15:48:02";"03.10.2025";"*3941";"OK";"24897,54";"RUB";"24897,54";"RUB";"";"Переводы";"";"Перевод собственных средств на счет. НДС не облагается.";"0,00";"0,00";"24897,54"
"03.10.2025 14:45:34";"03.10.2025";"*3941";"OK";"-339,00";"RUB";"-339,00";"RUB";"";"Маркетплейсы";"5300";"Avito";"0,00";"0,00";"-339,00"
"03.10.2025 14:31:44";"03.10.2025";"*3941";"OK";"-139,99";"RUB";"-139,99";"RUB";"";"Супермаркеты";"5411";"Перекрёсток";"0,00";"0,00";"-139,99"
"03.10.2025 14:21:25";"03.10.2025";"*3861";"OK";"-41993,76";"RUB";"-41993,76";"RUB";"";"Другое";"9999";"Оплата покупки в рассрочку";"0,00";"0,00";"-41993,76"
"03.10.2025 14:21:25";"03.10.2025";"*3861";"OK";"41993,76";"RUB";"41993,76";"RUB";"";"Кредиты";"9999";"Получение займа МФК";"0,00";"0,00";"41993,76"
"03.10.2025 09:42:15";"03.10.2025";"*3941";"OK";"-600,00";"RUB";"-600,00";"RUB";"";"Связь";"4814";"t2";"0,00";"0,00";"-600,00"
"02.10.2025 09:52:26";"02.10.2025";"*3941";"OK";"-60,00";"RUB";"-60,00";"RUB";"";"Развлечения";"3990";"Самокаты - Яндекс Go";"0,00";"0,00";"-60,00"
"02.10.2025 09:19:46";"02.10.2025";"*3941";"OK";"-85,00";"RUB";"-85,00";"RUB";"";"Развлечения";"3990";"Самокаты - Яндекс Go";"0,00";"0,00";"-85,00"
"02.10.2025 05:50:31";"02.10.2025";"*3941";"OK";"5270,00";"RUB";"5270,00";"RUB";"";"Переводы";"";"Перевод собственных средств на счет. НДС не облагается.";"0,00";"0,00";"5270,00"
"01.10.2025 19:38:58";"01.10.2025";"*3941";"OK";"22430,00";"RUB";"22430,00";"RUB";"";"Переводы";"";"Перевод собственных средств на счет. НДС не облагается.";"0,00";"0,00";"22430,00"
"01.10.2025 19:37:16";"01.10.2025";"*4531";"OK";"-15352,00";"RUB";"-15352,00";"RUB";"";"Переводы";"";"София Е.";"0,00";"0,00";"-15352,00"
"01.10.2025 19:36:30";"01.10.2025";"*4531";"OK";"15000,00";"RUB";"15000,00";"RUB";"";"Переводы";"";"Перевод собственных средств на счет. НДС не облагается.";"0,00";"0,00";"15000,00"
"01.10.2025 19:35:13";"01.10.2025";"*4531";"OK";"-38550,00";"RUB";"-38550,00";"RUB";"";"Переводы";"";"Светлана Б.";"0,00";"0,00";"-38550,00"
"01.10.2025 18:59:25";"01.10.2025";"*4531";"OK";"-435,00";"RUB";"-435,00";"RUB";"";"Фастфуд";"5814";"Дринкит";"0,00";"0,00";"-435,00"
"01.10.2025 16:57:59";"01.10.2025";"*4531";"OK";"-26000,00";"RUB";"-26000,00";"RUB";"";"Переводы";"";"Александра Т.";"0,00";"0,00";"-26000,00"
"01.10.2025 16:56:52";"01.10.2025";"*4531";"OK";"-19035,00";"RUB";"-19035,00";"RUB";"";"Переводы";"";"Юлия И.";"0,00";"0,00";"-19035,00"
"01.10.2025 16:53:51";"01.10.2025";"*4531";"OK";"84000,00";"RUB";"84000,00";"RUB";"";"Переводы";"";"Перевод собственных средств на счет. НДС не облагается.";"0,00";"0,00";"84000,00"
"01.10.2025 15:21:36";"01.10.2025";"*4531";"OK";"-299,00";"RUB";"-299,00";"RUB";"";"Другое";"";"Подписка Pro";"0,00";"0,00";"-299,00"
"01.10.2025 08:24:29";"01.10.2025";"*4531";"OK";"-184,96";"RUB";"-184,96";"RUB";"";"Супермаркеты";"5411";"Лента";"0,00";"0,00";"-184,96"
"30.09.2025 15:14:47";"30.09.2025";"*4531";"OK";"-5200,00";"RUB";"-5200,00";"RUB";"";"Переводы";"";"Елена Г.";"0,00";"0,00";"-5200,00"
"30.09.2025 15:14:10";"30.09.2025";"*4531";"OK";"5000,00";"RUB";"5000,00";"RUB";"";"Переводы";"";"Перевод собственных средств на счет. НДС не облагается.";"0,00";"0,00";"5000,00"
"30.09.2025 09:55:50";"30.09.2025";"*4531";"OK";"-500,00";"RUB";"-500,00";"RUB";"";"Местный транспорт";"4111";"Московский транспорт";"0,00";"0,00";"-500,00"
"30.09.2025 09:01:20";"30.09.2025";"*4531";"OK";"-800,00";"RUB";"-800,00";"RUB";"";"Переводы";"";"Елена Г.";"0,00";"0,00";"-800,00"
"29.09.2025 16:20:51";"29.09.2025";"*4531";"OK";"-8400,00";"RUB";"-8400,00";"RUB";"";"Переводы";"";"Дмитрий В.";"0,00";"0,00";"-8400,00"
"29.09.2025 16:19:15";"29.09.2025";"*4531";"OK";"6332,87";"RUB";"6332,87";"RUB";"";"Переводы";"";"Перевод собственных средств на счет. НДС не облагается.";"0,00";"0,00";"6332,87"
"28.09.2025 12:06:26";"28.09.2025";"*4531";"OK";"-340,00";"RUB";"-340,00";"RUB";"";"Переводы";"";"Юлия И.";"0,00";"0,00";"-340,00"
"28.09.2025 10:23:31";"28.09.2025";"*4531";"OK";"-170,00";"RUB";"-170,00";"RUB";"";"Фастфуд";"5814";"Xplat*Coffee Top";"0,00";"0,00";"-170,00"
"28.09.2025 10:21:46";"28.09.2025";"*4531";"OK";"-350,00";"RUB";"-350,00";"RUB";"";"Рестораны";"5812";"Restoran Aquamarine";"0,00";"0,00";"-350,00"
"26.09.2025 20:09:25";"26.09.2025";"*4531";"OK";"-6020,00";"RUB";"-6020,00";"RUB";"";"Рестораны";"5812";"Mimi-Khamovniki";"0,00";"0,00";"-6020,00"
"26.09.2025 17:56:13";"26.09.2025";"*4531";"OK";"-2500,00";"RUB";"-2500,00";"RUB";"";"Переводы";"";"Ирина Н.";"0,00";"0,00";"-2500,00"
"25.09.2025 18:56:29";"25.09.2025";"*4531";"OK";"-100,00";"RUB";"-100,00";"RUB";"";"Переводы";"";"Александра Т.";"0,00";"0,00";"-100,00"
"25.09.2025 18:46:29";"25.09.2025";"*4531";"OK";"-75,00";"RUB";"-75,00";"RUB";"";"Переводы";"";"Александра Т.";"0,00";"0,00";"-75,00"
"25.09.2025 18:39:49";"25.09.2025";"*4531";"OK";"-100,00";"RUB";"-100,00";"RUB";"";"Переводы";"";"Юлия И.";"0,00";"0,00";"-100,00"
"25.09.2025 18:38:13";"25.09.2025";"*4531";"OK";"14000,00";"RUB";"14000,00";"RUB";"";"Пополнения";"";"Внесение наличных через банкомат Т-Банк";"0,00";"0,00";"14000,00"
"25.09.2025 17:43:18";"25.09.2025";"*4531";"OK";"-1600,00";"RUB";"-1600,00";"RUB";"";"Переводы";"";"Артем С.";"0,00";"0,00";"-1600,00"
"25.09.2025 17:42:04";"25.09.2025";"*4531";"OK";"1600,00";"RUB";"1600,00";"RUB";"";"Переводы";"";"Перевод собственных средств на счет. НДС не облагается.";"0,00";"0,00";"1600,00"
"24.09.2025 12:54:21";"24.09.2025";"*4531";"OK";"-5000,00";"RUB";"-5000,00";"RUB";"";"Переводы";"";"София Е.";"0,00";"0,00";"-5000,00"
"24.09.2025 12:52:38";"24.09.2025";"*4531";"OK";"5000,00";"RUB";"5000,00";"RUB";"";"Переводы";"";"Перевод собственных средств на счет. НДС не облагается.";"0,00";"0,00";"5000,00"
"22.09.2025 12:25:49";"22.09.2025";"*4531";"OK";"-500,00";"RUB";"-500,00";"RUB";"";"Местный транспорт";"4111";"Московский метрополитен";"0,00";"0,00";"-500,00"
"22.09.2025 10:09:32";"22.09.2025";"*4531";"OK";"-3500,00";"RUB";"-3500,00";"RUB";"";"Наличные";"6011";"Снятие в банкомате Т-Банк";"0,00";"0,00";"-3500,00"
"22.09.2025 10:07:48";"22.09.2025";"*4531";"OK";"1402,35";"RUB";"1402,35";"RUB";"";"Переводы";"";"Перевод собственных средств на счет. НДС не облагается.";"0,00";"0,00";"1402,35"
"22.09.2025 00:00:00";"";"";"OK";"-22192,59";"RUB";"-22192,59";"RUB";"";"Услуги банка";"";"Плата по кредитке";"0,00";"0,00";"-22192,59"
"22.09.2025 00:00:00";"";"";"OK";"0,00";"RUB";"0,00";"RUB";"";"Бонусы";"";"Зачисление кэшбэка";"0,00";"0,00";"0,00"
"21.09.2025 21:48:54";"21.09.2025";"*4531";"OK";"2000,00";"RUB";"2000,00";"RUB";"";"Переводы";"";"Сухроб Н.";"0,00";"0,00";"2000,00"
"21.09.2025 11:46:24";"21.09.2025";"*4531";"OK";"-178,00";"RUB";"-178,00";"RUB";"";"Супермаркеты";"5411";"Перекрёсток";"0,00";"0,00";"-178,00"
"21.09.2025 11:34:16";"21.09.2025";"*4531";"OK";"868,00";"RUB";"868,00";"RUB";"";"Переводы";"";"Перевод собственных средств на счет. НДС не облагается.";"0,00";"0,00";"868,00"
"19.09.2025 09:18:34";"19.09.2025";"*4531";"OK";"-2820,00";"RUB";"-2820,00";"RUB";"";"Переводы";"";"Вячеслав В.";"0,00";"0,00";"-2820,00"
"19.09.2025 05:12:07";"19.09.2025";"*4531";"OK";"3000,00";"RUB";"3000,00";"RUB";"";"Переводы";"";"Перевод собственных средств на счет. НДС не облагается.";"0,00";"0,00";"3000,00"
"15.09.2025 09:56:23";"15.09.2025";"*4531";"OK";"-24500,00";"RUB";"-24500,00";"RUB";"";"Переводы";"";"София Е.";"0,00";"0,00";"-24500,00"
"15.09.2025 09:55:08";"15.09.2025";"*4531";"OK";"-30600,00";"RUB";"-30600,00";"RUB";"";"Переводы";"";"Светлана Б.";"0,00";"0,00";"-30600,00"
"15.09.2025 09:53:48";"15.09.2025";"*4531";"OK";"-19875,00";"RUB";"-19875,00";"RUB";"";"Переводы";"";"Юлия И.";"0,00";"0,00";"-19875,00"
"15.09.2025 09:52:08";"15.09.2025";"*4531";"OK";"75000,00";"RUB";"75000,00";"RUB";"";"Переводы";"";"Перевод собственных средств на счет. НДС не облагается.";"0,00";"0,00";"75000,00"
"14.09.2025 16:50:14";"14.09.2025";"*3941";"OK";"-5000,00";"RUB";"-5000,00";"RUB";"";"Переводы";"";"Александра Т.";"50,00";"0,00";"-5000,00"
"14.09.2025 16:49:44";"14.09.2025";"*3941";"OK";"4862,81";"RUB";"4862,81";"RUB";"";"Переводы";"";"Между своими счетами";"0,00";"0,00";"4862,81"
"14.09.2025 16:49:43";"14.09.2025";"*4531";"OK";"-4862,81";"RUB";"-4862,81";"RUB";"";"Переводы";"";"Между своими счетами";"0,00";"0,00";"-4862,81"
"14.09.2025 16:48:37";"14.09.2025";"*4531";"OK";"4000,00";"RUB";"4000,00";"RUB";"";"Переводы";"";"Перевод собственных средств на счет. НДС не облагается.";"0,00";"0,00";"4000,00"
"14.09.2025 08:25:16";"14.09.2025";"*4531";"OK";"-100,00";"RUB";"-100,00";"RUB";"";"Супермаркеты";"5499";"Группа компаний «ПЛАЗА-Телеком»";"0,00";"0,00";"-100,00"
"14.09.2025 08:24:12";"14.09.2025";"*4531";"OK";"962,81";"RUB";"962,81";"RUB";"";"Переводы";"";"Перевод собственных средств на счет. НДС не облагается.";"0,00";"0,00";"962,81"
"13.09.2025 17:25:09";"13.09.2025";"*3941";"OK";"-2000,00";"RUB";"-2000,00";"RUB";"";"Переводы";"";"Александра Т.";"20,00";"0,00";"-2000,00"
"13.09.2025 17:24:24";"13.09.2025";"*3941";"OK";"906,11";"RUB";"906,11";"RUB";"";"Переводы";"";"Между своими счетами";"0,00";"0,00";"906,11"
"13.09.2025 17:24:23";"13.09.2025";"*4531";"OK";"-906,11";"RUB";"-906,11";"RUB";"";"Переводы";"";"Между своими счетами";"0,00";"0,00";"-906,11"
"13.09.2025 12:26:42";"13.09.2025";"*4531";"OK";"-2000,00";"RUB";"-2000,00";"RUB";"";"Переводы";"";"Елена П.";"0,00";"0,00";"-2000,00"
"13.09.2025 11:57:56";"13.09.2025";"*4531";"OK";"2000,00";"RUB";"2000,00";"RUB";"";"Переводы";"";"Перевод собственных средств на счет. НДС не облагается.";"0,00";"0,00";"2000,00"
"13.09.2025 11:46:06";"13.09.2025";"*3941";"OK";"250,00";"RUB";"250,00";"RUB";"";"Переводы";"";"Между своими счетами";"0,00";"0,00";"250,00"
"13.09.2025 11:46:05";"13.09.2025";"*4531";"OK";"-250,00";"RUB";"-250,00";"RUB";"";"Переводы";"";"Между своими счетами";"0,00";"0,00";"-250,00"
"12.09.2025 11:35:56";"12.09.2025";"*4531";"OK";"-3000,00";"RUB";"-3000,00";"RUB";"";"Наличные";"6011";"Снятие в банкомате Т-Банк";"0,00";"0,00";"-3000,00"
"11.09.2025 13:26:35";"11.09.2025";"*4531";"OK";"-3500,00";"RUB";"-3500,00";"RUB";"";"Переводы";"";"Сухроб Н.";"0,00";"0,00";"-3500,00"
"10.09.2025 14:13:25";"10.09.2025";"*4531";"OK";"-10000,00";"RUB";"-10000,00";"RUB";"";"Переводы";"";"Вероника П.";"0,00";"0,00";"-10000,00"
"10.09.2025 13:42:40";"10.09.2025";"*4531";"OK";"-21500,00";"RUB";"-21500,00";"RUB";"";"Наличные";"6011";"Снятие в банкомате Т-Банк";"0,00";"0,00";"-21500,00"
"10.09.2025 13:41:06";"10.09.2025";"*4531";"OK";"30000,00";"RUB";"30000,00";"RUB";"";"Переводы";"";"Перевод собственных средств на счет. НДС не облагается.";"0,00";"0,00";"30000,00"
"10.09.2025 09:32:10";"10.09.2025";"*3941";"OK";"-116,00";"RUB";"-116,00";"RUB";"";"Развлечения";"3990";"Самокаты - Яндекс Go";"1,00";"0,00";"-116,00"
"09.09.2025 20:10:34";"09.09.2025";"*4531";"OK";"-3660,00";"RUB";"-3660,00";"RUB";"";"Рестораны";"5812";"Mimi-Khamovniki";"0,00";"0,00";"-3660,00"
"09.09.2025 20:10:07";"09.09.2025";"*4531";"OK";"11184,30";"RUB";"11184,30";"RUB";"";"Переводы";"";"Перевод собственных средств на счет. НДС не облагается.";"0,00";"0,00";"11184,30"
"09.09.2025 07:25:49";"09.09.2025";"*3941";"OK";"-616,00";"RUB";"-616,00";"RUB";"";"Маркетплейсы";"5300";"Avito";"0,00";"0,00";"-616,00"
"09.09.2025 07:24:38";"09.09.2025";"*3941";"OK";"-663,00";"RUB";"-663,00";"RUB";"";"Маркетплейсы";"5300";"Avito";"0,00";"0,00";"-663,00"
"09.09.2025 07:01:33";"09.09.2025";"*3941";"OK";"-1485,00";"RUB";"-1485,00";"RUB";"";"Маркетплейсы";"5300";"WILDBERRIES";"14,00";"0,00";"-1485,00"
"08.09.2025 15:27:24";"08.09.2025";"*4531";"OK";"-255,00";"RUB";"-255,00";"RUB";"";"Различные услуги";"7299";"Бери заряд!";"0,00";"0,00";"-255,00"
"07.09.2025 20:46:16";"07.09.2025";"*4531";"OK";"-1776,05";"RUB";"-1776,05";"RUB";"";"Супермаркеты";"5411";"Магнит";"0,00";"0,00";"-1776,05"
"07.09.2025 20:19:09";"07.09.2025";"*4531";"OK";"-500,00";"RUB";"-500,00";"RUB";"";"Местный транспорт";"4111";"Московский метрополитен";"0,00";"0,00";"-500,00"
"07.09.2025 20:13:06";"07.09.2025";"*4531";"OK";"4113,34";"RUB";"4113,34";"RUB";"";"Переводы";"";"Перевод собственных средств на счет. НДС не облагается.";"0,00";"0,00";"4113,34"
"05.09.2025 09:55:13";"05.09.2025";"*3941";"OK";"-408,00";"RUB";"-408,00";"RUB";"";"Маркетплейсы";"5300";"WILDBERRIES";"4,00";"0,00";"-408,00"
"05.09.2025 02:32:47";"05.09.2025";"*3941";"OK";"24956,09";"RUB";"24956,09";"RUB";"";"Переводы";"";"Перевод собственных средств на счет. НДС не облагается.";"0,00";"0,00";"24956,09"
"03.09.2025 09:55:17";"03.09.2025";"*4531";"OK";"-300,00";"RUB";"-300,00";"RUB";"";"Местный транспорт";"4111";"Московский транспорт";"0,00";"0,00";"-300,00"
"02.09.2025 19:58:27";"02.09.2025";"*4531";"OK";"-44193,00";"RUB";"-44193,00";"RUB";"";"Переводы";"";"Вероника П.";"0,00";"0,00";"-44193,00"
"02.09.2025 18:45:03";"02.09.2025";"";"OK";"18500,00";"RUB";"18500,00";"RUB";"";"Переводы";"";"Юлия С.";"0,00";"0,00";"18500,00"
"01.09.2025 22:34:30";"";"";"OK";"22,00";"RUB";"22,00";"RUB";"";"Бонусы";"";"Зачисление кэшбэка";"0,00";"0,00";"22,00"
"01.09.2025 20:53:52";"01.09.2025";"*4531";"OK";"-20780,00";"RUB";"-20780,00";"RUB";"";"Переводы";"";"Светлана Б.";"0,00";"0,00";"-20780,00"
"01.09.2025 17:29:14";"01.09.2025";"*4531";"OK";"-24835,00";"RUB";"-24835,00";"RUB";"";"Переводы";"";"Алексей Н.";"0,00";"0,00";"-24835,00"
"01.09.2025 17:27:31";"01.09.2025";"*4531";"OK";"-21491,00";"RUB";"-21491,00";"RUB";"";"Переводы";"";"София Е.";"0,00";"0,00";"-21491,00"
"01.09.2025 16:07:31";"01.09.2025";"*4531";"OK";"-6130,00";"RUB";"-6130,00";"RUB";"";"Переводы";"";"Анна С.";"0,00";"0,00";"-6130,00"
"01.09.2025 15:22:34";"01.09.2025";"*4531";"OK";"23135,71";"RUB";"23135,71";"RUB";"";"Переводы";"";"Перевод собственных средств на счет. НДС не облагается.";"0,00";"0,00";"23135,71"
"01.09.2025 15:21:28";"01.09.2025";"*4531";"OK";"-299,00";"RUB";"-299,00";"RUB";"";"Другое";"";"Подписка Pro";"0,00";"0,00";"-299,00"
"01.09.2025 13:58:06";"01.09.2025";"*4531";"OK";"70000,00";"RUB";"70000,00";"RUB";"";"Переводы";"";"Перевод собственных средств на счет. НДС не облагается.";"0,00";"0,00";"70000,00"
"31.08.2025 16:51:50";"31.08.2025";"*4531";"OK";"4900,00";"RUB";"4900,00";"RUB";"";"Переводы";"";"Вероника П.";"0,00";"0,00";"4900,00"
"31.08.2025 15:45:18";"31.08.2025";"*4531";"OK";"1519,81";"RUB";"1519,81";"RUB";"";"Переводы";"";"Перевод собственных средств на счет. НДС не облагается.";"0,00";"0,00";"1519,81"
"25.08.2025 10:21:42";"25.08.2025";"*4531";"OK";"-487,00";"RUB";"-487,00";"RUB";"4,00";"Местный транспорт";"4111";"Московский транспорт";"4,00";"0,00";"-487,00"
"25.08.2025 10:20:56";"25.08.2025";"*4531";"OK";"487,00";"RUB";"487,00";"RUB";"";"Переводы";"";"Перевод собственных средств на счет. НДС не облагается.";"0,00";"0,00";"487,00"
"24.08.2025 16:11:45";"24.08.2025";"*4531";"OK";"-160,00";"RUB";"-160,00";"RUB";"";"Переводы";"";"Юлия И.";"0,00";"0,00";"-160,00"
"24.08.2025 16:11:03";"24.08.2025";"*4531";"OK";"160,00";"RUB";"160,00";"RUB";"";"Переводы";"";"Перевод собственных средств на счет. НДС не облагается.";"0,00";"0,00";"160,00"
"24.08.2025 06:28:04";"";"*3941";"FAILED";"-619,00";"RUB";"-619,00";"RUB";"";"Супермаркеты";"";"Покупка по QR";"0,00";"0,00";"-619,00"
"24.08.2025 06:28:01";"";"*3941";"FAILED";"-619,00";"RUB";"-619,00";"RUB";"";"Супермаркеты";"";"Покупка по QR";"0,00";"0,00";"-619,00"
"24.08.2025 06:27:59";"";"*3941";"FAILED";"-619,00";"RUB";"-619,00";"RUB";"";"Супермаркеты";"";"Покупка по QR";"0,00";"0,00";"-619,00"
"22.08.2025 19:08:58";"22.08.2025";"*4531";"OK";"-7194,00";"RUB";"-7194,00";"RUB";"";"Переводы";"";"Любовь К.";"0,00";"0,00";"-7194,00"
"22.08.2025 19:07:44";"22.08.2025";"*4531";"OK";"7194,00";"RUB";"7194,00";"RUB";"";"Переводы";"";"Перевод собственных средств на счет. НДС не облагается.";"0,00";"0,00";"7194,00"
"22.08.2025 12:55:45";"22.08.2025";"*3941";"OK";"-200,00";"RUB";"-200,00";"RUB";"";"Мобильная связь";"";"МТС +7 916 447-05-69";"0,00";"0,00";"-200,00"
"22.08.2025 09:33:57";"22.08.2025";"*4531";"OK";"-7200,00";"RUB";"-7200,00";"RUB";"";"Переводы";"";"Евгений С.";"0,00";"0,00";"-7200,00"
"22.08.2025 09:32:47";"22.08.2025";"*4531";"OK";"7200,00";"RUB";"7200,00";"RUB";"";"Переводы";"";"Перевод собственных средств на счет. НДС не облагается.";"0,00";"0,00";"7200,00"
"22.08.2025 00:00:00";"";"";"OK";"-20087,83";"RUB";"-20087,83";"RUB";"";"Услуги банка";"";"Плата по кредитке";"0,00";"0,00";"-20087,83"
"22.08.2025 00:00:00";"";"";"OK";"0,00";"RUB";"0,00";"RUB";"";"Бонусы";"";"Зачисление кэшбэка";"0,00";"0,00";"0,00"
"21.08.2025 15:15:00";"21.08.2025";"*4531";"OK";"-1500,00";"RUB";"-1500,00";"RUB";"";"Переводы";"";"Юлия С.";"0,00";"0,00";"-1500,00"
"21.08.2025 15:12:18";"21.08.2025";"*4531";"OK";"1500,00";"RUB";"1500,00";"RUB";"";"Переводы";"";"Перевод собственных средств на счет. НДС не облагается.";"0,00";"0,00";"1500,00"
"21.08.2025 10:34:41";"21.08.2025";"*3941";"OK";"-510,00";"RUB";"-510,00";"RUB";"";"Маркетплейсы";"5300";"WILDBERRIES";"5,00";"0,00";"-510,00"
"21.08.2025 09:26:41";"21.08.2025";"*3941";"OK";"1000,00";"RUB";"1000,00";"RUB";"";"Переводы";"";"Перевод собственных средств на счет. НДС не облагается.";"0,00";"0,00";"1000,00"
"21.08.2025 09:26:10";"21.08.2025";"*3941";"OK";"-776,00";"RUB";"-776,00";"RUB";"";"Маркетплейсы";"5300";"WILDBERRIES";"7,00";"0,00";"-776,00"
"21.08.2025 09:00:16";"21.08.2025";"*3941";"OK";"566,49";"RUB";"566,49";"RUB";"";"Переводы";"";"Перевод собственных средств на счет. НДС не облагается.";"0,00";"0,00";"566,49"
"20.08.2025 14:47:14";"20.08.2025";"*3941";"OK";"-153,00";"RUB";"-153,00";"RUB";"";"Экосистема Яндекс";"3990";"Бери заряд!";"1,00";"0,00";"-153,00"
"20.08.2025 14:10:54";"20.08.2025";"*4531";"OK";"-2000,00";"RUB";"-2000,00";"RUB";"";"Наличные";"6011";"Снятие в банкомате Т-Банк";"0,00";"0,00";"-2000,00"
"20.08.2025 14:08:34";"20.08.2025";"*4531";"OK";"2000,00";"RUB";"2000,00";"RUB";"";"Переводы";"";"Перевод собственных средств на счет. НДС не облагается.";"0,00";"0,00";"2000,00"
"20.08.2025 08:11:56";"20.08.2025";"*3941";"OK";"-610,00";"RUB";"-610,00";"RUB";"";"Супермаркеты";"5411";"ВкусВилл";"0,00";"0,00";"-610,00"
"19.08.2025 20:39:37";"19.08.2025";"*3941";"OK";"-4676,00";"RUB";"-4676,00";"RUB";"";"Маркетплейсы";"5300";"WILDBERRIES";"46,00";"0,00";"-4676,00"
"19.08.2025 20:39:12";"19.08.2025";"*3941";"OK";"3799,17";"RUB";"3799,17";"RUB";"";"Переводы";"";"Перевод собственных средств на счет. НДС не облагается.";"0,00";"0,00";"3799,17"
"19.08.2025 17:05:09";"19.08.2025";"*3941";"OK";"-139,99";"RUB";"-139,99";"RUB";"";"Супермаркеты";"5411";"Перекрёсток";"0,00";"0,00";"-139,99"
"19.08.2025 15:35:45";"19.08.2025";"*4531";"OK";"-125,00";"RUB";"-125,00";"RUB";"";"Мобильная связь";"";"МТС +7 916 447-05-69";"0,00";"0,00";"-125,00"
"19.08.2025 15:31:59";"19.08.2025";"*3941";"OK";"-590,00";"RUB";"-590,00";"RUB";"";"Фастфуд";"5814";"Вкусно — и точка";"5,00";"0,00";"-590,00"
"19.08.2025 14:19:30";"19.08.2025";"*3941";"OK";"-498,00";"RUB";"-498,00";"RUB";"";"Различные товары";"5310";"Familia";"0,00";"0,00";"-498,00"
"19.08.2025 14:09:02";"19.08.2025";"*3941";"OK";"-179,99";"RUB";"-179,99";"RUB";"";"Супермаркеты";"5411";"Перекрёсток";"0,00";"0,00";"-179,99"
"19.08.2025 09:52:04";"19.08.2025";"*3941";"OK";"-6449,00";"RUB";"-6449,00";"RUB";"";"Маркетплейсы";"5300";"WILDBERRIES";"64,00";"0,00";"-6449,00"
"19.08.2025 09:50:56";"19.08.2025";"*3941";"OK";"-520,00";"RUB";"-520,00";"RUB";"";"Фастфуд";"5814";"Вкусно — и точка";"5,00";"0,00";"-520,00"
"18.08.2025 21:08:25";"18.08.2025";"*4531";"OK";"-4000,00";"RUB";"-4000,00";"RUB";"";"Переводы";"";"Юлия И.";"0,00";"0,00";"-4000,00"
"18.08.2025 15:52:51";"18.08.2025";"*4531";"OK";"-3000,00";"RUB";"-3000,00";"RUB";"";"Переводы";"";"Александра К.";"0,00";"0,00";"-3000,00"
"18.08.2025 12:39:34";"18.08.2025";"*3941";"OK";"-294,00";"RUB";"-294,00";"RUB";"";"Маркетплейсы";"5300";"WILDBERRIES";"2,00";"0,00";"-294,00"
"18.08.2025 11:43:33";"18.08.2025";"*3941";"OK";"10000,00";"RUB";"10000,00";"RUB";"";"Переводы";"";"Перевод собственных средств на счет. НДС не облагается.";"0,00";"0,00";"10000,00"
"18.08.2025 11:41:50";"18.08.2025";"*3941";"OK";"-842,00";"RUB";"-842,00";"RUB";"";"Маркетплейсы";"5300";"WILDBERRIES";"8,00";"0,00";"-842,00"
"18.08.2025 09:37:09";"18.08.2025";"*3941";"OK";"1714,39";"RUB";"1714,39";"RUB";"";"Переводы";"";"Перевод собственных средств на счет. НДС не облагается.";"0,00";"0,00";"1714,39"
"18.08.2025 09:27:11";"18.08.2025";"*3941";"OK";"-467,00";"RUB";"-467,00";"RUB";"";"Маркетплейсы";"5300";"WILDBERRIES";"4,00";"0,00";"-467,00"
"18.08.2025 09:05:38";"18.08.2025";"";"OK";"-375,00";"RUB";"-375,00";"RUB";"";"Супермаркеты";"5411";"ВкусВилл";"0,00";"0,00";"-375,00"
"17.08.2025 16:49:23";"17.08.2025";"*3941";"OK";"-516,00";"RUB";"-516,00";"RUB";"";"Маркетплейсы";"5399";"Ozon.ru";"0,00";"0,00";"-516,00"
"17.08.2025 12:49:34";"17.08.2025";"*3941";"OK";"-2259,00";"RUB";"-2259,00";"RUB";"";"Маркетплейсы";"5399";"Ozon.ru";"0,00";"0,00";"-2259,00"
"17.08.2025 12:48:58";"17.08.2025";"*3941";"OK";"2962,36";"RUB";"2962,36";"RUB";"";"Переводы";"";"Перевод собственных средств на счет. НДС не облагается.";"0,00";"0,00";"2962,36"
"17.08.2025 12:47:40";"";"*3941";"FAILED";"-2259,00";"RUB";"-2259,00";"RUB";"";"Различные товары";"";"Покупка по QR";"0,00";"0,00";"-2259,00"
"17.08.2025 11:16:42";"17.08.2025";"*3941";"OK";"-1678,00";"RUB";"-1678,00";"RUB";"";"Такси";"3990";"Яндекс Такси";"16,00";"0,00";"-1678,00"
"17.08.2025 08:34:23";"17.08.2025";"*3941";"OK";"-795,00";"RUB";"-795,00";"RUB";"";"Фастфуд";"5814";"Брусника";"0,00";"0,00";"-795,00"
"16.08.2025 23:34:47";"17.08.2025";"*3941";"OK";"-1628,00";"RUB";"-1628,00";"RUB";"";"Маркетплейсы";"5300";"Avito";"0,00";"0,00";"-1628,00"
"16.08.2025 20:59:15";"16.08.2025";"*3941";"OK";"-588,00";"RUB";"-588,00";"RUB";"";"Супермаркеты";"5411";"ВкусВилл";"5,00";"0,00";"-588,00"
"16.08.2025 20:55:35";"16.08.2025";"*3941";"OK";"-500,00";"RUB";"-500,00";"RUB";"";"Красота";"7230";"CUTE ME_P_QR";"5,00";"0,00";"-500,00"
"16.08.2025 20:49:43";"16.08.2025";"*3941";"OK";"5000,00";"RUB";"5000,00";"RUB";"";"Переводы";"";"Перевод собственных средств на счет. НДС не облагается.";"0,00";"0,00";"5000,00"
"16.08.2025 20:48:37";"16.08.2025";"*3941";"OK";"-206,00";"RUB";"-206,00";"RUB";"";"Маркетплейсы";"5399";"Ozon.ru";"0,00";"0,00";"-206,00"
"16.08.2025 20:24:30";"16.08.2025";"*3941";"OK";"-192,00";"RUB";"-192,00";"RUB";"";"Мобильная связь";"4814";"МТС";"0,00";"0,00";"-192,00"
"16.08.2025 19:31:18";"16.08.2025";"*3941";"OK";"-254,00";"RUB";"-254,00";"RUB";"";"Супермаркеты";"5411";"ВкусВилл";"0,00";"0,00";"-254,00"
"16.08.2025 18:12:12";"16.08.2025";"*3941";"OK";"-1170,00";"RUB";"-1170,00";"RUB";"";"Маркетплейсы";"5399";"Ozon.ru";"0,00";"0,00";"-1170,00"
"16.08.2025 17:51:36";"16.08.2025";"*3941";"OK";"2500,00";"RUB";"2500,00";"RUB";"";"Переводы";"";"Перевод собственных средств на счет. НДС не облагается.";"0,00";"0,00";"2500,00"
"16.08.2025 16:38:12";"16.08.2025";"*3941";"OK";"-543,00";"RUB";"-543,00";"RUB";"";"Такси";"3990";"Яндекс Такси";"5,00";"0,00";"-543,00"
"16.08.2025 16:33:44";"16.08.2025";"*3941";"OK";"-2960,00";"RUB";"-2960,00";"RUB";"";"Маркетплейсы";"5300";"WILDBERRIES";"29,00";"0,00";"-2960,00"
"16.08.2025 16:32:52";"16.08.2025";"*3941";"OK";"2500,00";"RUB";"2500,00";"RUB";"";"Переводы";"";"Перевод собственных средств на счет. НДС не облагается.";"0,00";"0,00";"2500,00"
"16.08.2025 16:17:31";"16.08.2025";"*3941";"OK";"-199,99";"RUB";"-199,99";"RUB";"";"Супермаркеты";"5411";"Перекрёсток";"0,00";"0,00";"-199,99"
"16.08.2025 13:36:14";"16.08.2025";"*3941";"OK";"-2490,00";"RUB";"-2490,00";"RUB";"";"Развлечения";"7997";"FITMOST";"24,00";"0,00";"-2490,00"
"16.08.2025 13:36:03";"16.08.2025";"*3941";"OK";"2000,00";"RUB";"2000,00";"RUB";"";"Переводы";"";"Между своими счетами";"0,00";"0,00";"2000,00"
"16.08.2025 13:36:02";"16.08.2025";"*4531";"OK";"-2000,00";"RUB";"-2000,00";"RUB";"";"Переводы";"";"Между своими счетами";"0,00";"0,00";"-2000,00"
"16.08.2025 12:50:55";"16.08.2025";"*3941";"OK";"-7536,00";"RUB";"-7536,00";"RUB";"";"Маркетплейсы";"5300";"WILDBERRIES";"75,00";"0,00";"-7536,00"
"16.08.2025 12:34:49";"16.08.2025";"*3941";"OK";"-711,00";"RUB";"-711,00";"RUB";"";"Фастфуд";"5814";"Вкусно — и точка";"7,00";"0,00";"-711,00"
"16.08.2025 11:29:01";"16.08.2025";"*4531";"OK";"-2500,00";"RUB";"-2500,00";"RUB";"";"Переводы";"";"Дмитрий В.";"0,00";"0,00";"-2500,00"
"16.08.2025 10:52:09";"16.08.2025";"*3941";"OK";"-429,00";"RUB";"-429,00";"RUB";"";"Маркетплейсы";"5300";"Avito";"0,00";"0,00";"-429,00"
"16.08.2025 10:36:51";"16.08.2025";"*3941";"OK";"7772,34";"RUB";"7772,34";"RUB";"";"Переводы";"";"Перевод собственных средств на счет. НДС не облагается.";"0,00";"0,00";"7772,34"
"15.08.2025 19:43:25";"15.08.2025";"*3941";"OK";"500,00";"RUB";"500,00";"RUB";"";"Бонусы";"";"Компенсация покупки";"0,00";"0,00";"500,00"
"15.08.2025 18:33:39";"15.08.2025";"*3941";"OK";"-1100,00";"RUB";"-1100,00";"RUB";"";"Мобильная связь";"";"Мой телефон +7 926 930-84-84";"0,00";"0,00";"-1100,00"
"15.08.2025 18:33:22";"15.08.2025";"*3941";"OK";"1940,00";"RUB";"1940,00";"RUB";"";"Переводы";"";"Между своими счетами";"0,00";"0,00";"1940,00"
"15.08.2025 18:33:21";"15.08.2025";"*4531";"OK";"-1940,00";"RUB";"-1940,00";"RUB";"";"Переводы";"";"Между своими счетами";"0,00";"0,00";"-1940,00"
"15.08.2025 16:11:08";"15.08.2025";"*4531";"OK";"-3500,00";"RUB";"-3500,00";"RUB";"";"Переводы";"";"Перевод юридическому лицу";"0,00";"0,00";"-3500,00"
"15.08.2025 13:37:01";"15.08.2025";"*4531";"OK";"-5560,00";"RUB";"-5560,00";"RUB";"";"Переводы";"";"Юлия И.";"0,00";"0,00";"-5560,00"
"15.08.2025 13:35:05";"15.08.2025";"*4531";"OK";"-8000,00";"RUB";"-8000,00";"RUB";"";"Переводы";"";"София Е.";"0,00";"0,00";"-8000,00"
"15.08.2025 13:12:47";"15.08.2025";"*4531";"OK";"19000,00";"RUB";"19000,00";"RUB";"";"Переводы";"";"Перевод собственных средств на счет. НДС не облагается.";"0,00";"0,00";"19000,00"
"15.08.2025 12:52:16";"15.08.2025";"*3941";"OK";"-826,00";"RUB";"-826,00";"RUB";"";"Маркетплейсы";"5300";"WILDBERRIES";"8,00";"0,00";"-826,00"
"15.08.2025 12:51:50";"15.08.2025";"*3941";"OK";"2025,00";"RUB";"2025,00";"RUB";"";"Переводы";"";"Между своими счетами";"0,00";"0,00";"2025,00"
"15.08.2025 12:51:48";"15.08.2025";"*4531";"OK";"-2025,00";"RUB";"-2025,00";"RUB";"";"Переводы";"";"Между своими счетами";"0,00";"0,00";"-2025,00"
"15.08.2025 12:40:54";"15.08.2025";"*3941";"OK";"-1607,00";"RUB";"-1607,00";"RUB";"";"Маркетплейсы";"5399";"Ozon.ru";"0,00";"0,00";"-1607,00"
"15.08.2025 12:25:14";"15.08.2025";"*4531";"OK";"-2975,00";"RUB";"-2975,00";"RUB";"";"Переводы";"";"Вячеслав В.";"0,00";"0,00";"-2975,00"
"15.08.2025 11:47:35";"15.08.2025";"*4531";"OK";"11000,00";"RUB";"11000,00";"RUB";"";"Переводы";"";"Светлана И.";"0,00";"0,00";"11000,00"
"15.08.2025 11:31:38";"15.08.2025";"*3941";"OK";"1000,07";"RUB";"1000,07";"RUB";"";"Переводы";"";"Между своими счетами";"0,00";"0,00";"1000,07"
"15.08.2025 11:31:37";"15.08.2025";"*4531";"OK";"-1000,07";"RUB";"-1000,07";"RUB";"";"Переводы";"";"Между своими счетами";"0,00";"0,00";"-1000,07"
"15.08.2025 11:26:30";"15.08.2025";"*3941";"OK";"-397,00";"RUB";"-397,00";"RUB";"";"Супермаркеты";"3990";"Яндекс Лавка";"3,00";"0,00";"-397,00"
"15.08.2025 11:20:54";"15.08.2025";"*4531";"OK";"-11000,00";"RUB";"-11000,00";"RUB";"";"Переводы";"";"Светлана И.";"0,00";"0,00";"-11000,00"
"15.08.2025 10:59:32";"15.08.2025";"*4531";"OK";"-4000,00";"RUB";"-4000,00";"RUB";"";"Переводы";"";"Александра К.";"0,00";"0,00";"-4000,00"
"15.08.2025 09:41:52";"15.08.2025";"*3941";"OK";"-405,00";"RUB";"-405,00";"RUB";"";"Супермаркеты";"5411";"ВкусВилл";"0,00";"0,00";"-405,00"
"15.08.2025 09:21:50";"15.08.2025";"*3941";"OK";"-2119,00";"RUB";"-2119,00";"RUB";"";"Маркетплейсы";"5300";"WILDBERRIES";"21,00";"0,00";"-2119,00"
"15.08.2025 09:21:35";"15.08.2025";"*4531";"OK";"-245,00";"RUB";"-245,00";"RUB";"";"Переводы";"";"Перевод юридическому лицу";"0,00";"0,00";"-245,00"
"15.08.2025 09:20:58";"15.08.2025";"*3941";"OK";"1934,00";"RUB";"1934,00";"RUB";"";"Переводы";"";"Перевод собственных средств на счет. НДС не облагается.";"0,00";"0,00";"1934,00"
"14.08.2025 23:28:25";"15.08.2025";"*3941";"OK";"-259,00";"RUB";"-259,00";"RUB";"";"Маркетплейсы";"5399";"Ozon.ru";"0,00";"0,00";"-259,00"
"14.08.2025 22:21:00";"15.08.2025";"*3941";"OK";"-479,99";"RUB";"-479,99";"RUB";"";"Супермаркеты";"5411";"Магнит";"0,00";"0,00";"-479,99"
"14.08.2025 19:02:24";"14.08.2025";"*3941";"OK";"-376,00";"RUB";"-376,00";"RUB";"";"Супермаркеты";"5411";"ВкусВилл";"0,00";"0,00";"-376,00"
"14.08.2025 15:03:14";"14.08.2025";"*3941";"OK";"-731,00";"RUB";"-731,00";"RUB";"";"Фастфуд";"5814";"Вкусно — и точка";"7,00";"0,00";"-731,00"
"14.08.2025 10:33:22";"14.08.2025";"*3941";"OK";"-1520,00";"RUB";"-1520,00";"RUB";"";"Маркетплейсы";"5300";"WILDBERRIES";"15,00";"0,00";"-1520,00"
"14.08.2025 10:10:37";"14.08.2025";"*3941";"OK";"-2661,00";"RUB";"-2661,00";"RUB";"";"Маркетплейсы";"5300";"WILDBERRIES";"26,00";"0,00";"-2661,00"
"14.08.2025 06:20:03";"14.08.2025";"*3941";"OK";"5875,00";"RUB";"5875,00";"RUB";"";"Переводы";"";"Перевод собственных средств на счет. НДС не облагается.";"0,00";"0,00";"5875,00"
"13.08.2025 20:12:19";"13.08.2025";"*4531";"OK";"-754,93";"RUB";"-754,93";"RUB";"7,00";"Супермаркеты";"5411";"Магнит";"7,00";"0,00";"-754,93"
"13.08.2025 20:05:40";"13.08.2025";"*3941";"OK";"500,00";"RUB";"500,00";"RUB";"";"Переводы";"";"Между своими счетами";"0,00";"0,00";"500,00"
"13.08.2025 20:05:39";"13.08.2025";"*4531";"OK";"-500,00";"RUB";"-500,00";"RUB";"";"Переводы";"";"Между своими счетами";"0,00";"0,00";"-500,00"
"13.08.2025 13:40:27";"13.08.2025";"*3941";"OK";"500,00";"RUB";"500,00";"RUB";"";"Переводы";"";"Между своими счетами";"0,00";"0,00";"500,00"
"13.08.2025 13:40:26";"13.08.2025";"*4531";"OK";"-500,00";"RUB";"-500,00";"RUB";"";"Переводы";"";"Между своими счетами";"0,00";"0,00";"-500,00"
"13.08.2025 11:07:46";"13.08.2025";"*3941";"OK";"-399,00";"RUB";"-399,00";"RUB";"";"Экосистема Яндекс";"3990";"Яндекс Плюс";"3,00";"0,00";"-399,00"
"13.08.2025 09:07:42";"13.08.2025";"*3941";"OK";"-553,00";"RUB";"-553,00";"RUB";"";"Супермаркеты";"5411";"ВкусВилл";"0,00";"0,00";"-553,00"
"13.08.2025 09:07:32";"13.08.2025";"*3941";"OK";"600,00";"RUB";"600,00";"RUB";"";"Переводы";"";"Между своими счетами";"0,00";"0,00";"600,00"
"13.08.2025 09:07:31";"13.08.2025";"*4531";"OK";"-600,00";"RUB";"-600,00";"RUB";"";"Переводы";"";"Между своими счетами";"0,00";"0,00";"-600,00"
"12.08.2025 20:27:41";"12.08.2025";"*4531";"OK";"-410,00";"RUB";"-410,00";"RUB";"";"Переводы";"";"Юлия И.";"0,00";"0,00";"-410,00"
"12.08.2025 19:32:14";"12.08.2025";"*4531";"OK";"-2000,00";"RUB";"-2000,00";"RUB";"";"Переводы";"";"Александра К.";"0,00";"0,00";"-2000,00"
"12.08.2025 16:42:29";"12.08.2025";"*3941";"OK";"-250,00";"RUB";"-250,00";"RUB";"";"Супермаркеты";"5411";"VV_8172_CAFE_1_P_QR";"2,00";"0,00";"-250,00"
"12.08.2025 16:07:45";"12.08.2025";"*4531";"OK";"1700,00";"RUB";"1700,00";"RUB";"";"Пополнения";"";"Внесение наличных через банкомат Т-Банк";"0,00";"0,00";"1700,00"
"12.08.2025 16:04:25";"12.08.2025";"*4531";"OK";"-190,00";"RUB";"-190,00";"RUB";"";"Переводы";"";"Юлия И.";"0,00";"0,00";"-190,00"
"12.08.2025 15:05:00";"12.08.2025";"*4531";"OK";"-500,00";"RUB";"-500,00";"RUB";"5,00";"Местный транспорт";"4111";"Московский транспорт";"5,00";"0,00";"-500,00"
"12.08.2025 14:26:30";"12.08.2025";"*4531";"OK";"12000,00";"RUB";"12000,00";"RUB";"";"Переводы";"";"Перевод собственных средств на счет. НДС не облагается.";"0,00";"0,00";"12000,00"
"11.08.2025 20:05:41";"11.08.2025";"*4531";"OK";"14000,00";"RUB";"14000,00";"RUB";"";"Переводы";"";"Перевод собственных средств на счет. НДС не облагается.";"0,00";"0,00";"14000,00"
"11.08.2025 19:03:59";"11.08.2025";"*3941";"OK";"-1025,91";"RUB";"-1025,91";"RUB";"";"Супермаркеты";"5411";"Магнит";"0,00";"0,00";"-1025,91"
"11.08.2025 19:03:20";"11.08.2025";"*3941";"OK";"1000,00";"RUB";"1000,00";"RUB";"";"Переводы";"";"Перевод собственных средств на счет. НДС не облагается.";"0,00";"0,00";"1000,00"
"11.08.2025 18:40:25";"11.08.2025";"*3941";"OK";"-356,00";"RUB";"-356,00";"RUB";"";"Супермаркеты";"5411";"ВкусВилл";"0,00";"0,00";"-356,00"
"11.08.2025 18:17:30";"11.08.2025";"*3941";"OK";"-38,00";"RUB";"-38,00";"RUB";"";"Развлечения";"3990";"Самокаты - Яндекс Go";"0,00";"0,00";"-38,00"
"11.08.2025 17:46:34";"11.08.2025";"*3941";"OK";"-635,00";"RUB";"-635,00";"RUB";"";"Маркетплейсы";"5399";"Ozon.ru";"0,00";"0,00";"-635,00"
"11.08.2025 17:46:10";"11.08.2025";"*3941";"OK";"1116,44";"RUB";"1116,44";"RUB";"";"Переводы";"";"Перевод собственных средств на счет. НДС не облагается.";"0,00";"0,00";"1116,44"
"11.08.2025 13:35:56";"11.08.2025";"*4531";"OK";"-3000,00";"RUB";"-3000,00";"RUB";"";"Переводы";"";"Александра К.";"0,00";"0,00";"-3000,00"
"11.08.2025 13:34:56";"11.08.2025";"*4531";"OK";"500,00";"RUB";"500,00";"RUB";"";"Переводы";"";"Перевод собственных средств на счет. НДС не облагается.";"0,00";"0,00";"500,00"
"10.08.2025 15:46:30";"10.08.2025";"*3941";"OK";"-1925,00";"RUB";"-1925,00";"RUB";"";"Фастфуд";"3990";"Яндекс Еда";"19,00";"0,00";"-1925,00"
"10.08.2025 15:46:21";"10.08.2025";"*3941";"OK";"500,00";"RUB";"500,00";"RUB";"";"Переводы";"";"Между своими счетами";"0,00";"0,00";"500,00"
"10.08.2025 15:46:20";"10.08.2025";"*4531";"OK";"-500,00";"RUB";"-500,00";"RUB";"";"Переводы";"";"Между своими счетами";"0,00";"0,00";"-500,00"
"10.08.2025 15:45:42";"10.08.2025";"*3941";"OK";"829,00";"RUB";"829,00";"RUB";"";"Переводы";"";"Между своими счетами";"0,00";"0,00";"829,00"
"10.08.2025 15:45:41";"10.08.2025";"*4531";"OK";"-829,00";"RUB";"-829,00";"RUB";"";"Переводы";"";"Между своими счетами";"0,00";"0,00";"-829,00"
"10.08.2025 15:15:05";"10.08.2025";"*4531";"OK";"-320,00";"RUB";"-320,00";"RUB";"";"Переводы";"";"Юлия И.";"0,00";"0,00";"-320,00"
"10.08.2025 10:32:28";"10.08.2025";"*3941";"OK";"-6093,00";"RUB";"-6093,00";"RUB";"";"Маркетплейсы";"5300";"WILDBERRIES";"60,00";"0,00";"-6093,00"
"10.08.2025 10:32:09";"10.08.2025";"*3941";"OK";"7000,00";"RUB";"7000,00";"RUB";"";"Переводы";"";"Перевод собственных средств на счет. НДС не облагается.";"0,00";"0,00";"7000,00"
"10.08.2025 10:21:01";"10.08.2025";"*3941";"OK";"-403,00";"RUB";"-403,00";"RUB";"";"Супермаркеты";"5411";"ВкусВилл";"0,00";"0,00";"-403,00"
"10.08.2025 10:20:50";"10.08.2025";"*3941";"OK";"500,00";"RUB";"500,00";"RUB";"";"Переводы";"";"Между своими счетами";"0,00";"0,00";"500,00"
"10.08.2025 10:20:49";"10.08.2025";"*4531";"OK";"-500,00";"RUB";"-500,00";"RUB";"";"Переводы";"";"Между своими счетами";"0,00";"0,00";"-500,00"
"10.08.2025 09:59:36";"10.08.2025";"*4531";"OK";"-1200,00";"RUB";"-1200,00";"RUB";"";"Переводы";"";"Юлия И.";"0,00";"0,00";"-1200,00"
"09.08.2025 19:20:02";"09.08.2025";"*3941";"OK";"-3659,00";"RUB";"-3659,00";"RUB";"";"Различные товары";"5734";"YCLIENTS";"36,00";"0,00";"-3659,00"
"09.08.2025 19:19:00";"09.08.2025";"*3941";"OK";"2500,00";"RUB";"2500,00";"RUB";"";"Переводы";"";"Между своими счетами";"0,00";"0,00";"2500,00"
"09.08.2025 19:18:59";"09.08.2025";"*4531";"OK";"-2500,00";"RUB";"-2500,00";"RUB";"";"Переводы";"";"Между своими счетами";"0,00";"0,00";"-2500,00"
"09.08.2025 16:52:11";"09.08.2025";"*3941";"OK";"-973,00";"RUB";"-973,00";"RUB";"";"Маркетплейсы";"5300";"Avito";"0,00";"0,00";"-973,00"
"09.08.2025 16:24:26";"09.08.2025";"*3941";"OK";"-500,00";"RUB";"-500,00";"RUB";"";"Маркетплейсы";"5300";"Avito";"0,00";"0,00";"-500,00"
"09.08.2025 16:22:40";"09.08.2025";"*4531";"OK";"-551,00";"RUB";"-551,00";"RUB";"";"Переводы";"";"Перевод юридическому лицу";"0,00";"0,00";"-551,00"
"09.08.2025 14:17:06";"09.08.2025";"*3941";"OK";"-1690,00";"RUB";"-1690,00";"RUB";"";"Супермаркеты";"3990";"Яндекс Лавка";"16,00";"0,00";"-1690,00"
"09.08.2025 10:28:12";"09.08.2025";"*3941";"OK";"-300,00";"RUB";"-300,00";"RUB";"";"Фастфуд";"5814";"Шаурма";"3,00";"0,00";"-300,00"
"09.08.2025 10:25:58";"09.08.2025";"*3941";"OK";"-410,00";"RUB";"-410,00";"RUB";"";"Супермаркеты";"5411";"ВкусВилл";"0,00";"0,00";"-410,00"
"09.08.2025 08:25:22";"09.08.2025";"*4531";"OK";"-10100,00";"RUB";"-10100,00";"RUB";"";"Переводы";"";"Юлия И.";"0,00";"0,00";"-10100,00"
"09.08.2025 08:24:25";"09.08.2025";"*4531";"OK";"10000,00";"RUB";"10000,00";"RUB";"";"Переводы";"";"Перевод собственных средств на счет. НДС не облагается.";"0,00";"0,00";"10000,00"
"08.08.2025 20:24:21";"08.08.2025";"*3941";"OK";"-1783,00";"RUB";"-1783,00";"RUB";"";"Фастфуд";"3990";"Яндекс Еда";"17,00";"0,00";"-1783,00"
"08.08.2025 20:23:57";"08.08.2025";"*3941";"OK";"5771,88";"RUB";"5771,88";"RUB";"";"Переводы";"";"Перевод собственных средств на счет. НДС не облагается.";"0,00";"0,00";"5771,88"
"08.08.2025 17:58:56";"08.08.2025";"*3941";"OK";"-1283,00";"RUB";"-1283,00";"RUB";"";"Такси";"3990";"Яндекс Такси";"12,00";"0,00";"-1283,00"
"08.08.2025 17:16:11";"08.08.2025";"*3941";"OK";"2560,00";"RUB";"2560,00";"RUB";"";"Переводы";"";"Между своими счетами";"0,00";"0,00";"2560,00"
"08.08.2025 17:16:10";"08.08.2025";"*4531";"OK";"-2560,00";"RUB";"-2560,00";"RUB";"";"Переводы";"";"Между своими счетами";"0,00";"0,00";"-2560,00"
"08.08.2025 16:42:32";"08.08.2025";"*4531";"OK";"-600,00";"RUB";"-600,00";"RUB";"6,00";"Развлечения";"7991";"Палеонтологический музей";"6,00";"0,00";"-600,00"
"08.08.2025 16:39:22";"08.08.2025";"*3941";"OK";"-415,00";"RUB";"-415,00";"RUB";"";"Такси";"3990";"Яндекс Такси";"4,00";"0,00";"-415,00"
"08.08.2025 16:21:25";"08.08.2025";"*3941";"OK";"-398,99";"RUB";"-398,99";"RUB";"";"Супермаркеты";"5411";"Перекрёсток";"3,00";"0,00";"-398,99"
"08.08.2025 10:12:20";"08.08.2025";"*3941";"OK";"-371,00";"RUB";"-371,00";"RUB";"";"Фастфуд";"5814";"Дринкит";"0,00";"0,00";"-371,00"
"08.08.2025 10:00:55";"08.08.2025";"*3941";"OK";"-474,36";"RUB";"-474,36";"RUB";"";"Супермаркеты";"5411";"Лента";"0,00";"0,00";"-474,36"
"08.08.2025 09:08:23";"08.08.2025";"*3941";"OK";"-1060,00";"RUB";"-1060,00";"RUB";"";"Маркетплейсы";"5399";"Ozon.ru";"0,00";"0,00";"-1060,00"
"07.08.2025 23:19:19";"08.08.2025";"*3941";"OK";"-678,00";"RUB";"-678,00";"RUB";"";"Маркетплейсы";"5300";"Avito";"6,00";"0,00";"-678,00"
"07.08.2025 23:05:21";"08.08.2025";"*3941";"OK";"-72,00";"RUB";"-72,00";"RUB";"";"Маркетплейсы";"5300";"Avito";"0,00";"0,00";"-72,00"
"07.08.2025 19:34:37";"07.08.2025";"*3941";"OK";"-690,00";"RUB";"-690,00";"RUB";"";"Фастфуд";"5814";"Рецепт_P_QR";"6,00";"0,00";"-690,00"
"07.08.2025 17:39:54";"07.08.2025";"*4531";"OK";"5000,00";"RUB";"5000,00";"RUB";"";"Пополнения";"";"Внесение наличных через банкомат Т-Банк";"0,00";"0,00";"5000,00"
"07.08.2025 16:28:48";"07.08.2025";"*3941";"OK";"-232,00";"RUB";"-232,00";"RUB";"";"Фастфуд";"5814";"PE TOROVTCEVA A S_QR";"2,00";"0,00";"-232,00"
"07.08.2025 15:13:10";"07.08.2025";"*4531";"OK";"-340,00";"RUB";"-340,00";"RUB";"";"Переводы";"";"Юлия И.";"0,00";"0,00";"-340,00"
"07.08.2025 14:37:04";"07.08.2025";"*3941";"OK";"-2070,00";"RUB";"-2070,00";"RUB";"";"Рестораны";"5812";"MiMi-Хамовники_P_QR";"20,00";"0,00";"-2070,00"
"07.08.2025 14:35:32";"07.08.2025";"*3941";"OK";"6069,88";"RUB";"6069,88";"RUB";"";"Переводы";"";"Перевод собственных средств на счет. НДС не облагается.";"0,00";"0,00";"6069,88"
"07.08.2025 11:29:31";"07.08.2025";"*4531";"OK";"-2500,00";"RUB";"-2500,00";"RUB";"";"Переводы";"";"Юлия И.";"0,00";"0,00";"-2500,00"
"06.08.2025 17:20:02";"06.08.2025";"*3941";"OK";"-6596,00";"RUB";"-6596,00";"RUB";"";"Маркетплейсы";"5300";"WILDBERRIES";"65,00";"0,00";"-6596,00"
"06.08.2025 17:19:52";"06.08.2025";"*3941";"OK";"5050,00";"RUB";"5050,00";"RUB";"";"Переводы";"";"Между своими счетами";"0,00";"0,00";"5050,00"
"06.08.2025 17:19:51";"06.08.2025";"*4531";"OK";"-5050,00";"RUB";"-5050,00";"RUB";"";"Переводы";"";"Между своими счетами";"0,00";"0,00";"-5050,00"
"06.08.2025 12:41:07";"06.08.2025";"*3941";"OK";"-3508,00";"RUB";"-3508,00";"RUB";"";"Маркетплейсы";"5399";"Ozon.ru";"0,00";"0,00";"-3508,00"
"06.08.2025 12:40:21";"06.08.2025";"*3941";"OK";"-594,00";"RUB";"-594,00";"RUB";"";"Маркетплейсы";"5300";"Avito";"0,00";"0,00";"-594,00"
"06.08.2025 11:29:55";"06.08.2025";"*3941";"OK";"-602,00";"RUB";"-602,00";"RUB";"";"Супермаркеты";"3991";"Самокат";"6,00";"0,00";"-602,00"
"06.08.2025 08:54:43";"";"*3941";"FAILED";"-3508,00";"RUB";"-3508,00";"RUB";"";"Различные товары";"";"Покупка по QR";"0,00";"0,00";"-3508,00"
"06.08.2025 08:54:01";"";"*3941";"FAILED";"-3508,00";"RUB";"-3508,00";"RUB";"";"Различные товары";"";"Покупка по QR";"0,00";"0,00";"-3508,00"
"06.08.2025 08:53:41";"";"*3941";"FAILED";"-3508,00";"RUB";"-3508,00";"RUB";"";"Различные товары";"";"Покупка по QR";"0,00";"0,00";"-3508,00"
"06.08.2025 08:53:37";"";"*3941";"FAILED";"-3508,00";"RUB";"-3508,00";"RUB";"";"Различные товары";"";"Покупка по QR";"0,00";"0,00";"-3508,00"
"06.08.2025 08:53:03";"06.08.2025";"*3941";"OK";"5000,00";"RUB";"5000,00";"RUB";"";"Переводы";"";"Перевод собственных средств на счет. НДС не облагается.";"0,00";"0,00";"5000,00"
"06.08.2025 08:49:28";"";"*3941";"FAILED";"-3508,00";"RUB";"-3508,00";"RUB";"";"Различные товары";"";"Покупка по QR";"0,00";"0,00";"-3508,00"
"06.08.2025 08:41:04";"";"*3941";"FAILED";"-3508,00";"RUB";"-3508,00";"RUB";"";"Различные товары";"";"Покупка по QR";"0,00";"0,00";"-3508,00"
"06.08.2025 08:39:00";"";"*3941";"FAILED";"-3508,00";"RUB";"-3508,00";"RUB";"";"Различные товары";"";"Покупка по QR";"0,00";"0,00";"-3508,00"
"05.08.2025 22:13:28";"06.08.2025";"*3941";"OK";"-199,99";"RUB";"-199,99";"RUB";"";"Супермаркеты";"5411";"Перекрёсток";"0,00";"0,00";"-199,99"
"05.08.2025 22:12:12";"06.08.2025";"*4531";"OK";"15000,00";"RUB";"15000,00";"RUB";"";"Пополнения";"";"Внесение наличных через банкомат Т-Банк";"0,00";"0,00";"15000,00"
"05.08.2025 21:11:55";"05.08.2025";"*3941";"OK";"-280,00";"RUB";"-280,00";"RUB";"";"Фастфуд";"5814";"PE TOROVTCEVA A S_QR";"2,00";"0,00";"-280,00"
"05.08.2025 16:17:48";"05.08.2025";"*3941";"OK";"-429,96";"RUB";"-429,96";"RUB";"";"Супермаркеты";"5411";"Перекрёсток";"0,00";"0,00";"-429,96"
"05.08.2025 14:06:51";"05.08.2025";"*3941";"OK";"-15975,00";"RUB";"-15975,00";"RUB";"";"Финансы";"3990";"Яндекс Сплит";"0,00";"0,00";"-15975,00"
"05.08.2025 14:05:37";"05.08.2025";"*3941";"OK";"11445,39";"RUB";"11445,39";"RUB";"";"Переводы";"";"Перевод собственных средств на счет. НДС не облагается.";"0,00";"0,00";"11445,39"
"05.08.2025 13:56:09";"05.08.2025";"";"OK";"11,00";"RUB";"11,00";"RUB";"";"Супермаркеты";"5300";"Возврат покупки через СБП Сервисы Яндекса";"0,00";"0,00";"11,00"
"05.08.2025 13:56:03";"05.08.2025";"";"OK";"-11,00";"RUB";"-11,00";"RUB";"";"Супермаркеты";"5300";"Яндекс Сервисы";"0,00";"0,00";"-11,00"
"05.08.2025 09:17:13";"05.08.2025";"*3941";"OK";"-1714,00";"RUB";"-1714,00";"RUB";"";"Маркетплейсы";"5300";"WILDBERRIES";"17,00";"0,00";"-1714,00"
"05.08.2025 09:15:42";"05.08.2025";"*3941";"OK";"-752,00";"RUB";"-752,00";"RUB";"";"Маркетплейсы";"5300";"Avito";"0,00";"0,00";"-752,00"
"05.08.2025 01:11:16";"05.08.2025";"*3941";"OK";"-959,00";"RUB";"-959,00";"RUB";"";"Связь";"4814";"Рег.ру";"0,00";"0,00";"-959,00"
"04.08.2025 19:34:26";"04.08.2025";"*3941";"OK";"-1106,00";"RUB";"-1106,00";"RUB";"";"Супермаркеты";"3991";"Самокат";"11,00";"0,00";"-1106,00"
"04.08.2025 18:10:12";"04.08.2025";"*3941";"OK";"-290,00";"RUB";"-290,00";"RUB";"";"Супермаркеты";"5411";"ВкусВилл";"0,00";"0,00";"-290,00"
"04.08.2025 17:28:48";"04.08.2025";"*3941";"OK";"-500,00";"RUB";"-500,00";"RUB";"";"Мобильная связь";"";"МТС +7 916 447-05-69";"0,00";"0,00";"-500,00"
"04.08.2025 14:59:09";"04.08.2025";"*3941";"OK";"-6000,00";"RUB";"-6000,00";"RUB";"";"Сервис";"7311";"VK Реклама";"0,00";"0,00";"-6000,00"
"04.08.2025 14:58:32";"04.08.2025";"*3941";"OK";"15000,00";"RUB";"15000,00";"RUB";"";"Переводы";"";"Перевод собственных средств на счет. НДС не облагается.";"0,00";"0,00";"15000,00"
"04.08.2025 13:52:26";"04.08.2025";"*3941";"OK";"-1599,00";"RUB";"-1599,00";"RUB";"";"Связь";"4814";"Рег.ру";"0,00";"0,00";"-1599,00"
"04.08.2025 12:46:42";"04.08.2025";"*3941";"OK";"-199,99";"RUB";"-199,99";"RUB";"";"Супермаркеты";"5411";"Перекрёсток";"0,00";"0,00";"-199,99"
"04.08.2025 12:46:00";"04.08.2025";"*3941";"OK";"4931,69";"RUB";"4931,69";"RUB";"";"Переводы";"";"Перевод собственных средств на счет. НДС не облагается.";"0,00";"0,00";"4931,69"
"04.08.2025 11:52:05";"04.08.2025";"*3941";"OK";"-4587,00";"RUB";"-4587,00";"RUB";"";"Маркетплейсы";"5300";"WILDBERRIES";"45,00";"0,00";"-4587,00"
"04.08.2025 11:48:26";"04.08.2025";"*3941";"OK";"-540,98";"RUB";"-540,98";"RUB";"";"Фастфуд";"5814";"Бургер Кинг";"0,00";"0,00";"-540,98"
"03.08.2025 20:36:48";"03.08.2025";"*3941";"OK";"-685,80";"RUB";"-685,80";"RUB";"";"Супермаркеты";"5411";"ВкусВилл";"0,00";"0,00";"-685,80"
"03.08.2025 17:28:39";"03.08.2025";"*3941";"OK";"-6815,00";"RUB";"-6815,00";"RUB";"";"Маркетплейсы";"5399";"Ozon.ru";"0,00";"0,00";"-6815,00"
"03.08.2025 17:27:40";"03.08.2025";"*3941";"OK";"10000,00";"RUB";"10000,00";"RUB";"";"Переводы";"";"Перевод собственных средств на счет. НДС не облагается.";"0,00";"0,00";"10000,00"
"03.08.2025 11:44:10";"03.08.2025";"*3941";"OK";"-541,66";"RUB";"-541,66";"RUB";"";"Супермаркеты";"5411";"Магнит";"0,00";"0,00";"-541,66"
"03.08.2025 10:06:59";"03.08.2025";"*3941";"OK";"-810,00";"RUB";"-810,00";"RUB";"";"Развлечения";"7998";"Московский зоопарк";"8,00";"0,00";"-810,00"
"03.08.2025 10:04:04";"03.08.2025";"*3941";"OK";"-750,00";"RUB";"-750,00";"RUB";"";"Развлечения";"7998";"Московский зоопарк";"7,00";"0,00";"-750,00"
"03.08.2025 09:45:36";"03.08.2025";"*3941";"OK";"-250,00";"RUB";"-250,00";"RUB";"";"Развлечения";"7998";"Московский зоопарк";"2,00";"0,00";"-250,00"
"03.08.2025 09:29:55";"03.08.2025";"*3941";"OK";"-300,00";"RUB";"-300,00";"RUB";"";"Различные товары";"5945";"Зоопарк - игрушки_P_QR";"3,00";"0,00";"-300,00"
"03.08.2025 09:13:37";"05.08.2025";"*3941";"OK";"-1500,00";"RUB";"-1500,00";"RUB";"";"Турагентства";"4722";"RUSSPASS";"0,00";"0,00";"-1500,00"
"03.08.2025 09:12:24";"03.08.2025";"*3941";"OK";"6782,07";"RUB";"6782,07";"RUB";"";"Переводы";"";"Перевод собственных средств на счет. НДС не облагается.";"0,00";"0,00";"6782,07"
"01.08.2025 18:29:34";"01.08.2025";"*4531";"OK";"-24000,00";"RUB";"-24000,00";"RUB";"";"Переводы";"";"Светлана Б.";"0,00";"0,00";"-24000,00"
"01.08.2025 18:27:14";"01.08.2025";"*4531";"OK";"24050,00";"RUB";"24050,00";"RUB";"";"Переводы";"";"Перевод собственных средств на счет. НДС не облагается.";"0,00";"0,00";"24050,00"
"01.08.2025 18:14:14";"01.08.2025";"*4531";"OK";"-16500,00";"RUB";"-16500,00";"RUB";"";"Наличные";"6011";"Снятие в банкомате Т-Банк";"0,00";"0,00";"-16500,00"
"01.08.2025 18:12:38";"01.08.2025";"*4531";"OK";"16500,00";"RUB";"16500,00";"RUB";"";"Переводы";"";"Перевод собственных средств на счет. НДС не облагается.";"0,00";"0,00";"16500,00"
"01.08.2025 12:51:45";"01.08.2025";"*4531";"OK";"-4322,00";"RUB";"-4322,00";"RUB";"";"Переводы";"";"Дмитрий В.";"0,00";"0,00";"-4322,00"
"01.08.2025 12:50:57";"01.08.2025";"*4531";"OK";"4322,00";"RUB";"4322,00";"RUB";"";"Переводы";"";"Перевод собственных средств на счет. НДС не облагается.";"0,00";"0,00";"4322,00"
"30.07.2025 21:50:52";"30.07.2025";"*4531";"OK";"-4000,00";"RUB";"-4000,00";"RUB";"";"Переводы";"";"Юлия И.";"0,00";"0,00";"-4000,00"
"30.07.2025 21:45:28";"30.07.2025";"*4531";"OK";"4000,00";"RUB";"4000,00";"RUB";"";"Переводы";"";"Перевод собственных средств на счет. НДС не облагается.";"0,00";"0,00";"4000,00"
"29.07.2025 17:11:18";"29.07.2025";"*4531";"OK";"-8000,00";"RUB";"-8000,00";"RUB";"";"Наличные";"6011";"Снятие в банкомате Т-Банк";"0,00";"0,00";"-8000,00"
"29.07.2025 17:09:00";"29.07.2025";"*4531";"OK";"8000,00";"RUB";"8000,00";"RUB";"";"Переводы";"";"Перевод собственных средств на счет. НДС не облагается.";"0,00";"0,00";"8000,00"
"28.07.2025 10:46:07";"28.07.2025";"*4531";"OK";"-4000,00";"RUB";"-4000,00";"RUB";"";"Наличные";"6011";"Снятие в банкомате Т-Банк";"0,00";"0,00";"-4000,00"
"28.07.2025 10:45:09";"28.07.2025";"*4531";"OK";"4000,00";"RUB";"4000,00";"RUB";"";"Переводы";"";"Перевод собственных средств на счет. НДС не облагается.";"0,00";"0,00";"4000,00"
"27.07.2025 17:46:36";"27.07.2025";"*4531";"OK";"-2000,00";"RUB";"-2000,00";"RUB";"";"Переводы";"";"Александра К.";"0,00";"0,00";"-2000,00"
"27.07.2025 17:42:08";"27.07.2025";"*4531";"OK";"1215,00";"RUB";"1215,00";"RUB";"";"Переводы";"";"Перевод собственных средств на счет. НДС не облагается.";"0,00";"0,00";"1215,00"
"27.07.2025 15:28:02";"27.07.2025";"*3941";"OK";"20590,33";"RUB";"20590,33";"RUB";"";"Переводы";"";"Перевод собственных средств на счет. НДС не облагается.";"0,00";"0,00";"20590,33"
"26.07.2025 04:53:36";"26.07.2025";"*4531";"OK";"-150,00";"RUB";"-150,00";"RUB";"";"Переводы";"";"Перевод юридическому лицу";"0,00";"0,00";"-150,00"
"26.07.2025 04:33:40";"26.07.2025";"*4531";"OK";"-340,00";"RUB";"-340,00";"RUB";"";"Переводы";"";"Перевод юридическому лицу";"0,00";"0,00";"-340,00"
"25.07.2025 19:33:25";"25.07.2025";"*4531";"OK";"-476,00";"RUB";"-476,00";"RUB";"";"Супермаркеты";"5411";"ВкусВилл";"0,00";"0,00";"-476,00"
"25.07.2025 15:53:40";"25.07.2025";"";"OK";"-249,00";"RUB";"-249,00";"RUB";"";"Супермаркеты";"5411";"Перекрёсток";"0,00";"0,00";"-249,00"
"25.07.2025 15:44:39";"25.07.2025";"*4531";"OK";"2000,00";"RUB";"2000,00";"RUB";"";"Переводы";"";"Перевод собственных средств на счет. НДС не облагается.";"0,00";"0,00";"2000,00"
"25.07.2025 15:42:52";"25.07.2025";"*3941";"OK";"9,30";"RUB";"9,30";"RUB";"";"Переводы";"";"Между своими счетами";"0,00";"0,00";"9,30"
"25.07.2025 15:42:51";"25.07.2025";"*4531";"OK";"-9,30";"RUB";"-9,30";"RUB";"";"Переводы";"";"Между своими счетами";"0,00";"0,00";"-9,30"
"25.07.2025 12:40:48";"25.07.2025";"";"OK";"-199,99";"RUB";"-199,99";"RUB";"";"Супермаркеты";"5411";"Перекрёсток";"0,00";"0,00";"-199,99"
"25.07.2025 11:51:07";"25.07.2025";"*4531";"OK";"-2178,00";"RUB";"-2178,00";"RUB";"";"Переводы";"";"Юлия С.";"0,00";"0,00";"-2178,00"
"25.07.2025 11:49:03";"25.07.2025";"*4531";"OK";"2200,00";"RUB";"2200,00";"RUB";"";"Переводы";"";"Перевод собственных средств на счет. НДС не облагается.";"0,00";"0,00";"2200,00"
"25.07.2025 11:42:06";"25.07.2025";"";"OK";"-109,99";"RUB";"-109,99";"RUB";"";"Супермаркеты";"5411";"Перекрёсток";"0,00";"0,00";"-109,99"
"24.07.2025 21:03:07";"24.07.2025";"*4531";"OK";"-2000,00";"RUB";"-2000,00";"RUB";"";"Переводы";"";"Александра К.";"0,00";"0,00";"-2000,00"
"24.07.2025 21:02:23";"24.07.2025";"*4531";"OK";"482,98";"RUB";"482,98";"RUB";"";"Переводы";"";"Перевод собственных средств на счет. НДС не облагается.";"0,00";"0,00";"482,98"
"24.07.2025 19:36:01";"24.07.2025";"";"OK";"-226,00";"RUB";"-226,00";"RUB";"";"Фастфуд";"5814";"Дринкит";"0,00";"0,00";"-226,00"
"24.07.2025 19:27:58";"24.07.2025";"*4531";"OK";"-199,99";"RUB";"-199,99";"RUB";"";"Супермаркеты";"5411";"Магнит";"0,00";"0,00";"-199,99"
"24.07.2025 16:00:08";"24.07.2025";"";"OK";"-619,96";"RUB";"-619,96";"RUB";"";"Супермаркеты";"5411";"Перекрёсток";"0,00";"0,00";"-619,96"
"24.07.2025 15:18:25";"24.07.2025";"";"OK";"-408,00";"RUB";"-408,00";"RUB";"";"Фастфуд";"5814";"PE TOROVTCEVA A S_QR";"0,00";"0,00";"-408,00"
"24.07.2025 13:31:20";"24.07.2025";"";"OK";"-726,00";"RUB";"-726,00";"RUB";"";"Фастфуд";"5814";"Вкусно — и точка";"0,00";"0,00";"-726,00"
"24.07.2025 10:51:27";"24.07.2025";"*4531";"OK";"-1905,00";"RUB";"-1905,00";"RUB";"";"Переводы";"";"Юлия С.";"0,00";"0,00";"-1905,00"
"24.07.2025 10:50:24";"24.07.2025";"*4531";"OK";"5000,00";"RUB";"5000,00";"RUB";"";"Переводы";"";"Перевод собственных средств на счет. НДС не облагается.";"0,00";"0,00";"5000,00"
"24.07.2025 09:45:57";"24.07.2025";"*4531";"OK";"-178,00";"RUB";"-178,00";"RUB";"";"Супермаркеты";"5411";"Перекрёсток";"0,00";"0,00";"-178,00"
"24.07.2025 09:45:24";"24.07.2025";"*4531";"OK";"1076,45";"RUB";"1076,45";"RUB";"";"Переводы";"";"Перевод собственных средств на счет. НДС не облагается.";"0,00";"0,00";"1076,45"
"23.07.2025 14:26:10";"23.07.2025";"*4531";"OK";"-1696,00";"RUB";"-1696,00";"RUB";"";"Переводы";"";"Дмитрий В.";"0,00";"0,00";"-1696,00"
"23.07.2025 06:29:29";"23.07.2025";"*4531";"OK";"-3617,00";"RUB";"-3617,00";"RUB";"";"Переводы";"";"Дмитрий В.";"0,00";"0,00";"-3617,00"
"22.07.2025 17:41:13";"22.07.2025";"*4531";"OK";"-1000,00";"RUB";"-1000,00";"RUB";"";"Местный транспорт";"4111";"Московский метрополитен";"0,00";"0,00";"-1000,00"
"22.07.2025 17:36:29";"22.07.2025";"*4531";"OK";"-3000,00";"RUB";"-3000,00";"RUB";"";"Переводы";"";"Александра К.";"0,00";"0,00";"-3000,00"
"22.07.2025 17:35:13";"22.07.2025";"*4531";"OK";"-750,00";"RUB";"-750,00";"RUB";"";"Одежда и обувь";"5691";"IP Bolgov S.V. KhM2B";"0,00";"0,00";"-750,00"
"22.07.2025 17:32:44";"22.07.2025";"*4531";"OK";"10000,00";"RUB";"10000,00";"RUB";"";"Пополнения";"";"Внесение наличных через банкомат Т-Банк";"0,00";"0,00";"10000,00"
"22.07.2025 00:00:00";"";"";"OK";"-20625,28";"RUB";"-20625,28";"RUB";"";"Услуги банка";"";"Плата по кредитке";"0,00";"0,00";"-20625,28"
"22.07.2025 00:00:00";"";"";"OK";"0,00";"RUB";"0,00";"RUB";"";"Бонусы";"";"Зачисление кэшбэка";"0,00";"0,00";"0,00"
"21.07.2025 11:05:25";"21.07.2025";"*4531";"OK";"-934,97";"RUB";"-934,97";"RUB";"";"Фастфуд";"5814";"Бургер Кинг";"0,00";"0,00";"-934,97"
"20.07.2025 18:14:54";"20.07.2025";"*4531";"OK";"-1328,00";"RUB";"-1328,00";"RUB";"";"Супермаркеты";"5411";"ВкусВилл";"0,00";"0,00";"-1328,00"
"20.07.2025 13:00:56";"20.07.2025";"*4531";"OK";"-420,00";"RUB";"-420,00";"RUB";"";"Фастфуд";"5814";"Даблби";"0,00";"0,00";"-420,00"
"20.07.2025 12:27:19";"20.07.2025";"*4531";"OK";"-602,00";"RUB";"-602,00";"RUB";"";"Супермаркеты";"5411";"ВкусВилл";"0,00";"0,00";"-602,00"
"20.07.2025 09:32:32";"20.07.2025";"*4531";"OK";"-131,59";"RUB";"-131,59";"RUB";"";"Супермаркеты";"5411";"Магнит";"0,00";"0,00";"-131,59"
"19.07.2025 19:27:46";"19.07.2025";"*4531";"OK";"-1626,01";"RUB";"-1626,01";"RUB";"";"Супермаркеты";"5411";"Магнит";"0,00";"0,00";"-1626,01"
"19.07.2025 19:15:19";"19.07.2025";"*4531";"OK";"5000,00";"RUB";"5000,00";"RUB";"";"Переводы";"";"Перевод собственных средств на счет. НДС не облагается.";"0,00";"0,00";"5000,00"
"19.07.2025 10:49:49";"19.07.2025";"*4531";"OK";"-1033,63";"RUB";"-1033,63";"RUB";"";"Супермаркеты";"5411";"Магнолия";"0,00";"0,00";"-1033,63"
"19.07.2025 10:19:41";"19.07.2025";"*4531";"OK";"-710,00";"RUB";"-710,00";"RUB";"";"Фастфуд";"5814";"Даблби";"0,00";"0,00";"-710,00"
"19.07.2025 09:50:40";"19.07.2025";"*4531";"OK";"-150,00";"RUB";"-150,00";"RUB";"";"Супермаркеты";"5499";"Сеть киосков мороженого";"0,00";"0,00";"-150,00"
"19.07.2025 09:49:04";"19.07.2025";"*4531";"OK";"2000,00";"RUB";"2000,00";"RUB";"";"Переводы";"";"Перевод собственных средств на счет. НДС не облагается.";"0,00";"0,00";"2000,00"
"18.07.2025 21:03:28";"18.07.2025";"*3941";"OK";"53,09";"RUB";"53,09";"RUB";"";"Переводы";"";"Между своими счетами";"0,00";"0,00";"53,09"
"18.07.2025 21:03:27";"18.07.2025";"*4531";"OK";"-53,09";"RUB";"-53,09";"RUB";"";"Переводы";"";"Между своими счетами";"0,00";"0,00";"-53,09"
"18.07.2025 18:33:51";"18.07.2025";"";"OK";"-140,00";"RUB";"-140,00";"RUB";"";"Супермаркеты";"5411";"ВкусВилл";"0,00";"0,00";"-140,00"
"18.07.2025 16:31:52";"18.07.2025";"*4531";"OK";"-68000,00";"RUB";"-68000,00";"RUB";"";"Переводы";"";"Дмитрий В.";"0,00";"0,00";"-68000,00"
"18.07.2025 16:31:21";"18.07.2025";"*4531";"OK";"68000,00";"RUB";"68000,00";"RUB";"";"Переводы";"";"Перевод собственных средств на счет. НДС не облагается.";"0,00";"0,00";"68000,00"
"18.07.2025 13:36:45";"18.07.2025";"*4531";"OK";"-1500,00";"RUB";"-1500,00";"RUB";"";"Переводы";"";"Дмитрий В.";"0,00";"0,00";"-1500,00"
"18.07.2025 13:35:47";"18.07.2025";"*4531";"OK";"1000,00";"RUB";"1000,00";"RUB";"";"Переводы";"";"Перевод собственных средств на счет. НДС не облагается.";"0,00";"0,00";"1000,00"
"18.07.2025 11:07:19";"18.07.2025";"*3941";"OK";"-955,94";"RUB";"-955,94";"RUB";"";"Супермаркеты";"5411";"Магнит";"0,00";"0,00";"-955,94"
"18.07.2025 11:00:02";"18.07.2025";"";"OK";"-2000,00";"RUB";"-2000,00";"RUB";"";"Красота";"7230";"mail salon_E_QR";"0,00";"0,00";"-2000,00"
"18.07.2025 07:57:19";"18.07.2025";"*4531";"OK";"-299,00";"RUB";"-299,00";"RUB";"";"Другое";"";"Подписка Pro";"0,00";"0,00";"-299,00"
"17.07.2025 19:47:57";"17.07.2025";"";"OK";"-500,00";"RUB";"-500,00";"RUB";"";"Маркетплейсы";"5300";"Avito";"0,00";"0,00";"-500,00"
"17.07.2025 17:04:58";"17.07.2025";"";"OK";"-459,00";"RUB";"-459,00";"RUB";"";"Супермаркеты";"5411";"Азбука Вкуса";"0,00";"0,00";"-459,00"
"17.07.2025 17:00:22";"17.07.2025";"";"OK";"-229,00";"RUB";"-229,00";"RUB";"";"Супермаркеты";"5411";"Азбука Вкуса";"0,00";"0,00";"-229,00"
"17.07.2025 16:58:30";"17.07.2025";"";"OK";"-270,00";"RUB";"-270,00";"RUB";"";"Супермаркеты";"5411";"Азбука Вкуса";"0,00";"0,00";"-270,00"
"17.07.2025 16:27:10";"17.07.2025";"";"OK";"-950,00";"RUB";"-950,00";"RUB";"";"Фастфуд";"5814";"GREEKS_P_QR";"0,00";"0,00";"-950,00"
"17.07.2025 08:22:45";"17.07.2025";"";"OK";"-659,95";"RUB";"-659,95";"RUB";"";"Супермаркеты";"5411";"Лента";"0,00";"0,00";"-659,95"
"17.07.2025 01:38:47";"17.07.2025";"*4531";"OK";"-959,00";"RUB";"-959,00";"RUB";"";"Сервис";"7372";"Рег.ру";"0,00";"0,00";"-959,00"
"16.07.2025 21:48:52";"17.07.2025";"*4531";"OK";"-500,00";"RUB";"-500,00";"RUB";"";"Местный транспорт";"4111";"Московский метрополитен";"0,00";"0,00";"-500,00"
"16.07.2025 19:36:16";"16.07.2025";"";"OK";"-199,99";"RUB";"-199,99";"RUB";"";"Супермаркеты";"5411";"Перекрёсток";"0,00";"0,00";"-199,99"
"16.07.2025 18:34:10";"16.07.2025";"*4531";"OK";"1000,00";"RUB";"1000,00";"RUB";"";"Пополнения";"";"Внесение наличных через банкомат Т-Банк";"0,00";"0,00";"1000,00"
"16.07.2025 18:33:20";"16.07.2025";"*4531";"OK";"6500,00";"RUB";"6500,00";"RUB";"";"Пополнения";"";"Внесение наличных через банкомат Т-Банк";"0,00";"0,00";"6500,00"
"16.07.2025 18:31:18";"16.07.2025";"";"OK";"-259,98";"RUB";"-259,98";"RUB";"";"Супермаркеты";"5411";"Перекрёсток";"0,00";"0,00";"-259,98"
"16.07.2025 15:44:59";"16.07.2025";"";"OK";"-520,99";"RUB";"-520,99";"RUB";"";"Фастфуд";"5814";"Бургер Кинг";"0,00";"0,00";"-520,99"
"16.07.2025 15:44:23";"16.07.2025";"*4531";"OK";"1000,00";"RUB";"1000,00";"RUB";"";"Переводы";"";"Перевод собственных средств на счет. НДС не облагается.";"0,00";"0,00";"1000,00"
"15.07.2025 14:23:15";"15.07.2025";"*4531";"OK";"-2000,00";"RUB";"-2000,00";"RUB";"";"Переводы";"";"Дмитрий В.";"0,00";"0,00";"-2000,00"
"15.07.2025 14:22:44";"15.07.2025";"*4531";"OK";"-1500,00";"RUB";"-1500,00";"RUB";"";"Мобильная связь";"";"Мой телефон +7 926 930-84-84";"0,00";"0,00";"-1500,00"
"15.07.2025 14:18:49";"15.07.2025";"*4531";"OK";"-1500,00";"RUB";"-1500,00";"RUB";"";"Переводы";"";"Александра К.";"0,00";"0,00";"-1500,00"
"15.07.2025 14:17:08";"15.07.2025";"*4531";"OK";"-15000,00";"RUB";"-15000,00";"RUB";"";"Переводы";"";"Светлана Б.";"0,00";"0,00";"-15000,00"
"15.07.2025 14:14:57";"15.07.2025";"*4531";"OK";"-20000,00";"RUB";"-20000,00";"RUB";"";"Переводы";"";"Анна С.";"0,00";"0,00";"-20000,00"
"15.07.2025 14:13:41";"15.07.2025";"*4531";"OK";"40000,00";"RUB";"40000,00";"RUB";"";"Переводы";"";"Перевод собственных средств на счет. НДС не облагается.";"0,00";"0,00";"40000,00"
"14.07.2025 11:07:48";"";"*4531";"FAILED";"-399,00";"RUB";"-399,00";"RUB";"";"Цифровые товары";"";"Покупка по QR";"0,00";"0,00";"-399,00"
"11.07.2025 18:44:35";"11.07.2025";"*4531";"OK";"-3000,00";"RUB";"-3000,00";"RUB";"";"Переводы";"";"Дмитрий В.";"0,00";"0,00";"-3000,00"
"11.07.2025 18:44:04";"11.07.2025";"*4531";"OK";"3000,00";"RUB";"3000,00";"RUB";"";"Переводы";"";"Перевод собственных средств на счет. НДС не облагается.";"0,00";"0,00";"3000,00"
"09.07.2025 17:33:15";"09.07.2025";"*4531";"OK";"-20000,00";"RUB";"-20000,00";"RUB";"";"Переводы";"";"Дмитрий В.";"0,00";"0,00";"-20000,00"
"09.07.2025 17:32:37";"09.07.2025";"*4531";"OK";"20000,00";"RUB";"20000,00";"RUB";"";"Переводы";"";"Перевод собственных средств на счет. НДС не облагается.";"0,00";"0,00";"20000,00"
"09.07.2025 16:33:44";"09.07.2025";"*4531";"OK";"-48712,37";"RUB";"-48712,37";"RUB";"";"Переводы";"";"Дмитрий В.";"0,00";"0,00";"-48712,37"
"09.07.2025 16:32:36";"09.07.2025";"*3941";"OK";"-87000,00";"RUB";"-87000,00";"RUB";"";"Финансы";"3990";"Яндекс Аренда";"0,00";"0,00";"-87000,00"
"09.07.2025 16:32:00";"09.07.2025";"*3941";"OK";"88000,00";"RUB";"88000,00";"RUB";"";"Переводы";"";"Перевод собственных средств на счет. НДС не облагается.";"0,00";"0,00";"88000,00"
"09.07.2025 16:06:14";"09.07.2025";"*4531";"OK";"-1674,97";"RUB";"-1674,97";"RUB";"";"Супермаркеты";"5921";"ВинЛаб";"0,00";"0,00";"-1674,97"
"09.07.2025 15:57:48";"09.07.2025";"*4531";"OK";"50000,00";"RUB";"50000,00";"RUB";"";"Переводы";"";"Перевод собственных средств на счет. НДС не облагается.";"0,00";"0,00";"50000,00"
"09.07.2025 14:41:00";"09.07.2025";"*4531";"OK";"-140,00";"RUB";"-140,00";"RUB";"";"Супермаркеты";"5411";"ВкусВилл";"0,00";"0,00";"-140,00"
"08.07.2025 16:21:21";"08.07.2025";"";"OK";"-141,00";"RUB";"-141,00";"RUB";"";"Фастфуд";"5814";"Kleek";"0,00";"0,00";"-141,00"
"08.07.2025 16:18:18";"08.07.2025";"*4531";"OK";"-199,00";"RUB";"-199,00";"RUB";"";"Сервис";"7361";"Headhunter";"0,00";"0,00";"-199,00"
"07.07.2025 17:59:31";"07.07.2025";"*4531";"OK";"-2000,00";"RUB";"-2000,00";"RUB";"";"Переводы";"";"Мария К.";"0,00";"0,00";"-2000,00"
"07.07.2025 17:54:13";"07.07.2025";"*4531";"OK";"-7000,00";"RUB";"-7000,00";"RUB";"";"Наличные";"6011";"Снятие в банкомате Т-Банк";"0,00";"0,00";"-7000,00"
"07.07.2025 17:53:09";"07.07.2025";"*4531";"OK";"-178,00";"RUB";"-178,00";"RUB";"";"Супермаркеты";"5411";"Перекрёсток";"0,00";"0,00";"-178,00"
"07.07.2025 17:24:47";"07.07.2025";"*4531";"OK";"-250,00";"RUB";"-250,00";"RUB";"";"Фастфуд";"5814";"Фастфуд";"0,00";"0,00";"-250,00"
"07.07.2025 17:23:54";"07.07.2025";"*4531";"OK";"-670,00";"RUB";"-670,00";"RUB";"";"Фастфуд";"5814";"Evo_Khinkali&Co";"0,00";"0,00";"-670,00"
"07.07.2025 12:25:20";"07.07.2025";"";"OK";"-419,98";"RUB";"-419,98";"RUB";"";"Супермаркеты";"5411";"Перекрёсток";"0,00";"0,00";"-419,98"
"07.07.2025 09:04:09";"07.07.2025";"*4531";"OK";"-328,00";"RUB";"-328,00";"RUB";"";"Супермаркеты";"5411";"ВкусВилл";"0,00";"0,00";"-328,00"
"06.07.2025 16:07:48";"06.07.2025";"*4531";"OK";"-729,97";"RUB";"-729,97";"RUB";"";"Супермаркеты";"5411";"Перекрёсток";"0,00";"0,00";"-729,97"
"06.07.2025 15:11:25";"06.07.2025";"*4531";"OK";"-232,00";"RUB";"-232,00";"RUB";"";"Фастфуд";"5814";"Pe Torovtceva A S";"0,00";"0,00";"-232,00"
"06.07.2025 14:36:08";"06.07.2025";"*4531";"OK";"-620,00";"RUB";"-620,00";"RUB";"";"Фастфуд";"5814";"Evo_Khinkali&Co";"0,00";"0,00";"-620,00"
"06.07.2025 14:27:13";"06.07.2025";"*4531";"OK";"-8000,00";"RUB";"-8000,00";"RUB";"";"Переводы";"";"Александр А.";"0,00";"0,00";"-8000,00"
"06.07.2025 14:25:14";"06.07.2025";"*4531";"OK";"20000,00";"RUB";"20000,00";"RUB";"";"Пополнения";"";"Внесение наличных через банкомат Т-Банк";"0,00";"0,00";"20000,00"
"06.07.2025 10:43:57";"06.07.2025";"*4531";"OK";"1223,25";"RUB";"1223,25";"RUB";"";"Переводы";"";"Перевод собственных средств на счет. НДС не облагается.";"0,00";"0,00";"1223,25"
"05.07.2025 15:38:50";"05.07.2025";"";"OK";"-617,98";"RUB";"-617,98";"RUB";"";"Супермаркеты";"5411";"Перекрёсток";"0,00";"0,00";"-617,98"
"05.07.2025 13:08:41";"05.07.2025";"*4531";"OK";"-309,98";"RUB";"-309,98";"RUB";"";"Супермаркеты";"5411";"Перекрёсток";"0,00";"0,00";"-309,98"
"05.07.2025 13:06:20";"05.07.2025";"*4531";"OK";"1000,00";"RUB";"1000,00";"RUB";"";"Переводы";"";"Перевод собственных средств на счет. НДС не облагается.";"0,00";"0,00";"1000,00"
"05.07.2025 11:05:11";"05.07.2025";"*3941";"OK";"-320,00";"RUB";"-320,00";"RUB";"";"Фастфуд";"5814";"PE TOROVTCEVA A S_QR";"3,00";"0,00";"-320,00"
"05.07.2025 10:15:40";"05.07.2025";"*4531";"OK";"-567,08";"RUB";"-567,08";"RUB";"";"Переводы";"";"Дмитрий В.";"0,00";"0,00";"-567,08"
"04.07.2025 17:17:23";"04.07.2025";"*4531";"OK";"-109,00";"RUB";"-109,00";"RUB";"";"Супермаркеты";"5411";"Перекрёсток";"0,00";"0,00";"-109,00"
"04.07.2025 17:03:30";"04.07.2025";"*4531";"OK";"-300,00";"RUB";"-300,00";"RUB";"";"Переводы";"";"Диана К.";"0,00";"0,00";"-300,00"
"04.07.2025 14:46:04";"04.07.2025";"";"OK";"-199,99";"RUB";"-199,99";"RUB";"";"Супермаркеты";"5411";"Перекрёсток";"0,00";"0,00";"-199,99"
"04.07.2025 14:42:03";"04.07.2025";"*3941";"OK";"-219,99";"RUB";"-219,99";"RUB";"";"Супермаркеты";"5411";"Перекрёсток";"0,00";"0,00";"-219,99"
"04.07.2025 13:45:08";"04.07.2025";"*4531";"OK";"-4000,00";"RUB";"-4000,00";"RUB";"";"Переводы";"";"Мария К.";"0,00";"0,00";"-4000,00"
"03.07.2025 18:13:19";"03.07.2025";"*4531";"OK";"-1159,93";"RUB";"-1159,93";"RUB";"";"Супермаркеты";"5411";"Магнит";"0,00";"0,00";"-1159,93"
"03.07.2025 15:55:15";"03.07.2025";"*3941";"OK";"-312,00";"RUB";"-312,00";"RUB";"";"Фастфуд";"5814";"PE TOROVTCEVA A S_QR";"3,00";"0,00";"-312,00"
"03.07.2025 13:35:40";"03.07.2025";"*4531";"OK";"-1600,00";"RUB";"-1600,00";"RUB";"";"Переводы";"";"Артем С.";"0,00";"0,00";"-1600,00"
"03.07.2025 11:51:57";"03.07.2025";"*4531";"OK";"-300,00";"RUB";"-300,00";"RUB";"";"Переводы";"";"Ксения Ш.";"0,00";"0,00";"-300,00"
"03.07.2025 11:45:27";"03.07.2025";"*3941";"OK";"-309,98";"RUB";"-309,98";"RUB";"";"Супермаркеты";"5411";"Перекрёсток";"0,00";"0,00";"-309,98"
"03.07.2025 11:39:07";"03.07.2025";"*4531";"OK";"-1164,00";"RUB";"-1164,00";"RUB";"";"Переводы";"";"Дмитрий В.";"0,00";"0,00";"-1164,00"
"03.07.2025 11:27:12";"03.07.2025";"*4531";"OK";"-600,00";"RUB";"-600,00";"RUB";"";"Переводы";"";"Денис Ш.";"0,00";"0,00";"-600,00"
"03.07.2025 11:18:04";"03.07.2025";"*3941";"OK";"-50,00";"RUB";"-50,00";"RUB";"";"Ремонт и мебель";"5200";"ИП ВИРАБЯН М.В._P_QR";"0,00";"0,00";"-50,00"
"03.07.2025 09:39:22";"03.07.2025";"*3941";"OK";"-290,00";"RUB";"-290,00";"RUB";"";"Ремонт и мебель";"5200";"ИП ВИРАБЯН М.В._P_QR";"2,00";"0,00";"-290,00"
"03.07.2025 09:11:43";"03.07.2025";"*4531";"OK";"5000,00";"RUB";"5000,00";"RUB";"";"Пополнения";"";"Внесение наличных через банкомат Т-Банк";"0,00";"0,00";"5000,00"
"03.07.2025 09:10:59";"03.07.2025";"*4531";"OK";"5000,00";"RUB";"5000,00";"RUB";"";"Пополнения";"";"Внесение наличных через банкомат Т-Банк";"0,00";"0,00";"5000,00"
"03.07.2025 09:08:10";"03.07.2025";"*3941";"OK";"-178,00";"RUB";"-178,00";"RUB";"";"Супермаркеты";"5411";"Перекрёсток";"1,00";"0,00";"-178,00"
"02.07.2025 16:50:40";"02.07.2025";"*3941";"OK";"-639,96";"RUB";"-639,96";"RUB";"";"Супермаркеты";"5411";"Магнит";"0,00";"0,00";"-639,96"
"02.07.2025 13:05:18";"02.07.2025";"*3941";"OK";"-178,00";"RUB";"-178,00";"RUB";"";"Супермаркеты";"5411";"Перекрёсток";"1,00";"0,00";"-178,00"
"02.07.2025 13:03:15";"02.07.2025";"*3941";"OK";"-649,98";"RUB";"-649,98";"RUB";"";"Супермаркеты";"5411";"Перекрёсток";"0,00";"0,00";"-649,98"
"02.07.2025 11:16:37";"02.07.2025";"*3941";"OK";"-3299,00";"RUB";"-3299,00";"RUB";"";"Различные товары";"5310";"Familia";"0,00";"0,00";"-3299,00"
"02.07.2025 09:13:55";"02.07.2025";"*3941";"OK";"5838,66";"RUB";"5838,66";"RUB";"";"Переводы";"";"Между своими счетами";"0,00";"0,00";"5838,66"
"02.07.2025 09:13:54";"02.07.2025";"*4531";"OK";"-5838,66";"RUB";"-5838,66";"RUB";"";"Переводы";"";"Между своими счетами";"0,00";"0,00";"-5838,66"
"02.07.2025 09:13:28";"02.07.2025";"*4531";"OK";"-4000,00";"RUB";"-4000,00";"RUB";"";"Переводы";"";"Дмитрий В.";"0,00";"0,00";"-4000,00"
"02.07.2025 09:12:50";"02.07.2025";"*4531";"OK";"-796,00";"RUB";"-796,00";"RUB";"";"Мобильная связь";"";"МТС +7 916 447-05-69";"0,00";"0,00";"-796,00"
"01.07.2025 23:09:31";"01.07.2025";"";"OK";"-99,00";"RUB";"-99,00";"RUB";"";"Услуги банка";"9999";"Плата за обслуживание";"0,00";"0,00";"-99,00"
"01.07.2025 22:53:24";"01.07.2025";"";"OK";"-99,00";"RUB";"-99,00";"RUB";"";"Услуги банка";"9999";"Плата за оповещения об операциях";"0,00";"0,00";"-99,00"
"01.07.2025 20:19:14";"01.07.2025";"";"OK";"-600,00";"RUB";"-600,00";"RUB";"";"Маркетплейсы";"5300";"Avito";"0,00";"0,00";"-600,00"
"01.07.2025 19:49:09";"01.07.2025";"";"OK";"-4570,00";"RUB";"-4570,00";"RUB";"";"Рестораны";"5812";"OOO BONTI_2";"0,00";"0,00";"-4570,00"
"01.07.2025 14:36:30";"01.07.2025";"*4531";"OK";"-2100,00";"RUB";"-2100,00";"RUB";"";"Переводы";"";"Денис Ш.";"0,00";"0,00";"-2100,00"
"01.07.2025 14:32:00";"01.07.2025";"*4531";"OK";"-500,00";"RUB";"-500,00";"RUB";"";"Переводы";"";"Светлана Б.";"0,00";"0,00";"-500,00"
"01.07.2025 14:30:24";"01.07.2025";"*4531";"OK";"-27000,00";"RUB";"-27000,00";"RUB";"";"Переводы";"";"Анна С.";"0,00";"0,00";"-27000,00"
"01.07.2025 08:45:02";"01.07.2025";"";"OK";"-575,95";"RUB";"-575,95";"RUB";"";"Супермаркеты";"5411";"Магнит";"0,00";"0,00";"-575,95"
"30.06.2025 19:23:21";"30.06.2025";"*4531";"OK";"-6446,00";"RUB";"-6446,00";"RUB";"";"Финансы";"6300";"Т-Страхование";"0,00";"0,00";"-6446,00"
"30.06.2025 17:08:10";"30.06.2025";"*3941";"OK";"-3478,98";"RUB";"-3478,98";"RUB";"";"Супермаркеты";"5411";"Лента";"0,00";"0,00";"-3478,98"
"30.06.2025 17:07:46";"30.06.2025";"*3941";"OK";"4000,00";"RUB";"4000,00";"RUB";"";"Переводы";"";"Между своими счетами";"0,00";"0,00";"4000,00"
"30.06.2025 17:07:45";"30.06.2025";"*4531";"OK";"-4000,00";"RUB";"-4000,00";"RUB";"";"Переводы";"";"Между своими счетами";"0,00";"0,00";"-4000,00"
"30.06.2025 17:07:03";"";"*3941";"FAILED";"-3478,98";"RUB";"-3478,98";"RUB";"";"Супермаркеты";"";"Покупка по QR";"0,00";"0,00";"-3478,98"
"30.06.2025 17:06:48";"";"*3941";"FAILED";"-3478,98";"RUB";"-3478,98";"RUB";"";"Супермаркеты";"";"Покупка по QR";"0,00";"0,00";"-3478,98"
"30.06.2025 17:06:37";"";"*3941";"FAILED";"-3478,98";"RUB";"-3478,98";"RUB";"";"Супермаркеты";"";"Покупка по QR";"0,00";"0,00";"-3478,98"
"30.06.2025 15:30:14";"30.06.2025";"";"OK";"-410,00";"RUB";"-410,00";"RUB";"";"Фастфуд";"5814";"OD Гагарина_P_QR";"0,00";"0,00";"-410,00"
"30.06.2025 15:06:21";"30.06.2025";"";"OK";"-339,99";"RUB";"-339,99";"RUB";"";"Фастфуд";"5814";"Бургер Кинг";"0,00";"0,00";"-339,99"
"30.06.2025 14:42:35";"30.06.2025";"*4531";"OK";"-31500,00";"RUB";"-31500,00";"RUB";"";"Наличные";"6011";"Снятие в банкомате Т-Банк";"0,00";"0,00";"-31500,00"
"30.06.2025 08:43:50";"30.06.2025";"";"OK";"-863,91";"RUB";"-863,91";"RUB";"";"Супермаркеты";"5411";"Магнит";"0,00";"0,00";"-863,91"
"29.06.2025 16:34:11";"29.06.2025";"";"OK";"-1485,43";"RUB";"-1485,43";"RUB";"";"Супермаркеты";"5411";"Магнит";"0,00";"0,00";"-1485,43"
"29.06.2025 13:25:56";"29.06.2025";"*4531";"OK";"-2000,00";"RUB";"-2000,00";"RUB";"";"Местный транспорт";"4111";"Московский транспорт";"0,00";"0,00";"-2000,00"
"29.06.2025 11:54:19";"29.06.2025";"*4531";"OK";"80000,00";"RUB";"80000,00";"RUB";"";"Переводы";"";"Владимир Б.";"0,00";"0,00";"80000,00"
"29.06.2025 09:47:52";"29.06.2025";"";"OK";"-244,95";"RUB";"-244,95";"RUB";"";"Супермаркеты";"5411";"Лента";"0,00";"0,00";"-244,95"
"28.06.2025 11:25:43";"28.06.2025";"*4531";"OK";"-1390,00";"RUB";"-1390,00";"RUB";"";"Фастфуд";"5814";"Soul Seoul";"0,00";"0,00";"-1390,00"
"27.06.2025 17:22:23";"27.06.2025";"";"OK";"-809,96";"RUB";"-809,96";"RUB";"";"Супермаркеты";"5411";"Магнит";"0,00";"0,00";"-809,96"
"27.06.2025 11:19:34";"27.06.2025";"";"OK";"-89,00";"RUB";"-89,00";"RUB";"";"Супермаркеты";"5411";"Перекрёсток";"0,00";"0,00";"-89,00"
"27.06.2025 11:17:36";"27.06.2025";"";"OK";"-89,00";"RUB";"-89,00";"RUB";"";"Супермаркеты";"5411";"Перекрёсток";"0,00";"0,00";"-89,00"
"27.06.2025 11:09:40";"27.06.2025";"";"OK";"-219,99";"RUB";"-219,99";"RUB";"";"Супермаркеты";"5411";"Перекрёсток";"0,00";"0,00";"-219,99"
"27.06.2025 10:23:49";"27.06.2025";"*4531";"OK";"-1000,00";"RUB";"-1000,00";"RUB";"";"Переводы";"";"Маргарита К.";"0,00";"0,00";"-1000,00"
"26.06.2025 19:55:22";"26.06.2025";"";"OK";"-1485,30";"RUB";"-1485,30";"RUB";"";"Супермаркеты";"5411";"Яндекс Сервисы";"0,00";"0,00";"-1485,30"
"26.06.2025 19:04:19";"26.06.2025";"";"OK";"-1001,88";"RUB";"-1001,88";"RUB";"";"Супермаркеты";"5411";"Магнит";"0,00";"0,00";"-1001,88"
"26.06.2025 13:17:53";"26.06.2025";"*4531";"OK";"-1490,00";"RUB";"-1490,00";"RUB";"";"Переводы";"";"Валентин Т.";"0,00";"0,00";"-1490,00"
"26.06.2025 13:05:47";"26.06.2025";"";"OK";"-940,00";"RUB";"-940,00";"RUB";"";"Фастфуд";"5814";"ИП СОВЕТОВ В.В._P_QR";"0,00";"0,00";"-940,00"
"26.06.2025 09:32:42";"26.06.2025";"";"OK";"-300,00";"RUB";"-300,00";"RUB";"";"Фастфуд";"5814";"БАТОН_E_QR";"0,00";"0,00";"-300,00"
"25.06.2025 17:20:53";"25.06.2025";"";"OK";"-715,98";"RUB";"-715,98";"RUB";"";"Фастфуд";"5814";"Бургер Кинг";"0,00";"0,00";"-715,98"
"25.06.2025 13:21:31";"25.06.2025";"*4531";"OK";"-1139,71";"RUB";"-1139,71";"RUB";"";"Переводы";"";"Перевод юридическому лицу";"0,00";"0,00";"-1139,71"
"25.06.2025 13:20:56";"25.06.2025";"";"OK";"24139,71";"RUB";"24139,71";"RUB";"";"Переводы";"";"Дмитрий В.";"0,00";"0,00";"24139,71"
"25.06.2025 13:15:37";"25.06.2025";"*4531";"OK";"-82090,00";"RUB";"-82090,00";"RUB";"";"Переводы";"";"Перевод юридическому лицу";"0,00";"0,00";"-82090,00"
"25.06.2025 13:14:50";"25.06.2025";"";"OK";"82090,00";"RUB";"82090,00";"RUB";"";"Переводы";"";"Дмитрий В.";"0,00";"0,00";"82090,00"
"25.06.2025 13:08:49";"25.06.2025";"*3941";"OK";"-689,00";"RUB";"-689,00";"RUB";"";"Фастфуд";"5814";"Лепим и варим";"6,00";"0,00";"-689,00"
"24.06.2025 20:48:13";"24.06.2025";"*3941";"OK";"-339,98";"RUB";"-339,98";"RUB";"";"Супермаркеты";"5411";"Перекрёсток";"0,00";"0,00";"-339,98"
"24.06.2025 13:18:46";"24.06.2025";"*3941";"OK";"-780,00";"RUB";"-780,00";"RUB";"";"Фастфуд";"5814";"Дагестанская лавка";"7,00";"0,00";"-780,00"
"23.06.2025 20:52:47";"23.06.2025";"*3941";"OK";"-2921,00";"RUB";"-2921,00";"RUB";"";"Маркетплейсы";"5300";"Avito";"0,00";"0,00";"-2921,00"
"23.06.2025 20:52:37";"23.06.2025";"*3941";"OK";"2617,00";"RUB";"2617,00";"RUB";"";"Переводы";"";"Между своими счетами";"0,00";"0,00";"2617,00"
"23.06.2025 20:52:36";"23.06.2025";"*4531";"OK";"-2617,00";"RUB";"-2617,00";"RUB";"";"Переводы";"";"Между своими счетами";"0,00";"0,00";"-2617,00"
"23.06.2025 20:46:26";"23.06.2025";"";"OK";"-1753,00";"RUB";"-1753,00";"RUB";"";"Супермаркеты";"5411";"Яндекс Сервисы";"0,00";"0,00";"-1753,00"
"23.06.2025 20:02:26";"23.06.2025";"*4531";"OK";"-30,00";"RUB";"-30,00";"RUB";"";"Услуги банка";"";"Комиссия за операцию";"0,00";"0,00";"-30,00"
"23.06.2025 20:02:26";"23.06.2025";"*4531";"OK";"-900,00";"RUB";"-900,00";"RUB";"";"Переводы";"6538";"Перевод на карту";"0,00";"0,00";"-900,00"
"23.06.2025 18:47:44";"23.06.2025";"*3941";"OK";"15000,00";"RUB";"15000,00";"RUB";"";"Переводы";"";"Между своими счетами";"0,00";"0,00";"15000,00"
"23.06.2025 18:47:43";"23.06.2025";"*4531";"OK";"-15000,00";"RUB";"-15000,00";"RUB";"";"Переводы";"";"Между своими счетами";"0,00";"0,00";"-15000,00"
"23.06.2025 18:27:48";"23.06.2025";"";"OK";"-170,00";"RUB";"-170,00";"RUB";"";"Фастфуд";"5814";"Французская пекарня SeDelice";"0,00";"0,00";"-170,00"
"23.06.2025 18:18:14";"23.06.2025";"";"OK";"-300,00";"RUB";"-300,00";"RUB";"";"Фастфуд";"5814";"Шаурма";"0,00";"0,00";"-300,00"
"23.06.2025 16:38:42";"23.06.2025";"*4531";"OK";"-12000,00";"RUB";"-12000,00";"RUB";"";"Сервис";"7311";"VK Реклама";"0,00";"0,00";"-12000,00"
"23.06.2025 16:37:35";"23.06.2025";"*4531";"OK";"30000,00";"RUB";"30000,00";"RUB";"";"Переводы";"";"Перевод собственных средств на счет. НДС не облагается.";"0,00";"0,00";"30000,00"
"22.06.2025 19:04:34";"22.06.2025";"*4531";"OK";"-30,00";"RUB";"-30,00";"RUB";"";"Услуги банка";"";"Комиссия за операцию";"0,00";"0,00";"-30,00"
"22.06.2025 19:04:34";"22.06.2025";"*4531";"OK";"-1200,00";"RUB";"-1200,00";"RUB";"";"Переводы";"6538";"Перевод на карту";"0,00";"0,00";"-1200,00"
"22.06.2025 18:58:07";"22.06.2025";"*4531";"OK";"-6000,00";"RUB";"-6000,00";"RUB";"";"Переводы";"";"Гузал Р.";"0,00";"0,00";"-6000,00"
"22.06.2025 18:57:22";"22.06.2025";"*4531";"OK";"5000,00";"RUB";"5000,00";"RUB";"";"Переводы";"";"Перевод собственных средств на счет. НДС не облагается.";"0,00";"0,00";"5000,00"
"22.06.2025 18:56:53";"22.06.2025";"";"OK";"5000,00";"RUB";"5000,00";"RUB";"";"Переводы";"";"Дмитрий В.";"0,00";"0,00";"5000,00"
"22.06.2025 18:37:16";"22.06.2025";"*3941";"OK";"-309,00";"RUB";"-309,00";"RUB";"";"Фастфуд";"5814";"Вкусно — и точка";"3,00";"0,00";"-309,00"
"22.06.2025 18:06:37";"22.06.2025";"*3941";"OK";"-215,10";"RUB";"-215,10";"RUB";"";"Различные товары";"5310";"Familia";"0,00";"0,00";"-215,10"
"22.06.2025 18:05:36";"22.06.2025";"*3941";"OK";"-4849,10";"RUB";"-4849,10";"RUB";"";"Различные товары";"5310";"Familia";"0,00";"0,00";"-4849,10"
"22.06.2025 17:26:46";"22.06.2025";"*4531";"OK";"-8000,00";"RUB";"-8000,00";"RUB";"";"Переводы";"";"Марат С.";"0,00";"0,00";"-8000,00"
"22.06.2025 17:25:53";"22.06.2025";"*4531";"OK";"8000,00";"RUB";"8000,00";"RUB";"";"Переводы";"";"Перевод собственных средств на счет. НДС не облагается.";"0,00";"0,00";"8000,00"
"22.06.2025 17:20:52";"22.06.2025";"*3941";"OK";"-398,99";"RUB";"-398,99";"RUB";"";"Супермаркеты";"5411";"Перекрёсток";"3,00";"0,00";"-398,99"
"22.06.2025 13:57:45";"22.06.2025";"*3941";"OK";"-200,00";"RUB";"-200,00";"RUB";"";"Фастфуд";"5814";"PE TOROVTCEVA A S_QR";"2,00";"0,00";"-200,00"
"22.06.2025 13:34:25";"22.06.2025";"*3941";"OK";"-559,98";"RUB";"-559,98";"RUB";"";"Супермаркеты";"5411";"Перекрёсток";"0,00";"0,00";"-559,98"
"22.06.2025 13:27:42";"22.06.2025";"*3941";"OK";"-409,98";"RUB";"-409,98";"RUB";"";"Супермаркеты";"5411";"Перекрёсток";"0,00";"0,00";"-409,98"
"22.06.2025 09:58:36";"22.06.2025";"*3941";"OK";"-429,00";"RUB";"-429,00";"RUB";"";"Маркетплейсы";"5300";"Avito";"0,00";"0,00";"-429,00"
"22.06.2025 09:52:58";"22.06.2025";"*3941";"OK";"-178,00";"RUB";"-178,00";"RUB";"";"Супермаркеты";"5411";"Перекрёсток";"1,00";"0,00";"-178,00"
"22.06.2025 00:00:00";"";"";"OK";"0,00";"RUB";"0,00";"RUB";"";"Бонусы";"";"Зачисление кэшбэка";"0,00";"0,00";"0,00"
"22.06.2025 00:00:00";"";"";"OK";"-22589,25";"RUB";"-22589,25";"RUB";"";"Услуги банка";"";"Плата по кредитке";"0,00";"0,00";"-22589,25"
"21.06.2025 22:41:06";"22.06.2025";"*3941";"OK";"-199,99";"RUB";"-199,99";"RUB";"";"Супермаркеты";"5411";"Перекрёсток";"0,00";"0,00";"-199,99"
"21.06.2025 21:51:11";"21.06.2025";"*3941";"OK";"-5021,00";"RUB";"-5021,00";"RUB";"";"Маркетплейсы";"5399";"Ozon.ru";"0,00";"0,00";"-5021,00"
"21.06.2025 18:25:56";"21.06.2025";"*3941";"OK";"-600,00";"RUB";"-600,00";"RUB";"";"Одежда и обувь";"7631";"ExpertTime_QR";"6,00";"0,00";"-600,00"
"21.06.2025 18:03:54";"21.06.2025";"*3941";"OK";"-689,98";"RUB";"-689,98";"RUB";"";"Супермаркеты";"5411";"Перекрёсток";"0,00";"0,00";"-689,98"
"21.06.2025 14:01:31";"21.06.2025";"*3941";"OK";"-1519,00";"RUB";"-1519,00";"RUB";"";"Маркетплейсы";"5300";"Avito";"0,00";"0,00";"-1519,00"
"21.06.2025 10:25:17";"21.06.2025";"*3941";"OK";"-396,00";"RUB";"-396,00";"RUB";"";"Фастфуд";"5814";"Дринкит";"0,00";"0,00";"-396,00"
"20.06.2025 11:51:57";"20.06.2025";"*3941";"OK";"-219,99";"RUB";"-219,99";"RUB";"";"Супермаркеты";"5411";"Перекрёсток";"0,00";"0,00";"-219,99"
"20.06.2025 09:11:38";"20.06.2025";"*3941";"OK";"-178,00";"RUB";"-178,00";"RUB";"";"Супермаркеты";"5411";"Перекрёсток";"1,00";"0,00";"-178,00"
"19.06.2025 18:13:45";"19.06.2025";"*3941";"OK";"180,04";"RUB";"180,04";"RUB";"";"Переводы";"";"Между своими счетами";"0,00";"0,00";"180,04"
"19.06.2025 18:13:45";"19.06.2025";"*4531";"OK";"-180,04";"RUB";"-180,04";"RUB";"";"Переводы";"";"Между своими счетами";"0,00";"0,00";"-180,04"
"19.06.2025 17:18:48";"19.06.2025";"*3941";"OK";"-199,00";"RUB";"-199,00";"RUB";"";"Супермаркеты";"5411";"Перекрёсток";"0,00";"0,00";"-199,00"
"19.06.2025 12:21:22";"19.06.2025";"";"OK";"-178,00";"RUB";"-178,00";"RUB";"";"Супермаркеты";"5411";"Перекрёсток";"0,00";"0,00";"-178,00"
"19.06.2025 11:59:20";"19.06.2025";"";"OK";"-309,99";"RUB";"-309,99";"RUB";"";"Супермаркеты";"5411";"Перекрёсток";"0,00";"0,00";"-309,99"
"19.06.2025 09:25:49";"19.06.2025";"";"OK";"-679,98";"RUB";"-679,98";"RUB";"";"Супермаркеты";"5411";"Перекрёсток";"0,00";"0,00";"-679,98"
"18.06.2025 15:53:03";"18.06.2025";"";"OK";"-339,99";"RUB";"-339,99";"RUB";"";"Супермаркеты";"5411";"Перекрёсток";"0,00";"0,00";"-339,99"
"18.06.2025 15:51:06";"18.06.2025";"*4531";"OK";"-10000,00";"RUB";"-10000,00";"RUB";"";"Переводы";"";"Андрей М.";"0,00";"0,00";"-10000,00"
"18.06.2025 15:40:11";"18.06.2025";"*4531";"OK";"-6000,00";"RUB";"-6000,00";"RUB";"";"Переводы";"";"Диана К.";"0,00";"0,00";"-6000,00"
"18.06.2025 13:32:20";"18.06.2025";"*4531";"OK";"-5000,00";"RUB";"-5000,00";"RUB";"";"Переводы";"";"Юлия Р.";"0,00";"0,00";"-5000,00"
"18.06.2025 12:36:45";"18.06.2025";"*4531";"OK";"20000,00";"RUB";"20000,00";"RUB";"";"Переводы";"";"Перевод собственных средств на счет. НДС не облагается.";"0,00";"0,00";"20000,00"
"18.06.2025 11:02:37";"18.06.2025";"";"OK";"-312,00";"RUB";"-312,00";"RUB";"";"Фастфуд";"5814";"PE TOROVTCEVA A S_QR";"0,00";"0,00";"-312,00"
"18.06.2025 11:01:38";"18.06.2025";"";"OK";"3000,00";"RUB";"3000,00";"RUB";"";"Переводы";"";"Дмитрий В.";"0,00";"0,00";"3000,00"
"18.06.2025 09:16:54";"18.06.2025";"*3941";"OK";"-519,99";"RUB";"-519,99";"RUB";"";"Фастфуд";"5814";"Бургер Кинг";"0,00";"0,00";"-519,99"
"17.06.2025 19:14:32";"17.06.2025";"*3941";"OK";"-469,99";"RUB";"-469,99";"RUB";"";"Фастфуд";"5814";"Бургер Кинг";"0,00";"0,00";"-469,99"
"17.06.2025 14:37:36";"17.06.2025";"*3941";"OK";"-160,00";"RUB";"-160,00";"RUB";"";"Фастфуд";"5814";"PE TOROVTCEVA A S_QR";"1,00";"0,00";"-160,00"
"17.06.2025 14:27:52";"17.06.2025";"*3941";"OK";"-369,99";"RUB";"-369,99";"RUB";"";"Супермаркеты";"5411";"Перекрёсток";"0,00";"0,00";"-369,99"
"17.06.2025 10:09:20";"17.06.2025";"*3941";"OK";"-600,00";"RUB";"-600,00";"RUB";"";"Связь";"4814";"МТС";"0,00";"0,00";"-600,00"
"16.06.2025 10:45:35";"16.06.2025";"*3941";"OK";"2350,50";"RUB";"2350,50";"RUB";"";"Переводы";"";"Между своими счетами";"0,00";"0,00";"2350,50"
"16.06.2025 10:45:34";"16.06.2025";"*4531";"OK";"-2350,50";"RUB";"-2350,50";"RUB";"";"Переводы";"";"Между своими счетами";"0,00";"0,00";"-2350,50"
"16.06.2025 10:17:51";"16.06.2025";"*4531";"OK";"-299,25";"RUB";"-299,25";"RUB";"";"Услуги банка";"";"Комиссия за операцию";"0,00";"0,00";"-299,25"
"16.06.2025 10:17:51";"16.06.2025";"*4531";"OK";"-39950,00";"RUB";"-39950,00";"RUB";"";"Переводы";"";"Павел П.";"0,00";"0,00";"-39950,00"
"16.06.2025 10:16:57";"16.06.2025";"*4531";"OK";"25000,00";"RUB";"25000,00";"RUB";"";"Переводы";"";"Перевод собственных средств на счет. НДС не облагается.";"0,00";"0,00";"25000,00"
"16.06.2025 09:43:12";"16.06.2025";"*4531";"OK";"-3000,00";"RUB";"-3000,00";"RUB";"";"Переводы";"";"Маргарита К.";"0,00";"0,00";"-3000,00"
"15.06.2025 20:42:18";"15.06.2025";"*4531";"OK";"-10000,00";"RUB";"-10000,00";"RUB";"";"Переводы";"";"Юлия С.";"0,00";"0,00";"-10000,00"
"15.06.2025 15:00:30";"15.06.2025";"*4531";"OK";"25000,00";"RUB";"25000,00";"RUB";"";"Пополнения";"";"Внесение наличных через банкомат Т-Банк";"0,00";"0,00";"25000,00"
"15.06.2025 10:28:20";"15.06.2025";"*4531";"OK";"-576,99";"RUB";"-576,99";"RUB";"";"Супермаркеты";"5411";"Перекрёсток";"0,00";"0,00";"-576,99"
"15.06.2025 10:26:17";"15.06.2025";"*3941";"OK";"738,27";"RUB";"738,27";"RUB";"";"Переводы";"";"Между своими счетами";"0,00";"0,00";"738,27"
"15.06.2025 10:26:16";"15.06.2025";"*4531";"OK";"-738,27";"RUB";"-738,27";"RUB";"";"Переводы";"";"Между своими счетами";"0,00";"0,00";"-738,27"
"14.06.2025 22:05:35";"15.06.2025";"*4531";"OK";"-134,99";"RUB";"-134,99";"RUB";"";"Супермаркеты";"5411";"Перекрёсток";"0,00";"0,00";"-134,99"
"14.06.2025 22:05:01";"15.06.2025";"*4531";"OK";"7000,00";"RUB";"7000,00";"RUB";"";"Переводы";"";"Перевод собственных средств на счет. НДС не облагается.";"0,00";"0,00";"7000,00"
"14.06.2025 12:29:15";"14.06.2025";"*4531";"OK";"-500,00";"RUB";"-500,00";"RUB";"";"Одежда и обувь";"5651";"IP Ismayylov";"0,00";"0,00";"-500,00"
"14.06.2025 12:29:04";"14.06.2025";"";"OK";"500,00";"RUB";"500,00";"RUB";"";"Переводы";"";"Дмитрий В.";"0,00";"0,00";"500,00"
"11.06.2025 14:34:56";"";"*3941";"FAILED";"-1826,00";"RUB";"-1826,00";"RUB";"";"Одежда и обувь";"";"Покупка по QR";"0,00";"0,00";"-1826,00"
"11.06.2025 11:59:52";"11.06.2025";"";"OK";"50,00";"RUB";"50,00";"RUB";"";"Переводы";"";"Дмитрий В.";"0,00";"0,00";"50,00"
"10.06.2025 11:24:26";"10.06.2025";"*4531";"OK";"-2000,00";"RUB";"-2000,00";"RUB";"";"Переводы";"";"Перевод юридическому лицу";"0,00";"0,00";"-2000,00"
"10.06.2025 11:23:05";"10.06.2025";"";"OK";"2000,00";"RUB";"2000,00";"RUB";"";"Переводы";"";"Дмитрий В.";"0,00";"0,00";"2000,00"
"09.06.2025 18:48:02";"10.06.2025";"*4531";"OK";"-1500,00";"RUB";"-1500,00";"RUB";"";"Сервис";"4215";"СДЭК";"0,00";"0,00";"-1500,00"
"09.06.2025 18:47:50";"09.06.2025";"";"OK";"1500,00";"RUB";"1500,00";"RUB";"";"Переводы";"";"Дмитрий В.";"0,00";"0,00";"1500,00"
"09.06.2025 10:21:18";"09.06.2025";"*3941";"OK";"-1073,00";"RUB";"-1073,00";"RUB";"";"Сервис";"3990";"Яндекс Доставка";"10,00";"0,00";"-1073,00"
"08.06.2025 16:28:52";"08.06.2025";"*3941";"OK";"-200,00";"RUB";"-200,00";"RUB";"";"Связь";"4814";"МТС";"0,00";"0,00";"-200,00"
"08.06.2025 15:59:57";"08.06.2025";"*3941";"OK";"-377,00";"RUB";"-377,00";"RUB";"";"Маркетплейсы";"5300";"Avito";"0,00";"0,00";"-377,00"
"08.06.2025 12:19:32";"08.06.2025";"*3941";"OK";"-50,00";"RUB";"-50,00";"RUB";"";"Такси";"3990";"Яндекс Такси";"0,00";"0,00";"-50,00"
"08.06.2025 12:16:22";"08.06.2025";"*3941";"OK";"-551,00";"RUB";"-551,00";"RUB";"";"Такси";"3990";"Яндекс Такси";"5,00";"0,00";"-551,00"
"08.06.2025 10:26:58";"08.06.2025";"*3941";"OK";"-50,00";"RUB";"-50,00";"RUB";"";"Такси";"3990";"Яндекс Такси";"0,00";"0,00";"-50,00"
"08.06.2025 10:26:06";"08.06.2025";"*3941";"OK";"-522,00";"RUB";"-522,00";"RUB";"";"Такси";"3990";"Яндекс Такси";"5,00";"0,00";"-522,00"
"07.06.2025 13:19:17";"07.06.2025";"*3941";"OK";"-2299,00";"RUB";"-2299,00";"RUB";"";"Связь";"4814";"Рег.ру";"0,00";"0,00";"-2299,00"
"07.06.2025 01:23:33";"07.06.2025";"*3941";"OK";"-682,00";"RUB";"-682,00";"RUB";"";"Такси";"3990";"Яндекс Такси";"6,00";"0,00";"-682,00"
"06.06.2025 21:29:49";"06.06.2025";"*3941";"OK";"-360,00";"RUB";"-360,00";"RUB";"";"Фастфуд";"5814";"PE TOROVTCEVA A S_QR";"3,00";"0,00";"-360,00"
"06.06.2025 14:23:09";"06.06.2025";"*3941";"OK";"-339,99";"RUB";"-339,99";"RUB";"";"Супермаркеты";"5411";"Перекрёсток";"0,00";"0,00";"-339,99"
"06.06.2025 12:55:51";"06.06.2025";"*3941";"OK";"-500,00";"RUB";"-500,00";"RUB";"";"Местный транспорт";"4111";"Московский метрополитен";"0,00";"0,00";"-500,00"
"06.06.2025 08:54:08";"06.06.2025";"*3941";"OK";"-1043,00";"RUB";"-1043,00";"RUB";"";"Такси";"3990";"Яндекс Такси";"10,00";"0,00";"-1043,00"
"06.06.2025 02:36:08";"06.06.2025";"*3941";"OK";"-7362,00";"RUB";"-7362,00";"RUB";"";"Связь";"4814";"Рег.ру";"0,00";"0,00";"-7362,00"
"05.06.2025 20:17:07";"05.06.2025";"*3941";"OK";"-87000,00";"RUB";"-87000,00";"RUB";"";"Финансы";"3990";"Яндекс Аренда";"0,00";"0,00";"-87000,00"
"05.06.2025 20:15:34";"05.06.2025";"*3941";"OK";"-1986,00";"RUB";"-1986,00";"RUB";"";"Супермаркеты";"5411";"Яндекс Сервисы";"0,00";"0,00";"-1986,00"
"05.06.2025 18:34:40";"05.06.2025";"*3941";"OK";"-5940,00";"RUB";"-5940,00";"RUB";"";"Сервис";"7372";"Бьюти Бот";"0,00";"0,00";"-5940,00"
"05.06.2025 10:54:13";"05.06.2025";"*3941";"OK";"-1828,00";"RUB";"-1828,00";"RUB";"";"Такси";"3990";"Яндекс Такси";"18,00";"0,00";"-1828,00"
"05.06.2025 09:51:11";"05.06.2025";"*4531";"OK";"-13117,00";"RUB";"-13117,00";"RUB";"";"Переводы";"";"Дмитрий В.";"0,00";"0,00";"-13117,00"
"05.06.2025 09:49:14";"05.06.2025";"*4531";"OK";"13000,00";"RUB";"13000,00";"RUB";"";"Переводы";"";"Перевод собственных средств на счет. НДС не облагается.";"0,00";"0,00";"13000,00"
"05.06.2025 09:47:40";"05.06.2025";"*3941";"OK";"87000,00";"RUB";"87000,00";"RUB";"";"Переводы";"";"Перевод собственных средств на счет. НДС не облагается.";"0,00";"0,00";"87000,00"
"05.06.2025 09:03:40";"05.06.2025";"*3941";"OK";"-11168,60";"RUB";"-11168,60";"RUB";"";"Ремонт и мебель";"5200";"Лемана ПРО";"0,00";"0,00";"-11168,60"
"05.06.2025 08:33:35";"05.06.2025";"*3941";"OK";"-15675,00";"RUB";"-15675,00";"RUB";"";"Ремонт и мебель";"5200";"Лемана ПРО";"0,00";"0,00";"-15675,00"
"05.06.2025 08:08:48";"05.06.2025";"*3941";"OK";"51307,32";"RUB";"51307,32";"RUB";"";"Переводы";"";"Перевод собственных средств на счет. НДС не облагается.";"0,00";"0,00";"51307,32"
"04.06.2025 13:12:13";"04.06.2025";"*3941";"OK";"-39,00";"RUB";"-39,00";"RUB";"";"Маркетплейсы";"5699";"WILDBERRIES";"0,00";"0,00";"-39,00"
"04.06.2025 08:41:38";"04.06.2025";"*4531";"OK";"-100,00";"RUB";"-100,00";"RUB";"";"Фастфуд";"5814";"Uvenco";"0,00";"0,00";"-100,00"
"03.06.2025 22:30:21";"04.06.2025";"*4531";"OK";"-2125,00";"RUB";"-2125,00";"RUB";"";"Переводы";"";"Дмитрий В.";"0,00";"0,00";"-2125,00"
"03.06.2025 22:30:03";"04.06.2025";"*4531";"OK";"1500,00";"RUB";"1500,00";"RUB";"";"Переводы";"";"Пополнение. ИНДИВИДУАЛЬНЫЙ ПРЕДПРИНИМАТЕЛЬ ВАСИН ДМИТРИЙ ВЯЧЕСЛАВОВИЧ";"0,00";"0,00";"1500,00"
"03.06.2025 20:41:05";"03.06.2025";"*4531";"OK";"-1172,00";"RUB";"-1172,00";"RUB";"";"Переводы";"";"Дмитрий В.";"0,00";"0,00";"-1172,00"
"03.06.2025 20:39:35";"03.06.2025";"*4531";"OK";"1000,00";"RUB";"1000,00";"RUB";"";"Переводы";"";"Пополнение. ИНДИВИДУАЛЬНЫЙ ПРЕДПРИНИМАТЕЛЬ ВАСИН ДМИТРИЙ ВЯЧЕСЛАВОВИЧ";"0,00";"0,00";"1000,00"
"03.06.2025 18:29:30";"03.06.2025";"*4531";"OK";"-2019,00";"RUB";"-2019,00";"RUB";"";"Сервис";"7372";"Рег.ру";"0,00";"0,00";"-2019,00"
"03.06.2025 18:28:13";"";"*3941";"FAILED";"-2019,00";"RUB";"-2019,00";"RUB";"";"Связь";"";"Покупка по QR";"0,00";"0,00";"-2019,00"
"03.06.2025 18:27:42";"";"*3941";"FAILED";"-2019,00";"RUB";"-2019,00";"RUB";"";"Связь";"";"Покупка по QR";"0,00";"0,00";"-2019,00"
"03.06.2025 18:26:32";"";"*3941";"FAILED";"-2019,00";"RUB";"-2019,00";"RUB";"";"Связь";"";"Покупка по QR";"0,00";"0,00";"-2019,00"
"03.06.2025 18:24:25";"";"*3941";"FAILED";"-2019,00";"RUB";"-2019,00";"RUB";"";"Связь";"";"Покупка по QR";"0,00";"0,00";"-2019,00"
"03.06.2025 18:22:39";"03.06.2025";"*4531";"OK";"3000,00";"RUB";"3000,00";"RUB";"";"Переводы";"";"Пополнение. ИНДИВИДУАЛЬНЫЙ ПРЕДПРИНИМАТЕЛЬ ВАСИН ДМИТРИЙ ВЯЧЕСЛАВОВИЧ";"0,00";"0,00";"3000,00"
"03.06.2025 18:22:34";"";"*3941";"FAILED";"-2019,00";"RUB";"-2019,00";"RUB";"";"Связь";"";"Покупка по QR";"0,00";"0,00";"-2019,00"
"03.06.2025 17:17:46";"03.06.2025";"";"OK";"-99,00";"RUB";"-99,00";"RUB";"";"Услуги банка";"9999";"Плата за оповещения об операциях";"0,00";"0,00";"-99,00"
"03.06.2025 17:07:13";"03.06.2025";"*4531";"OK";"-868,00";"RUB";"-868,00";"RUB";"";"Другое";"4812";"МТС";"0,00";"0,00";"-868,00"
"03.06.2025 17:01:11";"03.06.2025";"*4531";"OK";"1000,00";"RUB";"1000,00";"RUB";"";"Переводы";"";"Пополнение. ИНДИВИДУАЛЬНЫЙ ПРЕДПРИНИМАТЕЛЬ ВАСИН ДМИТРИЙ ВЯЧЕСЛАВОВИЧ";"0,00";"0,00";"1000,00"
"31.05.2025 10:33:51";"31.05.2025";"*3941";"OK";"289,00";"RUB";"289,00";"RUB";"";"Переводы";"";"Между своими счетами";"0,00";"0,00";"289,00"
"31.05.2025 10:33:50";"31.05.2025";"*4531";"OK";"-289,00";"RUB";"-289,00";"RUB";"";"Переводы";"";"Между своими счетами";"0,00";"0,00";"-289,00"
"31.05.2025 10:33:14";"31.05.2025";"";"OK";"289,00";"RUB";"289,00";"RUB";"";"Переводы";"";"Дмитрий В.";"0,00";"0,00";"289,00"
"31.05.2025 10:32:24";"31.05.2025";"*3941";"OK";"-150,00";"RUB";"-150,00";"RUB";"";"Такси";"3990";"Яндекс Такси";"1,00";"0,00";"-150,00"
"31.05.2025 10:26:51";"31.05.2025";"*3941";"OK";"852,00";"RUB";"852,00";"RUB";"";"Переводы";"";"Между своими счетами";"0,00";"0,00";"852,00"
"31.05.2025 10:26:50";"31.05.2025";"*4531";"OK";"-852,00";"RUB";"-852,00";"RUB";"";"Переводы";"";"Между своими счетами";"0,00";"0,00";"-852,00"
"31.05.2025 10:25:37";"31.05.2025";"*3941";"OK";"-991,00";"RUB";"-991,00";"RUB";"";"Такси";"3990";"Яндекс Такси";"9,00";"0,00";"-991,00"
"31.05.2025 09:12:35";"31.05.2025";"*4531";"OK";"-148,00";"RUB";"-148,00";"RUB";"";"Супермаркеты";"5411";"Азбука Вкуса";"0,00";"0,00";"-148,00"
"31.05.2025 09:11:34";"31.05.2025";"";"OK";"1000,00";"RUB";"1000,00";"RUB";"";"Переводы";"";"Дмитрий В.";"0,00";"0,00";"1000,00"
"28.05.2025 15:42:56";"28.05.2025";"*4531";"OK";"-168,87";"RUB";"-168,87";"RUB";"";"Переводы";"";"Дмитрий В.";"0,00";"0,00";"-168,87"
"28.05.2025 11:35:41";"28.05.2025";"*3941";"OK";"916,00";"RUB";"916,00";"RUB";"";"Переводы";"";"Между своими счетами";"0,00";"0,00";"916,00"
"28.05.2025 11:35:40";"28.05.2025";"*4531";"OK";"-916,00";"RUB";"-916,00";"RUB";"";"Переводы";"";"Между своими счетами";"0,00";"0,00";"-916,00"
"28.05.2025 11:35:09";"28.05.2025";"";"OK";"1000,00";"RUB";"1000,00";"RUB";"";"Переводы";"";"Дмитрий В.";"0,00";"0,00";"1000,00"
"28.05.2025 11:34:11";"28.05.2025";"*3941";"OK";"-916,00";"RUB";"-916,00";"RUB";"";"Сервис";"3990";"Яндекс Доставка";"9,00";"0,00";"-916,00"
"27.05.2025 21:34:27";"28.05.2025";"*4531";"OK";"-486,00";"RUB";"-486,00";"RUB";"";"Маркетплейсы";"5964";"Avito";"0,00";"0,00";"-486,00"
"27.05.2025 21:26:48";"27.05.2025";"*4531";"OK";"-19,00";"RUB";"-19,00";"RUB";"";"Переводы";"";"Дмитрий В.";"0,00";"0,00";"-19,00"
"27.05.2025 21:25:48";"27.05.2025";"*4531";"OK";"589,87";"RUB";"589,87";"RUB";"";"Переводы";"";"Перевод собственных средств на счет. НДС не облагается.";"0,00";"0,00";"589,87"
"27.05.2025 21:24:51";"27.05.2025";"*3941";"OK";"561,13";"RUB";"561,13";"RUB";"";"Переводы";"";"Перевод собственных средств на счет. НДС не облагается.";"0,00";"0,00";"561,13"
"27.05.2025 16:50:14";"27.05.2025";"*3941";"OK";"-562,00";"RUB";"-562,00";"RUB";"";"Такси";"3990";"Яндекс Такси";"5,00";"0,00";"-562,00"
"26.05.2025 21:59:57";"26.05.2025";"*4531";"OK";"-1122,89";"RUB";"-1122,89";"RUB";"";"Переводы";"";"Дмитрий В.";"0,00";"0,00";"-1122,89"
"26.05.2025 14:52:13";"26.05.2025";"";"OK";"-741,11";"RUB";"-741,11";"RUB";"";"Супермаркеты";"5411";"Магнит";"0,00";"0,00";"-741,11"
"25.05.2025 14:24:47";"25.05.2025";"*3941";"OK";"63,00";"RUB";"63,00";"RUB";"";"Развлечения";"3990";"Самокаты - Яндекс Go";"0,00";"0,00";"63,00"
"25.05.2025 13:56:35";"25.05.2025";"*3941";"OK";"82,00";"RUB";"82,00";"RUB";"";"Развлечения";"3990";"Самокаты - Яндекс Go";"0,00";"0,00";"82,00"
"25.05.2025 13:27:51";"";"*3941";"FAILED";"-5035,00";"RUB";"-5035,00";"RUB";"";"Супермаркеты";"";"Покупка по QR";"0,00";"0,00";"-5035,00"
"25.05.2025 13:27:49";"";"*3941";"FAILED";"-5035,00";"RUB";"-5035,00";"RUB";"";"Супермаркеты";"";"Покупка по QR";"0,00";"0,00";"-5035,00"
"25.05.2025 13:27:48";"";"*3941";"FAILED";"-5035,00";"RUB";"-5035,00";"RUB";"";"Супермаркеты";"";"Покупка по QR";"0,00";"0,00";"-5035,00"
"25.05.2025 13:24:21";"25.05.2025";"*4531";"OK";"-60000,00";"RUB";"-60000,00";"RUB";"";"Переводы";"";"Перевод юридическому лицу";"0,00";"0,00";"-60000,00"
"25.05.2025 13:24:00";"25.05.2025";"";"OK";"60000,00";"RUB";"60000,00";"RUB";"";"Переводы";"";"Дмитрий В.";"0,00";"0,00";"60000,00"
"24.05.2025 12:53:03";"24.05.2025";"*4531";"OK";"-500,00";"RUB";"-500,00";"RUB";"";"Переводы";"";"Кристина Б.";"0,00";"0,00";"-500,00"
"24.05.2025 12:13:04";"24.05.2025";"*3941";"OK";"50,00";"RUB";"50,00";"RUB";"";"Переводы";"";"Между своими счетами";"0,00";"0,00";"50,00"
"24.05.2025 12:13:03";"24.05.2025";"*4531";"OK";"-50,00";"RUB";"-50,00";"RUB";"";"Переводы";"";"Между своими счетами";"0,00";"0,00";"-50,00"
"24.05.2025 12:12:46";"24.05.2025";"";"OK";"2414,00";"RUB";"2414,00";"RUB";"";"Переводы";"";"Дмитрий В.";"0,00";"0,00";"2414,00"
"24.05.2025 12:11:25";"24.05.2025";"*3941";"OK";"747,47";"RUB";"747,47";"RUB";"";"Переводы";"";"Между своими счетами";"0,00";"0,00";"747,47"
"24.05.2025 12:11:24";"24.05.2025";"*4531";"OK";"-747,47";"RUB";"-747,47";"RUB";"";"Переводы";"";"Между своими счетами";"0,00";"0,00";"-747,47"
"24.05.2025 12:10:53";"24.05.2025";"";"OK";"591,50";"RUB";"591,50";"RUB";"";"Переводы";"";"Дмитрий В.";"0,00";"0,00";"591,50"
"24.05.2025 12:10:07";"24.05.2025";"";"OK";"200,00";"RUB";"200,00";"RUB";"";"Переводы";"";"Дмитрий В.";"0,00";"0,00";"200,00"
"24.05.2025 12:04:01";"24.05.2025";"*4531";"OK";"-69,00";"RUB";"-69,00";"RUB";"";"Местный транспорт";"4111";"Московский транспорт";"0,00";"0,00";"-69,00"
"24.05.2025 11:45:52";"24.05.2025";"*3941";"OK";"-1102,00";"RUB";"-1102,00";"RUB";"";"Такси";"3990";"Яндекс Такси";"11,00";"0,00";"-1102,00"
"24.05.2025 11:01:37";"24.05.2025";"*3941";"OK";"-150,00";"RUB";"-150,00";"RUB";"";"Развлечения";"3990";"Самокаты - Яндекс Go";"1,00";"0,00";"-150,00"
"24.05.2025 10:57:11";"24.05.2025";"*4531";"OK";"-2000,00";"RUB";"-2000,00";"RUB";"";"Переводы";"";"Дмитрий В.";"0,00";"0,00";"-2000,00"
"24.05.2025 10:27:29";"24.05.2025";"*3941";"OK";"-150,00";"RUB";"-150,00";"RUB";"";"Развлечения";"3990";"Самокаты - Яндекс Go";"1,00";"0,00";"-150,00"
"23.05.2025 09:07:16";"23.05.2025";"*4531";"OK";"1962,97";"RUB";"1962,97";"RUB";"";"Переводы";"";"Перевод собственных средств на счет. НДС не облагается.";"0,00";"0,00";"1962,97"
"23.05.2025 09:04:47";"23.05.2025";"*3941";"OK";"19100,00";"RUB";"19100,00";"RUB";"";"Переводы";"";"Между своими счетами";"0,00";"0,00";"19100,00"
"23.05.2025 09:04:46";"23.05.2025";"*4531";"OK";"-19100,00";"RUB";"-19100,00";"RUB";"";"Переводы";"";"Между своими счетами";"0,00";"0,00";"-19100,00"
"23.05.2025 09:04:13";"23.05.2025";"";"OK";"19100,00";"RUB";"19100,00";"RUB";"";"Переводы";"";"Дмитрий В.";"0,00";"0,00";"19100,00"
"22.05.2025 13:46:11";"22.05.2025";"*4531";"OK";"-1,00";"RUB";"-1,00";"RUB";"";"Местный транспорт";"4111";"Московский транспорт";"0,00";"0,00";"-1,00"
"22.05.2025 00:00:00";"";"";"OK";"0,00";"RUB";"0,00";"RUB";"";"Бонусы";"";"Зачисление кэшбэка";"0,00";"0,00";"0,00"
"22.05.2025 00:00:00";"";"";"OK";"-18662,80";"RUB";"-18662,80";"RUB";"";"Услуги банка";"";"Плата по кредитке";"0,00";"0,00";"-18662,80"
"21.05.2025 15:56:18";"21.05.2025";"*4531";"OK";"-100,00";"RUB";"-100,00";"RUB";"";"Местный транспорт";"4111";"Московский транспорт";"0,00";"0,00";"-100,00"
"21.05.2025 15:32:52";"21.05.2025";"*4531";"OK";"-34937,00";"RUB";"-34937,00";"RUB";"";"Переводы";"";"Гоцюань Я.";"0,00";"0,00";"-34937,00"
"21.05.2025 15:32:09";"21.05.2025";"";"OK";"35000,00";"RUB";"35000,00";"RUB";"";"Переводы";"";"Дмитрий В.";"0,00";"0,00";"35000,00"
"21.05.2025 14:45:29";"21.05.2025";"*4531";"OK";"-100,00";"RUB";"-100,00";"RUB";"";"Местный транспорт";"4111";"Московский транспорт";"0,00";"0,00";"-100,00"
"21.05.2025 14:44:59";"21.05.2025";"";"OK";"200,00";"RUB";"200,00";"RUB";"";"Переводы";"";"Дмитрий В.";"0,00";"0,00";"200,00"
"20.05.2025 01:00:28";"20.05.2025";"*4531";"OK";"-22002,04";"RUB";"-22002,04";"RUB";"";"Переводы";"";"Дмитрий В.";"0,00";"0,00";"-22002,04"
"19.05.2025 23:14:40";"20.05.2025";"";"OK";"-8429,00";"RUB";"-8429,00";"RUB";"";"Маркетплейсы";"5300";"Avito";"0,00";"0,00";"-8429,00"
"19.05.2025 23:14:30";"";"*3941";"FAILED";"-8429,00";"RUB";"-8429,00";"RUB";"";"Супермаркеты";"";"Покупка по QR";"0,00";"0,00";"-8429,00"
"19.05.2025 23:14:28";"";"*3941";"FAILED";"-8429,00";"RUB";"-8429,00";"RUB";"";"Супермаркеты";"";"Покупка по QR";"0,00";"0,00";"-8429,00"
"19.05.2025 23:14:27";"";"*3941";"FAILED";"-8429,00";"RUB";"-8429,00";"RUB";"";"Супермаркеты";"";"Покупка по QR";"0,00";"0,00";"-8429,00"
"19.05.2025 19:11:46";"19.05.2025";"*4531";"OK";"-3990,00";"RUB";"-3990,00";"RUB";"";"Переводы";"";"Мария М.";"0,00";"0,00";"-3990,00"
"19.05.2025 09:32:04";"19.05.2025";"";"OK";"3174,00";"RUB";"3174,00";"RUB";"";"Супермаркеты";"5300";"Пополнение от организации";"0,00";"0,00";"3174,00"
"19.05.2025 08:54:26";"19.05.2025";"";"OK";"-3174,00";"RUB";"-3174,00";"RUB";"";"Маркетплейсы";"5300";"Avito";"0,00";"0,00";"-3174,00"
"19.05.2025 08:54:10";"";"*3941";"FAILED";"-3174,00";"RUB";"-3174,00";"RUB";"";"Супермаркеты";"";"Покупка по QR";"0,00";"0,00";"-3174,00"
"19.05.2025 08:54:09";"";"*3941";"FAILED";"-3174,00";"RUB";"-3174,00";"RUB";"";"Супермаркеты";"";"Покупка по QR";"0,00";"0,00";"-3174,00"
"19.05.2025 08:49:49";"19.05.2025";"";"OK";"3484,00";"RUB";"3484,00";"RUB";"";"Супермаркеты";"5300";"Пополнение от организации";"0,00";"0,00";"3484,00"
"18.05.2025 20:02:13";"18.05.2025";"";"OK";"-3484,00";"RUB";"-3484,00";"RUB";"";"Маркетплейсы";"5300";"Avito";"0,00";"0,00";"-3484,00"
"18.05.2025 20:01:53";"";"*3941";"FAILED";"-3484,00";"RUB";"-3484,00";"RUB";"";"Супермаркеты";"";"Покупка по QR";"0,00";"0,00";"-3484,00"
"17.05.2025 11:45:52";"17.05.2025";"*4531";"OK";"-5683,00";"RUB";"-5683,00";"RUB";"";"Переводы";"";"Ольга С.";"0,00";"0,00";"-5683,00"
"13.05.2025 15:07:34";"13.05.2025";"*4531";"OK";"-495,96";"RUB";"-495,96";"RUB";"";"Супермаркеты";"5411";"Магнит";"0,00";"0,00";"-495,96"
"13.05.2025 11:50:31";"14.05.2025";"*4531";"OK";"-2400,00";"RUB";"-2400,00";"RUB";"";"Наличные";"6011";"Снятие в банкомате ВТБ";"0,00";"0,00";"-2400,00"
"13.05.2025 05:23:59";"13.05.2025";"*4531";"OK";"-120000,00";"RUB";"-120000,00";"RUB";"";"Переводы";"";"Перевод юридическому лицу";"0,00";"0,00";"-120000,00"
"13.05.2025 05:19:53";"13.05.2025";"";"OK";"93000,00";"RUB";"93000,00";"RUB";"";"Переводы";"";"Дмитрий В.";"0,00";"0,00";"93000,00"
"13.05.2025 05:18:51";"13.05.2025";"";"OK";"70000,00";"RUB";"70000,00";"RUB";"";"Переводы";"";"Дмитрий В.";"0,00";"0,00";"70000,00"
"03.05.2025 20:41:07";"03.05.2025";"*3941";"OK";"-225,00";"RUB";"-225,00";"RUB";"";"Фастфуд";"5814";"Дринкит";"0,00";"0,00";"-225,00"
"03.05.2025 13:00:39";"03.05.2025";"*3941";"OK";"-906,00";"RUB";"-906,00";"RUB";"";"Такси";"3990";"Яндекс Такси";"9,00";"0,00";"-906,00"
"03.05.2025 12:43:01";"03.05.2025";"*3941";"OK";"203,95";"RUB";"203,95";"RUB";"";"Переводы";"";"Между своими счетами";"0,00";"0,00";"203,95"
"03.05.2025 12:43:00";"03.05.2025";"*4531";"OK";"-203,95";"RUB";"-203,95";"RUB";"";"Переводы";"";"Между своими счетами";"0,00";"0,00";"-203,95"
"03.05.2025 09:09:52";"03.05.2025";"*3941";"OK";"-1100,00";"RUB";"-1100,00";"RUB";"";"Супермаркеты";"3990";"Яндекс Лавка";"11,00";"0,00";"-1100,00"
"03.05.2025 09:01:37";"03.05.2025";"*3941";"OK";"-918,00";"RUB";"-918,00";"RUB";"";"Такси";"3990";"Яндекс Такси";"9,00";"0,00";"-918,00"
"03.05.2025 08:59:02";"";"*4531";"FAILED";"-918,00";"RUB";"-918,00";"RUB";"";"Такси";"";"Покупка по QR";"0,00";"0,00";"-918,00"
"03.05.2025 06:11:36";"03.05.2025";"*3941";"OK";"-590,00";"RUB";"-590,00";"RUB";"";"Маркетплейсы";"5399";"Ozon.ru";"0,00";"0,00";"-590,00"
"02.05.2025 18:00:48";"02.05.2025";"*3941";"OK";"-1202,00";"RUB";"-1202,00";"RUB";"";"Фастфуд";"5814";"Яндекс Сервисы";"0,00";"0,00";"-1202,00"
"02.05.2025 14:00:30";"02.05.2025";"";"OK";"-1,00";"RUB";"-1,00";"RUB";"";"Фастфуд";"5814";"Дринкит";"0,00";"0,00";"-1,00"
"02.05.2025 13:52:44";"02.05.2025";"*3941";"OK";"-539,95";"RUB";"-539,95";"RUB";"";"Супермаркеты";"5411";"Магнит";"0,00";"0,00";"-539,95"
"01.05.2025 22:35:42";"";"";"OK";"15,00";"RUB";"15,00";"RUB";"";"Бонусы";"";"Зачисление кэшбэка";"0,00";"0,00";"15,00"
"01.05.2025 22:11:03";"02.05.2025";"*3941";"OK";"-1300,00";"RUB";"-1300,00";"RUB";"";"Переводы";"";"Алена Ч.";"0,00";"0,00";"-1300,00"
"01.05.2025 21:55:36";"01.05.2025";"*4531";"OK";"-1490,00";"RUB";"-1490,00";"RUB";"";"Переводы";"";"Андрей Д.";"0,00";"0,00";"-1490,00"
"01.05.2025 16:18:27";"01.05.2025";"*3941";"OK";"-1590,00";"RUB";"-1590,00";"RUB";"";"Сервис";"7372";"ИП Агарков Валерий Константинови";"0,00";"0,00";"-1590,00"
"01.05.2025 15:06:12";"01.05.2025";"";"OK";"-579,89";"RUB";"-579,89";"RUB";"";"Супермаркеты";"5411";"Магнолия";"0,00";"0,00";"-579,89"
"01.05.2025 15:00:24";"01.05.2025";"";"OK";"-1289,93";"RUB";"-1289,93";"RUB";"";"Супермаркеты";"5411";"Магнолия";"0,00";"0,00";"-1289,93"
"01.05.2025 12:17:34";"01.05.2025";"*4531";"OK";"-70,00";"RUB";"-70,00";"RUB";"";"Местный транспорт";"4111";"Московский транспорт";"0,00";"0,00";"-70,00"
"01.05.2025 02:17:45";"01.05.2025";"";"OK";"-399,00";"RUB";"-399,00";"RUB";"";"Цифровые товары";"5815";"Яндекс Сервисы";"0,00";"0,00";"-399,00"
